nhom_bds_lon,nhom_bds,loai_bds,quan_huyen,ten_duong,dia_chi,gia(ty),trieu/m2,dien_tich(m2),ngang (m),doc (m),huong,phap_ly,so_tang,so_phong_ngu,so_wc,tieu_de,nguon
Nhà,Biệt thự/Nhà liền kề,"Biệt thự, nhà liền kề",Thành phố Quy Nhơn,Cao Văn Lầu,Đường cao văn lầu,8.0,60.150375939849624,133.0,7.0,19.0,Đông,Đang cập nhật,3,6,4,Biệt thự mặt tiền Cao Văn Lầu – quy nhơn nam gần siêu thị go quy nhơn,https://alonhadat.com.vn/-biet-thu-mat-tien-cao-van-lau-quy-nhon-nam-gan-sieu-thi-go-quy-nhon--18452273.html
Nhà,Biệt thự/Nhà liền kề,"Biệt thự, nhà liền kề",Thành phố Quy Nhơn,Không rõ,Đường rộng thoáng....... << xem chi tiết >> 28m4 tầng4 phòng ngủ giá: 14,14.2,65.74074074074075,216.0,10.0,21.6,Tây,Đang cập nhật,4,4,4,Bán 2 căn biệt thự 4 tầng khu đại phú gia – đẳng cấp bậc nhất quy nhơn,https://alonhadat.com.vn/-ban-2-can-biet-thu-4-tang-khu-dai-phu-gia-dang-cap-bac-nhat-quy-nhon--18301395.html
Nhà,Căn hộ chung cư,Căn hộ chung cư,Thành phố Quy Nhơn,Lê Đức Thọ,Đường Lê Đức Thọ - để lại full nội thất - 3 phòng ngủ 2 toilet - tầng cao view thoáng - giá 2tỷ 900triệu * tiện ích nội khu....... << xem chi tiết >> 20m18 tầng3 phòng ngủchỗ để xe giá: 2,2.9,33.72093023255814,86.0,8.0,11.0,Tây,Đang cập nhật,18,3,2,Bán nhanh căn hộ 3pn phú tài residences giá tốt,https://alonhadat.com.vn/ban-nhanh-can-ho-3pn-phu-tai-residences-gia-tot-17227831.html
Đất,Đất nền/Đất ở,Đất thổ cư/đất ở,Huyện Phù Cát,Tỉnh lộ 639,Đường Tỉnh Lộ 639,2.3,11.979166666666666,192.0,8.0,25.0,Chưa xác định,Đang cập nhật,0,0,0,Bán lô góc tân thanh - cát hải,https://alonhadat.com.vn/ban-lo-goc-tan-thanh-cat-hai-16989697.html
Nhà,Căn hộ chung cư,Căn hộ chung cư,Thành phố Quy Nhơn,Nguyễn Tất Thành,Đường Nguyễn Tất Thành,2.3,35.38461538461539,65.0,0.0,0.0,Chưa xác định,Đang cập nhật,12,2,2,Kẹt vốn bán cắt lỗ căn hộ grand center quy nhơn 2pn - 65 m² giá 2xxx tỷ ..,https://alonhadat.com.vn/ket-von-ban-cat-lo-can-ho-grand-center-quy-nhon-2pn-65m2-gia-2xxx-ty--13076352.html
Đất,Đất nền/Đất ở,Đất nền/liền kề/đất dự án,Huyện Tuy Phước,Không rõ,Không rõ,1.7,17.894736842105264,95.0,5.0,18.9,Đông,Đang cập nhật,0,0,0,"Bán đất khu quy hoạch dân cư thôn quảng vân, xã phước thuận, huyện tuy phước, bình định.",https://alonhadat.com.vn/ban-dat-khu-quy-hoach-dan-cu-thon-quang-van-xa-phuoc-thuan-huyen-tuy-phuoc-binh-dinh--14213592.html
Đất,Đất nền/Đất ở,Đất thổ cư/đất ở,Huyện Phù Cát,Không rõ,Không rõ,1.78,14.833333333333334,120.0,6.0,20.0,Bắc,Đang cập nhật,0,0,0,"Bán đất khu phương thái, cát tiến, phù cát, bình định",https://alonhadat.com.vn/ban-dat-khu-phuong-thai-cat-tien-phu-cat-binh-dinh-13873634.html
Đất,Đất nền/Đất ở,Đất thổ cư/đất ở,Thị xã An Nhơn,Không rõ,Đường nhựa 1 chiều rộng 8 m mỗi bên,2.3,25.555555555555557,90.0,5.0,18.0,Chưa xác định,Đang cập nhật,0,0,0,Chính chủ bán đất khu hưng định mới – thị xã an nhơn,https://alonhadat.com.vn/-chinh-chu-ban-dat-khu-hung-dinh-moi-thi-xa-an-nhon--18638347.html
Đất,Đất nền/Đất ở,Đất thổ cư/đất ở,Thành phố Quy Nhơn,Huỳnh Tịch Của,Đường Huỳnh Tịch Của,4.0,42.10526315789474,95.0,5.0,19.0,Bắc,Sổ hồng,1,1,1,"Bán nhà cấp 4, số 75 đường Huỳnh Tịch Của, phường. quy nhơn đông–diện tích: 95 m² giá bán: 4tỷ",https://alonhadat.com.vn/ban-nha-duong-huynh-tich-cua-view-song-ha-thanh-dt-95m2-gia-ban-3ty890tr-18302155.html
Đất,Đất nền/Đất ở,Đất nền/liền kề/đất dự án,Huyện Tuy Phước,Không rõ,Không rõ,1.79,17.047619047619047,105.0,5.0,21.0,Đông,Đang cập nhật,0,0,0,"Bán đất diện tích 105 m² khu phố diêu trì,thị trấn diêu trì,tuy phước,bình định",https://alonhadat.com.vn/-ban-dat-dt-105m2-khu-pho-dieu-tri-thi-tran-dieu-tri-tuy-phuoc-binh-dinh-15760264.html
Nhà,Nhà riêng/Trong hẻm,Nhà trong hẻm,Thành phố Quy Nhơn,Hoàng Văn Thụ,Đường ôtô 20 m - Hoàng Văn Thụ - 67 m² - ngang 5,2.99,44.62686567164179,67.0,5.1,13.0,Chưa xác định,Đang cập nhật,5,2,1,"Bán nhà cách đường ôtô 20 m - Hoàng Văn Thụ - 67 m² - ngang 5,13 m - 1,5 tầng2 tỷ xxx",https://alonhadat.com.vn/-ban-nha-cach-duong-oto-20m-hoang-van-thu-67m2-ngang-5-13m-1-5-tang-2-ty-xxx-18284410.html
Đất,Đất nền/Đất ở,Đất nền/liền kề/đất dự án,Huyện Phù Cát,Không rõ,"Đường huyết mạnh kết nối sân bay hôm nay central avenue quy nhon ""lá bài tẩy"" của nhà đầu tư cuối năm 🔑 các điểm mạnh quan trọng nhất tác động đến thành công của việc đầu tư đều hội tụ đầy đủ tại central avenue quy nhon. 💎 vị trí tâm điểm: 👉 nằm trên...... << xem chi tiết >> 14 m giá: 2",2.2,22.0,100.0,5.0,20.0,Nam,Đang cập nhật,0,0,0,"Chính thức mở bán dự án central avenue cát tiến, tuyến đường huyết mạnh kết nối sân bay",https://alonhadat.com.vn/chinh-thuc-mo-ban-du-an-central-avenue-cat-tien-tuyen-duong-huyet-manh-ket-noi-san-bay-12239072.html
Nhà,Căn hộ chung cư,Căn hộ chung cư,Thành phố Quy Nhơn,Không rõ,Không rõ,1.7,27.419354838709676,62.0,0.0,0.0,Chưa xác định,Sổ hồng,19,2,2,"Sang nhượng lại căn hộ calla giá thấp hơn cđt 1,7 tỷ trả góp ( thấp hơn cđt 300tr)",https://alonhadat.com.vn/sang-nhuong-lai-can-ho-calla-gia-thap-hon-cdt-1-9x-ty-tra-gop-thap-hon-cdt-300tr--12266668.html
Nhà,Nhà mặt phố/Kinh doanh,Nhà mặt tiền,Thành phố Quy Nhơn,Nguyễn Tất Thành,Đường Nguyễn Tất Thành hôm nay 🏢 bán nhà 3 mê – 2 mặt tiền trước sau đường Nguyễn Tất Thành 📍 vị trí đắc địa thuộc phường quy nhơn,14.3,160.67415730337078,89.0,4.2,22.0,Chưa xác định,Đang cập nhật,3,4,3,Bán nhà 3 mê – 2 mặt tiền trước sau đường Nguyễn Tất Thành,https://alonhadat.com.vn/-ban-nha-3-me-2-mat-tien-truoc-sau-duong-nguyen-tat-thanh-18291809.html
Nhà,Căn hộ chung cư,Căn hộ chung cư,Thành phố Quy Nhơn,Không rõ,Không rõ,1.3,21.666666666666668,60.0,0.0,0.0,Chưa xác định,Đang cập nhật,29,2,2,"Calla apartment quy nhơn, ngay big c, bến xe qn - căn hộ sân vườn duy nhất tại thành phố biển qn",https://alonhadat.com.vn/calla-apartment-quy-nhon-can-ho-san-vuon-duy-nhat-tai-tp-bien-quy-nhon-chi-200-trieu-so-10765924.html
Nhà,Căn hộ chung cư,Căn hộ chung cư,Thành phố Quy Nhơn,Võ Nguyên Giáp,Đường Võ Nguyên Giáp,1.15,18.548387096774192,62.0,0.0,0.0,Chưa xác định,Đang cập nhật,9,2,2,"Bán căn hộ an phú thịnh grand tower 2pn - hướng đn. giá 1,230 tỷ (nh cho vay 900tr) - full",https://alonhadat.com.vn/ban-can-ho-an-phu-thinh-grand-tower-2pn-huong-dn-moi-100-gia-1-ty-nh-cho-vay-700tr--13407408.html
Nhà,Nhà riêng/Trong hẻm,Nhà trong hẻm,Thành phố Quy Nhơn,La Văn Tiến,Đường La Văn Tiến,2.5,47.16981132075472,53.0,3.6,15.0,Chưa xác định,Đang cập nhật,3,3,3,Bán nhà 3 mê mới khu gềnh ráng cách biển 200 m hẻm 3 m La Văn Tiến. 53 m² giá 2tỷ5,https://alonhadat.com.vn/ban-nha-3-me-moi-khu-genh-rang-cach-bien-200m-hem-3m-la-van-tien-53m2-gia-2ty550-18620961.html
Đất,Đất nền/Đất ở,Đất nền/liền kề/đất dự án,Thành phố Quy Nhơn,Không rõ,Không rõ,2.8,28.0,100.0,5.0,20.0,Nam,Đang cập nhật,0,0,0,"Bán đất diện tích 100 m² khu a2,khu đô thị mới Long Vân,phường Trần Quang Diệu, thành phố quy nhơn, b",https://alonhadat.com.vn/-ban-dat-dt-100m2-khu-a2-khu-do-thi-moi-long-van-phuong-tran-quang-dieu-tp-quy-nhon-b-18585661.html
Nhà,Nhà mặt phố/Kinh doanh,Nhà mặt tiền,Thành phố Quy Nhơn,Trần Quang Diệu,Đường Trần Quang Diệu 67 m² và 75 m² hôm nay bán nhà mặt tiền đường Trần Quang Diệu 👉 căn 1: nhà 1 mê kiên cố ( cũ theo thời gian) diện tích: 75 m² ngang 3,6.0,89.55223880597015,67.0,3.6,18.9,Đông,Đang cập nhật,2,2,3,Bán nhà mặt tiền đường Trần Quang Diệu 67 m² và 75 m²,https://alonhadat.com.vn/ban-nha-4-tang-mat-tien-duong-nguyen-xuan-on-gan-thi-sach-44m2-16941537.html
Nhà,Nhà riêng/Trong hẻm,Nhà trong hẻm,Thành phố Quy Nhơn,Nguyễn Thái Học,Đường Nguyễn Thái Học,1.76,48.888888888888886,36.0,4.0,12.0,Chưa xác định,Đang cập nhật,2,2,3,"Bán căn nhà hẻm cạn đường Nguyễn Thái Học, phường quy nhơn, tỉnh gia lai. giá chỉ 1,76 tỉ",https://alonhadat.com.vn/ban-can-nha-hem-can-duong-nguyen-thai-hoc-phuong-quy-nhon-tinh-gia-lai-gia-chi-1-76-ti-17627539.html
Đất,Đất nền/Đất ở,Đất nền/liền kề/đất dự án,Thành phố Quy Nhơn,Không rõ,Không rõ,1.3,16.25,80.0,4.0,20.0,Tây,Đang cập nhật,0,0,0,"Bán đất xã nhơn lý, thành phố quy nhơn, tỉnh bình định",https://alonhadat.com.vn/ban-dat-xa-nhon-ly-thanh-pho-quy-nhon-tinh-binh-dinh-14286892.html
Nhà,Nhà mặt phố/Kinh doanh,Nhà mặt tiền,Thành phố Quy Nhơn,Bạch Đằng,Đường Bạch Đằng vị trí gần chợ đầm gần Trần Hưng Đạo,4.2,100.0,42.0,6.0,7.0,Chưa xác định,Đang cập nhật,3,3,3,"Bán nhà 3 tầng mặt tiền Bạch Đằng. diện tích đất 42 m² ngang 4,2 m nở hậu giá 4tỷ 200 triệu",https://alonhadat.com.vn/ban-nha-3-tang-mat-tien-bach-dang-dien-tich-dat-42m2-ngang-4-2m-no-hau-gia-4ty-200-trieu-18287754.html
Nhà,Căn hộ chung cư,Căn hộ chung cư,Thành phố Quy Nhơn,Lê Đức Thọ,Đường Lê Đức Thọ,1.78,24.72222222222222,72.0,0.0,0.0,Chưa xác định,Đang cập nhật,1,2,2,"Bán lỗ sâu, căn hộ phú tài, 2pn giá cực tốt",https://alonhadat.com.vn/ban-lo-sau-can-ho-phu-tai-2pn-gia-cuc-tot-13741499.html
Nhà,Nhà riêng/Trong hẻm,Nhà trong hẻm,Thành phố Quy Nhơn,Ngô Đức Đệ,Đường Ngô Đức Đệ,3.65,82.95454545454545,44.0,4.0,11.0,Tây,Đang cập nhật,3,3,3,"Bán nhà 3,5 mê – hẻm 1 xẹt Ngô Đức Đệ – gần biển",https://alonhadat.com.vn/-ban-nha-3-5-me-hem-1-xet-ngo-duc-de-gan-bien--18434929.html
Nhà,Căn hộ chung cư,Căn hộ chung cư,Thành phố Quy Nhơn,Hoàng Văn Thụ,Đường Hoàng Văn Thụ,1.25,35.714285714285715,35.0,5.0,7.0,Tây,Đang cập nhật,25,2,2,"Chuyển nhượng căn hộ phú tài central life giá từ 1,25ty/căn",https://alonhadat.com.vn/chuyen-nhuong-can-ho-phu-tai-central-life-gia-tu-1-25ty-can-17973855.html
Đất,Đất nền/Đất ở,Đất thổ cư/đất ở,Thành phố Quy Nhơn,Không rõ,Đường rộng: 14 m,3.25,52.41935483870968,62.0,4.0,15.5,Tây,Đang cập nhật,0,0,0,"Bán đất khu cầu 2 hà thanh, diện tích: 62 m², 68 m² giá từ 3,25ty",https://alonhadat.com.vn/ban-dat-khu-cau-2-ha-thanh-dien-tich-62m2-68m2-gia-tu-3-25ty-18679644.html
Đất,Đất nền/Đất ở,Đất thổ cư/đất ở,Thành phố Quy Nhơn,Nguyễn Diêu,Đường Nguyễn Diêu,2.95,33.52272727272727,88.0,5.0,17.5,Chưa xác định,Đang cập nhật,0,0,0,"Bán lô đất mặt tiền đường Nguyễn Diêu, thành phố quy nhơn. diện tích 88 m²: 2,95tỉ",https://alonhadat.com.vn/ban-can-nha-phuong-nhon-binh-thanh-pho-quy-nhon-gia-cuc-tot--15078064.html
Nhà,Căn hộ chung cư,Căn hộ chung cư,Thành phố Quy Nhơn,Điện Biên Phủ,Đường Điện Biên Phủ - 1,0.94,20.88888888888889,45.0,0.0,0.0,Chưa xác định,Sổ hồng,15,5,2,"Bán căn hộ thương mại ecolife riverside đường Điện Biên Phủ - 1,5 phòng ngủ, 940tr- sổ lâu dài",https://alonhadat.com.vn/ban-can-ho-thuong-mai-ecolife-riverside-duong-dien-bien-phu-64-5m2-2-pn-2wc-12321357.html
Nhà,Căn hộ chung cư,Căn hộ chung cư,Thành phố Quy Nhơn,Chương Dương,Đường Chương Dương,1.5,32.608695652173914,46.0,0.0,0.0,Đông,HĐMB,31,2,2,Sang nhượng căn melody tầng cao -wiew biển giá lỗ gần 600 triệu so với giá hđmb,https://alonhadat.com.vn/sang-nhuong-can-melody-tang-cao-wiew-bien-gia-lo-gan-600-trieu-so-voi-gia-hdmb-16147666.html
Nhà,Căn hộ chung cư,Căn hộ chung cư,Thành phố Quy Nhơn,Hoàng Văn Thụ,Đường Hoàng Văn Thụ giao với Lý Thái Tổ - diện tích 70 m²,1.25,17.857142857142858,70.0,7.0,10.0,Tây,Đang cập nhật,20,2,2,Quỹ căn sang nhượng chung cư xuân thuỷ lock c mới,https://alonhadat.com.vn/quy-can-sang-nhuong-chung-cu-xuan-thuy-lock-c-moi-17300317.html
Nhà,Căn hộ chung cư,Căn hộ chung cư,Thành phố Quy Nhơn,Trần Hưng Đạo,Đường Trần Hưng Đạo,2.2,33.84615384615385,65.0,0.0,0.0,Chưa xác định,Sổ hồng,20,2,2,"Cần bán căn hộ quy nhơn chuyên cho thuê du lịch trên booking, agoda",https://alonhadat.com.vn/can-ban-can-ho-quy-nhon-chuyen-cho-thue-du-lich-tren-booking-agoda-18330598.html
Đất,Đất nền/Đất ở,Đất nền/liền kề/đất dự án,Thành phố Quy Nhơn,Không rõ,Không rõ,2.85,28.5,100.0,5.0,20.0,Nam,Đang cập nhật,0,0,0,"Cần bán gấp lô đất diện tích 100 m² khu đô thị mới Long Vân,phường Trần Quang Diệu, thành phố quy nhơn,",https://alonhadat.com.vn/-can-ban-gap-lo-dat-dt-100m2-khu-do-thi-moi-long-van-phuong-tran-quang-dieu-tp-quy-nhon--16906443.html
Nhà,Nhà riêng/Trong hẻm,Nhà trong hẻm,Thành phố Quy Nhơn,Tô Hiến Thành,Đường Tô Hiến Thành. . nhà 3 mê nguyên,5.2,59.770114942528735,87.0,4.0,22.0,Đông,Đang cập nhật,3,4,3,"Bán nhà 3 mê nội bộ oto Tô Hiến Thành có phòng ngủ dưới. 87 m² ngang 5 m giá 5,2tỷ",https://alonhadat.com.vn/ban-nha-3-me-noi-bo-oto-to-hien-thanh-co-phong-ngu-duoi-87m2-ngang-5m-gia-5-2ty-18188712.html
Nhà,Căn hộ chung cư,Căn hộ chung cư,Thành phố Quy Nhơn,Hoàng Văn Thụ,Đường Hoàng Văn Thụ – trung tâm thành phố. quy nhơn kết cấu căn hộ: – 2 phòng ngủ – 2 toilet – phòng khách + bếp – ban công view công viên thoáng mát tầng 8 – cao vừa đẹp,1.25,19.23076923076923,65.0,0.0,0.0,Chưa xác định,Đang cập nhật,8,2,2,"Sổ sẵn - chủ bán nhanh chung cư xuân thuỷ ( Hoàng Văn Thụ) giá 1,25 tỷ",https://alonhadat.com.vn/so-san-chu-ban-nhanh-chung-cu-xuan-thuy-hoang-van-thu-gia-1-15-ty-18242694.html
Nhà,Căn hộ chung cư,Căn hộ chung cư,Thành phố Quy Nhơn,Trần Hưng Đạo,Đường Trần Hưng Đạo,1.9,29.23076923076923,65.0,0.0,0.0,Tây,Sổ hồng,16,2,2,"Quỹ căn hộ altara residence siêu víp. giá 1,9 - 2,150 tỷ/căn 2pn, 2wc. tầng cao view biển",https://alonhadat.com.vn/cat-lo-can-ho-2-phong-ngu-view-bien-tang-cao-du-an-altara-residencen-quy-nhon-16332639.html
Nhà,Nhà mặt phố/Kinh doanh,Nhà mặt tiền,Thành phố Quy Nhơn,Nguyễn Tất Thành,Đường Nguyễn Tất Thành 49 m²,2.85,71.25,40.0,4.0,10.0,Chưa xác định,Đang cập nhật,3,2,3,"Bán nhà mặt tiền đường Nguyễn Tất Thành 49 m², 95 m² và 89 m²",https://alonhadat.com.vn/ban-2-can-nha-mat-tien-duong-nguyen-tat-thanh-dt-39m2-va-59m2-huong-tay-nam-8115468.html
Nhà,Căn hộ chung cư,Căn hộ chung cư,Thành phố Quy Nhơn,Không rõ,Không rõ,1.47,34.18604651162791,43.0,0.0,0.0,Chưa xác định,Đang cập nhật,15,1,2,"Bán căn hộ merryhome - marina district - merryland quy nhơn, 1,47 tỷ.. căn hộ view biển",https://alonhadat.com.vn/ban-can-ho-merryhome-marina-district-merryland-quy-nhon-1-27-ty-can-ho-view-bien-13183587.html
Đất,Đất nền/Đất ở,Đất thổ cư/đất ở,Huyện Phù Cát,Không rõ,Không rõ,2.6,17.333333333333332,150.0,6.5,20.0,Bắc,Đang cập nhật,0,0,0,"Bán đất khu phố phương phi, thị trấn cát tiến, diện tích 149,5 m²..",https://alonhadat.com.vn/ban-dat-khu-pho-phuong-phi-thi-tran-cat-tien-dien-tich-149-5m2--14450996.html
Nhà,Nhà riêng/Trong hẻm,Nhà trong hẻm,Thành phố Quy Nhơn,Nguyễn Thái Học,Đường Nguyễn Thái Học,2.68,58.26086956521739,46.0,4.5,13.0,Đông,Đang cập nhật,1,3,2,Nhà hẻm Nguyễn Thái Học tren 2ty phuong qui nhơn nam,https://alonhadat.com.vn/nha-hem-nguyen-thai-hoc-tren-2ty-phuong-qui-nhon-nam-18313448.html
Đất,Đất nền/Đất ở,Đất thổ cư/đất ở,Thành phố Quy Nhơn,Không rõ,Đường trục chính xuống biển. giá cực tốt. hôm nay bán lô đất biển nhơn hải - quy nhơn. thông tin chi tiết sang phiếu lô đất biển nhơn hải - quy nhơn - diện tích 67 m²,2.1,31.34328358208955,67.0,4.0,16.8,Chưa xác định,Đang cập nhật,0,0,0,Bán lô đất biển nhơn hải - quy nhơn. vị trí đường trục chính xuống biển. giá cực tốt.,https://alonhadat.com.vn/ban-lo-dat-bien-nhon-hai-quy-nhon-vi-tri-duong-truc-chinh-xuong-bien-gia-cuc-tot--18539823.html
Nhà,Biệt thự/Nhà liền kề,"Biệt thự, nhà liền kề",Thành phố Quy Nhơn,Số 5,Đường Số 5,15.0,75.0,200.0,9.8,20.0,Đông,Đang cập nhật,3,6,4,"Biệt thự sân vườn hiện đại,hồ cá koi khu biệt thự thành phố quy nhơn",https://alonhadat.com.vn/biet-thu-san-vuon-hien-dai-ho-ca-koi-khu-biet-thu-tp-quy-nhon-17780595.html
Nhà,Biệt thự/Nhà liền kề,"Biệt thự, nhà liền kề",Thành phố Quy Nhơn,Long Vân,Đường Long Vân - long mỹ rộng 42 m 24/05/2026 𝐑𝐚 𝐦𝐚̆́𝐭 𝐍𝐡𝐚̀ 𝐏𝐡𝐨̂́ 𝐭𝐡𝐮̛𝐨̛𝐧𝐠 𝐦𝐚̣𝐢 𝟒,4.6,46.0,100.0,5.0,20.0,Chưa xác định,Đang cập nhật,5,6,4,"Ra mắt nhà phố 4,5 tầng ngay thị trấn thành phố quy nhơn, mặt tiền đường Long Vân - long mỹ rộng 42 m",https://alonhadat.com.vn/ra-mat-nha-pho-4-5-tang-ngay-tt-tp-quy-nhon-mat-tien-duong-long-van-long-my-rong-42m-16600633.html
Đất,Đất nền/Đất ở,Đất thổ cư/đất ở,Thành phố Quy Nhơn,Không rõ,Không rõ,6.5,30.660377358490567,212.0,11.0,19.0,Chưa xác định,Đang cập nhật,0,0,0,Bán lô góc - đất biển nhơn lý - quy nhơn,https://alonhadat.com.vn/ban-lo-goc-dat-bien-nhon-ly-quy-nhon-18456408.html
Nhà,Nhà riêng/Trong hẻm,Nhà trong hẻm,Thành phố Quy Nhơn,Không rõ,Đường oto khu gara quyền – gần chung cư lamer & khu liên kề phú gia • vị trí: khu gara quyền,3.45,30.263157894736842,114.0,4.5,13.0,Đông,Đang cập nhật,1,2,3,"Bán nhà nội bộ oto khu Tây Sơn,qui nhơn",https://alonhadat.com.vn/ban-nha-noi-bo-oto-khu-tay-son-qui-nhon-18452378.html
Đất,Đất nền/Đất ở,Đất nền/liền kề/đất dự án,Huyện Tuy Phước,Không rõ,Không rõ,0.98,11.529411764705882,85.0,5.0,17.0,Bắc,Đang cập nhật,0,0,0,"Bán đất diện tích 85 m2 an cửu,phước hưng tuy phước bình định",https://alonhadat.com.vn/ban-dat-dt-95m2-an-cuu-phuoc-hung-tuy-phuoc-binh-dinh-12873037.html
Nhà,Căn hộ chung cư,Căn hộ chung cư,Thành phố Quy Nhơn,Đinh Bộ Lĩnh,Đường Đinh Bộ Lĩnh,0.9,16.666666666666668,54.0,0.0,0.0,Chưa xác định,Đang cập nhật,15,2,1,Bán & cho thuê căn hộ nam ngân (phường hải cảng) - 2pn - cho thuê 5tr/th- giá bán 900tr,https://alonhadat.com.vn/ban-cho-thue-can-ho-nam-ngan-phuong-hai-cang-2pn-cho-thue-5tr-th-gia-ban-900tr-13444541.html
Nhà,Nhà mặt phố/Kinh doanh,Nhà mặt tiền,Thành phố Quy Nhơn,Hoàng Văn Thụ,Đường Hoàng Văn Thụ 45 m²,4.55,101.11111111111111,45.0,4.5,10.0,Đông,Đang cập nhật,3,3,3,"Bán căn nhà mặt tiền đường Hoàng Văn Thụ 45 m², 115 m², 138 m² và 202 m²",https://alonhadat.com.vn/ban-nha-me-lo-ba-gac-can-duong-tay-son-66m2-huong-dong-nam-8130480.html
Đất,Đất nền/Đất ở,Đất thổ cư/đất ở,Thành phố Quy Nhơn,Không rõ,Không rõ,2.0,19.047619047619047,105.0,5.0,21.0,Đông,Sổ đỏ,0,0,0,"Bán đất biển nhơn lý eo gió kỳ co, lô đất diện tích 105 m² giá chỉ 2tỷ.",https://alonhadat.com.vn/ban-dat-bien-nhon-ly-eo-gio-ky-co-lo-dat-dt-105m2-gia-chi-2ty--18554791.html
Nhà,Biệt thự/Nhà liền kề,"Biệt thự, nhà liền kề",Thành phố Quy Nhơn,Đặng Thùy Trâm,Đường Đặng Thùy Trâm,13.0,64.35643564356435,202.0,8.5,24.0,Chưa xác định,Đang cập nhật,3,5,4,"Bán biệt thự Ghềnh Ráng gần Đặng Thùy Trâm, cách biển 500 m. diện tích 202 m² ngang 8.5 m giá 13 tỷ",https://alonhadat.com.vn/ban-biet-thu-ghenh-rang-gan-dang-thuy-tram-cach-bien-500m-dt-202m2-ngang-8-5m-gia-13-ty-18580635.html
Nhà,Nhà mặt phố/Kinh doanh,Nhà mặt tiền,Thành phố Quy Nhơn,Phan Thúc Trực,Đường Phan Thúc Trực,2.65,60.22727272727273,44.0,4.0,11.0,Chưa xác định,Sổ đỏ,3,3,3,"(rẻ) bán nhanh 2 lô liền kề chỉ 2ty xx, mặt tiền Phan Thúc Trực lộ giới 14 m quy nhơn",https://alonhadat.com.vn/-ngon-re-ban-nha-mat-tien-kinh-doanh-nguyen-thai-hoc-quy-nhon-149m-chi-14tyx-sam-uat-17994508.html
Nhà,Căn hộ chung cư,Căn hộ chung cư,Thành phố Quy Nhơn,Nguyễn Diêu,Đường Nguyễn Diêu,0.8,13.333333333333334,60.0,0.0,0.0,Chưa xác định,Sổ hồng,12,2,1,Cần bán căn hộ noxh eco home nhơn bình 2pn 800 triệu full nội thất,https://alonhadat.com.vn/can-ban-can-ho-noxh-eco-home-nhon-binh-2pn-800-trieu-full-noi-that-12267764.html
Nhà,Nhà riêng/Trong hẻm,Nhà trong hẻm,Thành phố Quy Nhơn,Trần Hưng Đạo,Đường Trần Hưng Đạo 20 m. tttp. quy nhơn. phường quy nhơn. - diện tích 50 m² ngang 7 m. - hẻm 3m5. hướng đông nam - hiện trạng nhà 1 mê kiêng cố đầy đủ công năng. - giá chỉ 3 tỷ 200.⭐️ alo:...... << xem chi tiết >> 4m1 tầng2 phòng ngủ giá: 3,3.2,64.0,50.0,4.5,13.0,Đông,Đang cập nhật,1,2,3,"Nhà hẻm Trần Hưng Đạo, phường qui nhơn",https://alonhadat.com.vn/nha-hem-tran-hung-dao-phuong-qui-nhon-17913980.html
Đất,Đất nền/Đất ở,Đất thổ cư/đất ở,Thành phố Quy Nhơn,Điện Biên Phủ,Đường Điện Biên Phủ,9.0,47.87234042553192,188.0,7.5,25.0,Chưa xác định,Đang cập nhật,0,0,0,"Bán đất mặt tiền đường Điện Biên Phủ, trục đường sầm uất bậc nhất. diện tích 188 m². giá tố",https://alonhadat.com.vn/ban-dat-mat-tien-duong-dien-bien-phu-truc-duong-sam-uat-bac-nhat-dien-tich-188m2-gia-to-17685550.html
Nhà,Căn hộ chung cư,Căn hộ chung cư,Thành phố Quy Nhơn,Lê Đức Thọ,Đường Lê Đức Thọ,2.0,22.988505747126435,87.0,0.0,0.0,Đông,Đang cập nhật,9,3,2,"Bán căn hộ phú tài residence - 3 phòng ngủ, tặng toàn bộ nội thất",https://alonhadat.com.vn/ban-can-ho-phu-tai-residence-3-phong-ngu-tang-toan-bo-noi-that-17377678.html
Nhà,Căn hộ chung cư,Căn hộ chung cư,Thành phố Quy Nhơn,An Dương Vương,Đường An Dương Vương,1.45,32.22222222222222,45.0,0.0,0.0,Chưa xác định,Đang cập nhật,8,1,1,"Chủ kẹt tiền bán nhanh căn flc sea tower view biển 1,45 tỷ,",https://alonhadat.com.vn/chu-ket-tien-ban-nhanh-can-flc-sea-tower-view-bien-1-4x-ty-so-lau-dai-12239343.html
Nhà,Nhà mặt phố/Kinh doanh,Nhà mặt tiền,Thành phố Quy Nhơn,Không rõ,Không rõ,3.8,95.0,40.0,4.0,10.0,Chưa xác định,Đang cập nhật,3,3,3,"Bán nhà 3 mê mặt tiền giá 3 tỷ 8x, phường quy nhơn hà thanh Đống Đa, diện tích:",https://alonhadat.com.vn/ban-nha-3-me-mat-tien-gia-3-ty-xxz-phuong-quy-nhon-ha-thanh-dong-da-dt--18086046.html
Đất,Đất nền/Đất ở,Đất thổ cư/đất ở,Thành phố Quy Nhơn,Tây Sơn,Đường Tây Sơn,2.37,28.55421686746988,83.0,5.0,18.0,Chưa xác định,Đang cập nhật,0,0,0,Bán đất khu dân cư núi mồ côi - nhơn phú,https://alonhadat.com.vn/ban-dat-khu-dan-cu-nui-mo-coi-nhon-phu-18452518.html
Nhà,Căn hộ chung cư,Căn hộ chung cư,Thành phố Quy Nhơn,Lê Đức Thọ,Đường Lê Đức Thọ,1.9,29.23076923076923,65.0,0.0,0.0,Chưa xác định,Sổ hồng,30,2,2,"Bán căn hộ phú tài residence (phú tài 1) 1,9 tỷ - 2pn - full nội thất cao cấp - view biển",https://alonhadat.com.vn/ban-can-ho-phu-tai-residence-ho-sinh-thai-1-8-ty-full-noi-that-cao-cap-12384251.html
Nhà,Biệt thự/Nhà liền kề,"Biệt thự, nhà liền kề",Huyện Phù Cát,Lê Hoàn,Đường Lê Hoàn,4.0,33.333333333333336,120.0,6.0,20.0,Chưa xác định,Đang cập nhật,3,5,4,Bai a retreat khu đô thị nghĩ dưỡng khoáng nóng tự nhiên 80 độ c tiên phong độc bản,https://alonhadat.com.vn/bai-a-retreat-khu-do-thi-nghi-duong-khoang-nong-tu-nhien-80-do-c-tien-phong-doc-ban-16946017.html
Nhà,Nhà riêng/Trong hẻm,Nhà trong hẻm,Thành phố Quy Nhơn,Lê Hồng Phong,Đường Lê Hồng Phong,3.69,82.0,45.0,4.5,13.0,Chưa xác định,Đang cập nhật,3,3,3,"Bán nhà 3 mê Lê Hồng Phong quy nhơn, 3ty xxz +diện tích: 45m², ngang 7 m, hẻm cạn rộng 4,5 m",https://alonhadat.com.vn/ban-nha-3-me-siu-dep-mat-tien-ha-thanh-dong-da-phuong-quy-nhon-54-3m-gan-dong-gia-vien-18200396.html
Nhà,Biệt thự/Nhà liền kề,"Biệt thự, nhà liền kề",Thành phố Quy Nhơn,Số 1,Đường Số 1,5.35,66.875,80.0,5.0,16.0,Tây,Sổ hồng,3,4,4,Bán nhà 3 mê view sông đại phú gia – quy nhơn đông,https://alonhadat.com.vn/-ban-nha-3-me-view-song-dai-phu-gia-quy-nhon-dong-18407791.html
Nhà,Căn hộ chung cư,Căn hộ chung cư,Thành phố Quy Nhơn,Nguyễn Thái Học,Đường Nguyễn Thái Học,1.55,25.833333333333332,60.0,0.0,0.0,Chưa xác định,Sổ hồng,10,2,1,"Bán căn hộ chung cư thịnh phát 1.55 tỷ, tầng 10, view biển . 60 m²- sổ hồng lâu dài",https://alonhadat.com.vn/ban-can-ho-chung-cu-thinh-phat-1-35-ty-tang-10-view-bien-60m2-so-hong-lau-dai-15020522.html
Nhà,Căn hộ chung cư,Căn hộ chung cư,Thành phố Quy Nhơn,Lý Thái Tổ,Đường Lý Thái Tổ,1.25,35.714285714285715,35.0,0.0,0.0,Tây,Đang cập nhật,3,1,2,Chuyển nhượng căn hộ phú tài central life,https://alonhadat.com.vn/chuyen-nhuong-can-ho-phu-tai-central-life-17922928.html
Nhà,Nhà mặt phố/Kinh doanh,Nhà mặt tiền,Thành phố Quy Nhơn,Không rõ,Không rõ,3.95,91.86046511627907,43.0,4.5,10.0,Đông,Đang cập nhật,3,3,3,"Bán nhà 3 tầng mặt tiền hà thanh 2 quy nhơn, 42,75 m², giá 3 tỷ 9xz +diện tích: 42,75 m², ngang 4",https://alonhadat.com.vn/ban-nha-3-tang-mat-tien-ha-thanh-2-quy-nhon-42-75m2-gia-3-ty-9xz-dt-42-75m2-ngang-4-18709360.html
Đất,Đất nền/Đất ở,Đất thổ cư/đất ở,Huyện Phù Cát,Không rõ,Không rõ,1.95,21.666666666666668,90.0,5.0,18.0,Đông,Đang cập nhật,4,5,0,"Bán đất thị trấn cát tiến, huyện phù cát, tỉnh bình định.",https://alonhadat.com.vn/ban-dat-thi-tran-cat-tien-huyen-phu-cat-tinh-binh-dinh--14937363.html
Nhà,Nhà mặt phố/Kinh doanh,Nhà mặt tiền,Thành phố Quy Nhơn,Võ Mười,Đường Võ Mười 114 m² hôm nay 🌺bán nhà 4 mê mặt tiền đường Võ Mười-thành phố quy nhơn 🌺vị trí trung tâm thành phố,12.5,109.64912280701755,114.0,6.0,19.0,Tây,Đang cập nhật,5,5,3,Bán nhà 5 tầng mặt tiền đường Võ Mười 114 m²,https://alonhadat.com.vn/ban-dat-3-mat-tien-duong-nguyen-hoang-view-song-ha-thanh-177m2-11574017.html
Đất,Đất nền/Đất ở,Đất nền/liền kề/đất dự án,Thành phố Quy Nhơn,DS8,Đường DS8,1.68,16.8,100.0,5.0,20.0,Chưa xác định,Đang cập nhật,0,0,0,"Chính chủ bán đất đường DS8, phường. Trần Quang Diệu. quy nhơn, bình định.giá 1 tỷ 680tr",https://alonhadat.com.vn/chinh-chu-ban-dat-duong-ds8-p-tran-quang-dieu-quy-nhon-binh-dinh-gia-1-ty-680tr-18573869.html
Nhà,Nhà mặt phố/Kinh doanh,Nhà mặt tiền,Thành phố Quy Nhơn,Nguyễn Huy Tưởng,Đường Nguyễn Huy Tưởng,8.9,111.25,80.0,5.0,16.0,Bắc,Đang cập nhật,3,4,3,Bán nhà 3 tầng mặt tiền Nguyễn Huy Tưởng – trung tâm thành phố,https://alonhadat.com.vn/-ban-nha-mat-tien-le-duan-trung-tam-tp-quy-nhon-18265665.html
Đất,Đất nền/Đất ở,Đất nền/liền kề/đất dự án,Thị xã An Nhơn,Lê Hồng Phong,Đường huyết mạch của thị xã ( q...... << xem chi tiết >> 14 m giá: 2 tỷ diện tích: 100 m² kt: 5x20mhướng: tây nam đường Lê Hồng Phong,2.0,20.0,100.0,5.0,20.0,Tây,Đang cập nhật,0,0,0,Mở bán siêu dự án trung tâm thị xã an nhơn !,https://alonhadat.com.vn/mo-ban-sieu-du-an-trung-tam-thi-xa-an-nhon--10842779.html
Nhà,Biệt thự/Nhà liền kề,"Biệt thự, nhà liền kề",Thành phố Quy Nhơn,Không rõ,Không rõ,1.79,22.375,80.0,5.0,16.0,Đông,Đang cập nhật,4,4,4,Đất ven sông hà thanh - chỉ cần chuẩn bị trước 1/3 giá trị đất - htls 0%,https://alonhadat.com.vn/dat-ven-song-ha-thanh-chi-can-chuan-bi-truoc-1-3-gia-tri-dat-htls-0--18497781.html
Nhà,Căn hộ chung cư,Căn hộ chung cư,Thành phố Quy Nhơn,Điện Biên Phủ,Đường Điện Biên Phủ,1.5,23.4375,64.0,6.0,10.0,Đông,Đang cập nhật,28,2,2,Bán nhanh căn ecolife 2pn full nội thất,https://alonhadat.com.vn/ban-nhanh-can-ecolife-quy-nhon-gia-re-14864786.html
Đất,Đất nền/Đất ở,Đất thổ cư/đất ở,Thành phố Quy Nhơn,Lê Văn Thủ,Đường Lê Văn Thủ - phường nhơn bình - quy nhơn - diện tích 90 m2,2.65,29.444444444444443,90.0,5.0,18.0,Chưa xác định,Đang cập nhật,0,0,0,Bán lô đất mặt tiền - Lê Văn Thủ - nhơn bình,https://alonhadat.com.vn/ban-lo-dat-mat-tien-le-van-thu-nhon-binh-18472920.html
Nhà,Nhà mặt phố/Kinh doanh,Nhà mặt tiền,Thành phố Quy Nhơn,Biên Cương,Đường Biên Cương – phường quy nhơn nam hôm nay 🏡 bán nhà mặt tiền đường Biên Cương – phường quy nhơn nam ✨ thông tin chi tiết: • 📍 vị trí: trung tâm,19.5,100.0,195.0,6.0,32.4,Đông,Đang cập nhật,3,2,3,Bán nhà mặt tiền đường Biên Cương – phường quy nhơn nam,https://alonhadat.com.vn/can-ban-lo-dat-biet-thu-duong-luu-huu-phuoc-doi-dien-cc-phu-tai-reverside-dt-400m2-8943447.html
Nhà,Nhà riêng/Trong hẻm,Nhà trong hẻm,Thành phố Quy Nhơn,Tô Hiến Thành,Đường Tô Hiến Thành,5.2,59.09090909090909,88.0,4.5,13.0,Chưa xác định,Đang cập nhật,2,4,3,Chủ nhà chuyển ra mặt tiền nên cần bán lại. nhà hẻm ô tô Tô Hiến Thành – diện tích 88m² – giá,https://alonhadat.com.vn/-chu-nha-chuyen-ra-mat-tien-nen-can-ban-lai-nha-hem-o-to-to-hien-thanh-dt-88m-gia-18283062.html
Nhà,Nhà riêng/Trong hẻm,Nhà trong hẻm,Thành phố Quy Nhơn,Nguyễn Thái Học,Đường Nguyễn Thái Học,3.65,81.11111111111111,45.0,5.0,9.0,Chưa xác định,Đang cập nhật,3,3,3,Nhà 3 tầng hẻm cạn Nguyễn Thái Học -gần biển gần siêu thị go - 45 m² - 3 tỷ xxx triệu,https://alonhadat.com.vn/-nha-3-tang-hem-can-nguyen-thai-hoc-gan-bien-gan-sieu-thi-go-45m2-3-ty-xxx-trieu-18418190.html
Đất,Đất nền/Đất ở,Đất nền/liền kề/đất dự án,Thị xã An Nhơn,Không rõ,Không rõ,1.88,18.8,100.0,5.0,20.0,Tây,Đang cập nhật,0,0,0,"Bán đất diện tích 100 m² khu dân cư vĩnh liêm,phường bình định, tx an nhơn,bình định",https://alonhadat.com.vn/-ban-dat-dt-100m2-khu-dan-cu-vinh-liem-p-binh-dinh-tx-an-nhon-binh-dinh-17073787.html
Nhà,Nhà riêng/Trong hẻm,Nhà trong hẻm,Thành phố Quy Nhơn,Trần Phú,Đường Nội Bộ Trần Phú,5.5,68.75,80.0,4.0,22.0,Tây,Đang cập nhật,2,4,3,"Bán 2 căn nhà đường Nội Bộ Trần Phú, khu trung tâm - diện tích 80 m² và 90 m²",https://alonhadat.com.vn/-ban-nha-3-me-duong-noi-bo-tran-phu-doi-dien-truong-quoc-hoc-18311473.html
Nhà,Nhà mặt phố/Kinh doanh,Nhà mặt tiền,Thành phố Quy Nhơn,Đào Doãn Địch,Đường Đào Doãn Địch,10.5,116.66666666666667,90.0,6.0,18.0,Chưa xác định,Đang cập nhật,1,3,3,Bán nhà góc 2 mặt tiền Nguyễn Trung Trực – trung tâm quy nhơn,https://alonhadat.com.vn/-ban-nha-goc-2-mat-tien-nguyen-trung-truc-trung-tam-quy-nhon-18262496.html
Nhà,Biệt thự/Nhà liền kề,"Biệt thự, nhà liền kề",Thành phố Quy Nhơn,Số 1,Đường Số 1 ✨ nhà mới đẹp,7.3,73.0,100.0,5.0,20.0,Chưa xác định,Sổ đỏ,3,5,4,Bán nhà 3 tầng – khu đại phú gia - #c301,https://alonhadat.com.vn/ban-nha-3-tang-khu-dai-phu-gia-c301-17833539.html
Đất,Đất nền/Đất ở,Đất nền/liền kề/đất dự án,Thành phố Quy Nhơn,Nguyễn Diêu,Đường Nguyễn Diêu hôm nay 👉👉 lô 1: bán lô đất mặt tiền đường Nguyễn Diêu diện tích: 85 m² ngang 5 m tấy bắc giá bán: 2 tỷ 9 👉👉 lô 2: bán 2 lô liền kề mặt tiền Nguyễn Diêu – chợ dinh vị trí: đối diện mạnh hùng 📐 diện tích: 87,2.9,33.142857142857146,87.5,5.0,17.0,Tây,Đang cập nhật,0,0,0,Bán đất mặt tiền đường Nguyễn Diêu,https://alonhadat.com.vn/ban-lo-dat-goc-2-mat-tien-duong-nguyen-dieu-177m2-16815301.html
Đất,Đất nền/Đất ở,Đất nền/liền kề/đất dự án,Thị xã An Nhơn,Không rõ,Không rõ,1.6,14.814814814814815,108.0,6.0,18.0,Đông,Sổ hồng,0,0,0,Dự án đất nền mặt tiền Quốc Lộ 1A - trung tâm phường đập đá — thị xã an nhơn !,https://alonhadat.com.vn/ban-dat-phuong-dap-da-thi-xa-an-nhon--9278176.html
Nhà,Nhà mặt phố/Kinh doanh,Nhà mặt tiền,Thành phố Quy Nhơn,Huỳnh Thúc Kháng,Đường Huỳnh Thúc Kháng,6.0,75.0,80.0,4.0,20.0,Chưa xác định,Đang cập nhật,1,2,3,"Bán căn nhà cấp 4, mặt tiền đường Huỳnh Thúc Kháng, phường thị nại, quy nhơn. giá rẻ",https://alonhadat.com.vn/ban-can-nha-cap-4-mat-tien-duong-huynh-thuc-khang-phuong-thi-nai-quy-nhon-gia-re-18282402.html
Đất,Đất nền/Đất ở,Đất thổ cư/đất ở,Thành phố Quy Nhơn,Hoàng Minh Giám,Đường Hoàng Minh Giám. trục đường vip nhất khu đô thị b3 apt hôm nay cần bán lô đất góc 2 mặt tiền đường Hoàng Minh Giám,5.5,47.41379310344828,116.0,6.0,20.0,Chưa xác định,Đang cập nhật,0,0,0,Mở bán lô đất góc 2 mặt tiền đường Hoàng Minh Giám. trục đường vip nhất khu đô thị b3 apt,https://alonhadat.com.vn/mo-ban-lo-dat-goc-2-mat-tien-duong-hoang-minh-giam-truc-duong-vip-nhat-khu-do-thi-b3-apt-16215140.html
Nhà,Biệt thự/Nhà liền kề,"Biệt thự, nhà liền kề",Thành phố Quy Nhơn,Không rõ,Không rõ,13.0,52.0,250.0,7.0,20.0,Chưa xác định,Đang cập nhật,4,5,4,Bán nhiều lô đất khu biệt thự đại phú gia - 225 m². đơn giá 45 -50tr/m2 tùy vị trí - sổ sẵn,https://alonhadat.com.vn/ban-can-ho-altara-quy-nhon-2pn-2-ty-can-goc-70m2-so-hong-lau-dai-ho-tro-vay-70--15474849.html
Nhà,Nhà mặt phố/Kinh doanh,Nhà mặt tiền,Thành phố Quy Nhơn,Không rõ,Không rõ,3.8,92.6829268292683,41.0,5.0,18.0,Chưa xác định,Đang cập nhật,3,3,3,"(ngon rẻ) bán nhà 3 mê mặt tiền phường quy nhơn, 41 m² ngang4,7 m, giá chỉ 3ty xxz, hà thanh",https://alonhadat.com.vn/ban-nha-2-tang-moi-hem-rong-nguyen-thai-hoc-quy-nhon-57m2-gia-chi-3-ty-xxz-gan-bien--18203588.html
Nhà,Nhà riêng/Trong hẻm,Nhà trong hẻm,Thành phố Quy Nhơn,Hai Bà Trưng,Đường Hai Bà Trưng,6.0,136.36363636363637,44.0,4.0,11.0,Đông,Đang cập nhật,3,3,3,Bán nhà 3 tầng 1 lững hẻm nội bộ 5 m đg Hai Bà Trưng diện tích 44 m² giá 6ty,https://alonhadat.com.vn/ban-nha-3-tang-1-lung-hem-noi-bo-5m-dg-hai-ba-trung-dt-44m2-gia-6ty-18223059.html
Nhà,Nhà mặt phố/Kinh doanh,Nhà mặt tiền,Thành phố Quy Nhơn,Đô Đốc Bảo,Đường Đô Đốc Bảo 111 m²,15.0,135.13513513513513,111.0,4.0,28.0,Tây,Đang cập nhật,4,4,3,"Bán nhà mặt tiền đường Đô Đốc Bảo 111 m², 82 m² và 177 m²",https://alonhadat.com.vn/ban-nha-mat-tien-duong-tran-hung-dao-177m2-va-190m2-12977576.html
Đất,Đất nền/Đất ở,Đất thổ cư/đất ở,Thành phố Quy Nhơn,Không rõ,Không rõ,4.6,25.555555555555557,180.0,12.0,16.0,Chưa xác định,Đang cập nhật,0,0,0,Bán 2 lô liền kề - đất biển nhơn lý quy nhơn,https://alonhadat.com.vn/ban-2-lo-lien-ke-dat-bien-nhon-ly-quy-nhon-18490003.html
Nhà,Nhà riêng/Trong hẻm,Nhà trong hẻm,Thành phố Quy Nhơn,Trần Văn Ơn,Đường Trần Văn Ơn 111 m² và góc 2 mặt tiền 120 m² hôm nay 👉👉 bán nhà đường nội bộ 7 m Trần Văn Ơn diện tích:ngang 4.2,8.6,77.47747747747748,111.0,4.2,26.5,Đông,Đang cập nhật,3,5,3,Bán nhà nội bộ ô tô đường Trần Văn Ơn 111 m² và góc 2 mặt tiền 120 m²,https://alonhadat.com.vn/ban-dat-goc-2-mat-tien-duong-nguyen-van-hien-gan-duong-chuong-duong-ke-ben-khach-san-anya-8599191.html
Đất,Đất nền/Đất ở,Đất thổ cư/đất ở,Huyện Phù Cát,Hoàng Sa,Đường Hoàng Sa,4.4,27.5,160.0,8.0,20.0,Đông,Đang cập nhật,0,0,0,"Bán đất mặt tiền đường Hoàng Sa, thị trấn cát tiến. huyện phù cát, tỉnh bình định.",https://alonhadat.com.vn/ban-dat-mat-tien-duong-hoang-sa-thi-tran-cat-tien-huyen-phu-cat-tinh-binh-dinh--14836337.html
Nhà,Nhà mặt phố/Kinh doanh,Nhà mặt tiền,Thành phố Quy Nhơn,Không rõ,Không rõ,3.75,60.483870967741936,62.0,4.0,13.0,Chưa xác định,Đang cập nhật,2,2,3,"Chính chủ bán nhà mặt tiền phường quy nhơn 62m² chỉ 3ty xyz, lộ giới 14 m view công viên",https://alonhadat.com.vn/ban-dat-mat-tien-gan-bien-quy-nhon-50m-ngang-dep-5m-lo-gioi-12m-oto-thong-thoag-nhin-3ty-18258453.html
Nhà,Căn hộ chung cư,Căn hộ chung cư,Thành phố Quy Nhơn,Điện Biên Phủ,Đường Điện Biên Phủ kết cấu: -- 1,0.94,22.926829268292682,41.0,0.0,0.0,Chưa xác định,Sổ hồng,16,5,1,Cần bán căn hộ thương mại eco life 940tr - sổ lâu dài .. hỗ trợ vay 70%,https://alonhadat.com.vn/can-ban-can-ho-thuong-mai-eco-life-1-2-ty-60m2-so-lau-dai-12259744.html
Nhà,Nhà mặt phố/Kinh doanh,Nhà mặt tiền,Thành phố Quy Nhơn,Nguyễn Lữ,Đường Nguyễn Lữ 37 m²,9.3,109.41176470588235,85.0,4.9,17.3,Tây,Đang cập nhật,4,1,3,"Bán nhà mặt tiền đường Nguyễn Lữ 37 m², 85 m²,114 m² và 182 m²",https://alonhadat.com.vn/ban-nha-mat-tien-duong-nguyen-thi-50m2-14008024.html
Nhà,Nhà riêng/Trong hẻm,Nhà trong hẻm,Thành phố Quy Nhơn,Hai Bà Trưng,Đường Hai Bà Trưng,5.599,127.25,44.0,4.0,11.0,Đông,Đang cập nhật,3,3,3,Bán nhà 3 tầng hẻm nội bộ ô tô Hai Bà Trưng 44 m²,https://alonhadat.com.vn/ban-lo-dat-goc-2-mat-tien-xa-nhon-hai-90m2-16928747.html
Nhà,Nhà mặt phố/Kinh doanh,Nhà mặt tiền,Thành phố Quy Nhơn,Hoa Lư,Đường Phạm Cự Lượng 46 m² hôm nay bán nhà 3 tầng mặt tiền đường Phạm Cự Lượng gần chợ Hoa Lư nhà xây hiện đại,3.579,77.80434782608695,46.0,3.0,14.0,Đông,Đang cập nhật,3,3,3,Bán nhà mặt tiền đường Phạm Cự Lượng 46 m²,https://alonhadat.com.vn/ban-lo-dat-mat-tien-duong-hoang-van-thai-75m2-ngang-5m-huong-dong-nam-8825979.html
Nhà,Căn hộ chung cư,Căn hộ chung cư,Thành phố Quy Nhơn,Điện Biên Phủ,Đường Điện Biên Phủ,1.4,21.53846153846154,65.0,0.0,0.0,Chưa xác định,Sổ hồng,20,2,2,"Mở bán những căn hộ cuối cùng của một trong những dự án đẹp ở quy nhơn - 2pn-2w chỉ 1,4 tỷ",https://alonhadat.com.vn/mo-ban-nhung-can-ho-cuoi-cung-cua-mot-trong-nhung-du-an-dep-o-quy-nhon-2pn-2w-chi-1-4-ty-18354284.html
Nhà,Biệt thự/Nhà liền kề,"Biệt thự, nhà liền kề",Huyện Tuy Phước,Quốc lộ 19,Đường QL19,3.0,37.5,80.0,7.0,20.0,Chưa xác định,Đang cập nhật,2,5,4,"Nhà phố khu đô thị bắc hà thanh riverside, mặt tiền đường QL19, giáp sông",https://alonhadat.com.vn/nha-pho-khu-do-thi-bac-ha-thanh-riverside-mat-tien-duong-ql19-giap-song-15693630.html
Nhà,Nhà mặt phố/Kinh doanh,Nhà mặt tiền,Thành phố Quy Nhơn,Trần Anh Tông,Đường Trần Anh Tông - diện tích 108 m² ngang 7 m - giá 13tỷ hôm nay 🔥 nhà 3 mê mặt tiền Trần Anh Tông – ngang 7 m hiếm 🔥 📍 vị trí: đường Trần Anh Tông – khu trung tâm,13.0,120.37037037037037,108.0,7.0,19.2,Tây,Đang cập nhật,3,5,3,Bán nhà 3 mê mặt tiền đường Trần Anh Tông - diện tích 108 m² ngang 7 m - giá 13tỷ,https://alonhadat.com.vn/-ban-lo-dat-2-mat-tien-truoc-sau-duong-che-lan-vien-18291542.html
Đất,Đất nền/Đất ở,Đất nền/liền kề/đất dự án,Thành phố Quy Nhơn,Không rõ,Đường rộng 14 m – ô tô lưu thông thoải mái ➡️ thích hợp xây ở,3.25,40.625,80.0,4.0,20.0,Tây,Đang cập nhật,0,0,0,Bán 3 lô mặt tiền huỳnh tịnh của – khu cầu lê thanh nghị,https://alonhadat.com.vn/-ban-3-lo-mat-tien-huynh-tinh-cua-khu-cau-le-thanh-nghi--18498168.html
Nhà,Biệt thự/Nhà liền kề,"Biệt thự, nhà liền kề",Thành phố Quy Nhơn,Phạm Hổ,Đường 14 m ô tô đâu thoải mái có công viên sổ hồng đầy đủ giá bán 7 tỷ li...... << xem chi tiết >> 14m4 tầng5 phòng ngủ giá: 7 tỷ diện tích: 85 m² đường Phạm Hổ,7.0,82.3529411764706,85.0,7.0,20.0,Chưa xác định,Sổ hồng,4,5,4,"Bán nhà khu đô thị an phước, quy nhơn. cách biển 1km",https://alonhadat.com.vn/ban-nha-khu-do-thi-an-phuoc-quy-nhon-cach-bien-1km-16857311.html
Đất,Đất nền/Đất ở,Đất nền/liền kề/đất dự án,Thành phố Quy Nhơn,Yongsan,Đường Yongsan ngay vòng xoay diện tích: 109 m² ngang 5 m giá: 4,4.1,37.61467889908257,109.0,5.0,21.8,Chưa xác định,Đang cập nhật,0,0,0,Bán đất b1 và b3 khu đô thị mới an phú thịnh đối diện chung cư cũng như đại học fpt,https://alonhadat.com.vn/ban-dat-khu-b3-do-thi-moi-an-phu-thinh-dien-tich-120m2-8077776.html
Nhà,Nhà mặt phố/Kinh doanh,Nhà mặt tiền,Thành phố Quy Nhơn,Phan Đình Phùng,Đường Phan Đình Phùng,8.6,107.5,80.0,4.0,20.0,Đông,Đang cập nhật,3,1,3,"Bán 3 căn nhà mặt tiền đường Phan Đình Phùng, view hồ Đống Đa - diện tích 80 m², 96 m², 100 m²",https://alonhadat.com.vn/-ban-nha-cap-4-mat-tien-phan-dinh-phung-view-truc-dien-ho-sinh-thai-dong-da-18295014.html
Nhà,Nhà mặt phố/Kinh doanh,Nhà mặt tiền,Thành phố Quy Nhơn,Trần Hưng Đạo,Đường Trần Hưng Đạo phường hải cảng hôm nay 👉👉 căn 1: bán nhà gần biển 22 Trần Hưng Đạo quy nhơn.diện tích thực 33 m2,5.3,85.48387096774194,62.0,3.6,17.2,Tây,Đang cập nhật,1,3,3,Bán nhà mặt tiền đường Trần Hưng Đạo phường hải cảng,https://alonhadat.com.vn/ban-nha-2-me-ruoi-khu-cau-2-ha-thanh-gan-cau-huynh-tan-phat-56m2-8349905.html
Đất,Đất nền/Đất ở,Đất thổ cư/đất ở,Huyện Phù Cát,Không rõ,Không rõ,4.4,20.0,220.0,10.0,22.0,Bắc,Đang cập nhật,0,0,0,"Bán đất thôn vĩnh hội, xã cát hải, huyện phù cát, tỉnh bình định",https://alonhadat.com.vn/ban-dat-thon-vinh-hoi-xa-cat-hai-huyen-phu-cat-tinh-binh-dinh-15073521.html
Đất,Đất nền/Đất ở,Đất nền/liền kề/đất dự án,Thị xã An Nhơn,Chợ Mới An Nhơn,Đường Chợ Mới An Nhơn ra sân bay phù cát,1.2,12.0,100.0,5.0,20.0,Tây,Đang cập nhật,0,0,0,"Bán đất diện tích 100 m² khu c ngãi chánh 4,nhơn hậu,tx an nhơn, bình định",https://alonhadat.com.vn/-ban-dat-dt-100m2-khu-c-ngai-chanh-4-nhon-hau-tx-an-nhon-binh-dinh-18085855.html
Nhà,Căn hộ chung cư,Căn hộ chung cư,Thành phố Quy Nhơn,Trần Hưng Đạo,Đường Trần Hưng Đạo,1.75,29.166666666666668,60.0,4.0,15.0,Tây,Đang cập nhật,7,2,2,"Bán căn hộ chung cư altara quy nhơn, loại 2 phòng ngủ. giá 1,75 tỉ",https://alonhadat.com.vn/ban-can-ho-chung-cu-altara-quy-nhon-loai-2-phong-ngu-gia-1-8-ti-13786750.html
Nhà,Căn hộ chung cư,Căn hộ chung cư,Thành phố Quy Nhơn,Nguyễn Huệ,Đường Nguyễn Huệ,1.8,40.0,45.0,0.0,0.0,Chưa xác định,Đang cập nhật,5,1,2,"Bán căn hộ tms trực diện biển. 1,8 tỷ full nội thất- view biển",https://alonhadat.com.vn/ban-can-ho-tms-truc-dien-bien-2ty-full-noi-that-12729799.html
Nhà,Nhà riêng/Trong hẻm,Nhà trong hẻm,Thành phố Quy Nhơn,Trần Phú,Đường Nội Bộ Trần Hưng Đạo – phường. thị nại 🏡 📍 vị trí đẹp gần cây xăng Trần Hưng Đạo 👉 khu trung tâm,3.25,59.09090909090909,55.0,4.0,13.0,Đông,Đang cập nhật,1,2,3,"Bán nhà 1 mê hẻm nội bộ 438/ Trần Hưng Đạo, hẻm rộng 3 m - diện tích 55 m² ngang 4 m - giá 3,25tỷ",https://alonhadat.com.vn/-ban-lo-goc-126m-lo-17-duong-phan-thuc-truc-p-nhon-binh-18243735.html
Nhà,Nhà mặt phố/Kinh doanh,Nhà mặt tiền,Thành phố Quy Nhơn,Nguyễn Văn Trỗi,Đường Nguyễn Văn Trỗi - diện tích 114 m² - dtsd 400 m² hôm nay 🔥 homestay 4 mê – 13 phòng kinh doanh – ngay quảng trường trung tâm quy nhơn 🔥 💎 cơ hội sở hữu mô hình lưu trú dòng tiền sẵn – khai thác ngay tại khu du lịch sầm uất bậc nhất thành phố. quy nhơn 📍 vị trí vàng: – sát ...... << xem chi tiết >> 14m4 tầng13 phòng ngủ giá: 13 tỷ diện tích: 114 m² kt: 5,13.0,114.03508771929825,114.0,5.6,21.0,Đông,Đang cập nhật,4,13,3,"Bán homstay 4 tầng, 13phòng kinh doanh đường Nguyễn Văn Trỗi - diện tích 114 m² - dtsd 400 m²",https://alonhadat.com.vn/can-ban-nha-5-tang-mat-tien-duong-tran-anh-tong-dt-85m2-ngang-5m-15238543.html
Nhà,Nhà mặt phố/Kinh doanh,Nhà mặt tiền,Thành phố Quy Nhơn,Điện Biên Phủ,Đường Điện Biên Phủ,13.2,35.2,375.0,7.5,50.0,Tây,Đang cập nhật,1,1,3,"Bán căn nhà mặt tiền đường Điện Biên Phủ, quy nhơn. nhà cấp 4, diện tích 375 m².",https://alonhadat.com.vn/ban-can-nha-mat-tien-duong-dien-bien-phu-quy-nhon-nha-cap-4-dien-tich-375m2--15598858.html
Nhà,Biệt thự/Nhà liền kề,"Biệt thự, nhà liền kề",Thành phố Quy Nhơn,Võ Nguyên Giáp,Đường Võ Nguyên Giáp,3.6,57.142857142857146,63.0,7.0,20.0,Chưa xác định,Đang cập nhật,3,5,4,Hàng hiếm – biệt thự đẹp giá tốt tại quy nhơn,https://alonhadat.com.vn/hang-hiem-biet-thu-dep-gia-tot-tai-quy-nhon-18328785.html
Đất,Đất nền/Đất ở,Đất nền/liền kề/đất dự án,Thị xã An Nhơn,Lê Hồng Phong,Đường Lê Hồng Phong,2.5,20.0,125.0,5.0,25.0,Nam,Đang cập nhật,0,0,0,"Cần sang lại lô đất đối diện công viên, quảng trường mới trung tâm thị xã an nhơn !",https://alonhadat.com.vn/can-sang-lai-lo-dat-doi-dien-cong-vien-quang-truong-moi-trung-tam-thi-xa-an-nhon--10986010.html
Nhà,Biệt thự/Nhà liền kề,"Biệt thự, nhà liền kề",Thành phố Quy Nhơn,Trần Thị Lý,Đường Trần Thị Lý,13.0,64.35643564356435,202.0,8.7,23.0,Đông,Đang cập nhật,3,5,4,"Bán biệt thự mini – đường Trần Thị Lý, khu Ghềnh Ráng – gần biển",https://alonhadat.com.vn/can-ban-nha-4-tang-mat-tien-duong-tram-hung-dao-vi-tri-dep-dt-140m2-ngang-4-5m-14745941.html
Nhà,Nhà riêng/Trong hẻm,Nhà trong hẻm,Thành phố Quy Nhơn,Ngô Mây,Đường 10 m oto đậu Võ Văn Dũng ph Ngô Mây,4.65,77.5,60.0,4.5,13.0,Đông,Đang cập nhật,3,3,3,"Bán nhà 3 tầng đường 10 m oto đậu Võ Văn Dũng ph Ngô Mây, quy nhơn. 60,3m², rẻ chỉ 4 ty xxz",https://alonhadat.com.vn/ban-nha-3-tang-duong-10m-oto-dau-vo-van-dung-ph-ngo-may-quy-nhon-60-3m-re-chi-4-ty-xxz-18399282.html
Nhà,Nhà riêng/Trong hẻm,Nhà trong hẻm,Thành phố Quy Nhơn,Tây Sơn,Đường Tây Sơn,2.35,47.95918367346939,49.0,4.5,13.0,Đông,Đang cập nhật,2,2,3,Bán nhà 1 mê đúc 2 tâng hẻm gara quyền diện tích 49 m² giá 2ty350,https://alonhadat.com.vn/ban-lo-dat-gia-1ty150-khu-vuc-8-tran-quang-dieu-lo-gioi-dg-13m-cach-nga-3-phua-tai-200m-13280825.html
Nhà,Nhà mặt phố/Kinh doanh,Nhà mặt tiền,Thành phố Quy Nhơn,Lê Hồng Phong,Đường Lê Hồng Phong - diện tích 107 m² ngang 6 m - đan cho thuê 45tr/tháng hôm nay 🏢🔥 bán nhà 5 mê mặt tiền Lê Hồng Phong 🔥🏢 📍 phường quy nhơn – vị trí đắc địa,24.0,224.29906542056074,107.0,6.0,18.0,Chưa xác định,Đang cập nhật,4,5,3,Bán nhà 5 mê mặt tiền đường Lê Hồng Phong - diện tích 107 m² ngang 6 m - đan cho thuê 45tr/tháng,https://alonhadat.com.vn/-chinh-chu-can-ban-gap-2-lo-dat-lien-ke-lo-goc-dep-duong-doi-cung-dt-292-5m2-16949309.html
Nhà,Nhà mặt phố/Kinh doanh,Nhà mặt tiền,Thành phố Quy Nhơn,Hoàng Hoa Thám,Đường Hoàng Hoa Thám hôm nay 👉👉 căn 1: bán nhà góc 2 mặt tiền Hoàng Hoa Thám. diện tích: 4 m x 20 m. (đã up tài sản) đông vị trí ngay cua 2 mặt tiền,11.0,137.5,80.0,4.0,20.0,Đông,Đang cập nhật,3,3,3,Bán nhà 3 tầng góc 2 mặt tiền đường Hoàng Hoa Thám,https://alonhadat.com.vn/ban-nha-3-tang-goc-2-mat-tien-duong-hoang-hoa-tham-78m2-17933132.html
Nhà,Căn hộ chung cư,Căn hộ chung cư,Thành phố Quy Nhơn,Trần Hưng Đạo,Đường Trần Hưng Đạo,2.5,35.714285714285715,70.0,0.0,0.0,Chưa xác định,Sổ hồng,8,2,2,"Bán căn hộ altara quy nhơn 2pn. 2,5 tỷ căn góc 70 m², sổ hồng lâu dài..(hỗ trợ vay 70%)",https://alonhadat.com.vn/ban-can-ho-altara-quy-nhon-2pn-1-82-ty-can-goc-70m2-so-hong-lau-dai-ho-tro-vay-70--13303932.html
Nhà,Nhà riêng/Trong hẻm,Nhà trong hẻm,Thành phố Quy Nhơn,Trần Phú,Đường Nội Bộ Trần Văn Ơn,18.5,115.625,160.0,4.5,13.0,Chưa xác định,Đang cập nhật,3,8,3,"***cty bds sang land mở ban _cần bángấp homesatay đường Nội Bộ Trần Văn Ơn,hiện trạng n",https://alonhadat.com.vn/-cty-bds-sang-land-mo-ban-can-bangap-homesatay-duong-noi-bo-tran-van-on-hien-trang-n-11849166.html
Nhà,Nhà riêng/Trong hẻm,Nhà trong hẻm,Thành phố Quy Nhơn,Không rõ,Đường hàn mạc tử,2.9,37.66233766233766,77.0,4.0,19.0,Đông,Đang cập nhật,3,2,3,"Bán nhà cấp 4 hẻm cạn đường hàn mạc tử, hẻm rộng 3,1 m - diện tích 77 m² ngang 4 m - giá 2,9tỷ",https://alonhadat.com.vn/ban-nha-cap-4-hem-can-duong-han-mac-tu-hem-rong-3-1m-dt-77m2-ngang-4m-gia-3-ty-18605865.html
Nhà,Nhà riêng/Trong hẻm,Nhà trong hẻm,Thành phố Quy Nhơn,Chương Dương,Đường Nội Bộ Chương Dương diện tích 130 m² giá 10ty500 hôm nay bán nhà 3 tầng đường NỘI BỘ 64/ CHƯƠNG DƯƠNG (nội bộ thông ngô gia tự) diện tích: 130m² (ngang 5 m x dài 22 m) kết cấu: nhà 3 tầng kiên cố (5pn lớn,10.5,80.76923076923077,130.0,5.0,26.0,Đông,Đang cập nhật,3,5,3,Bán nhà 3 tầng đường Nội Bộ Chương Dương diện tích 130 m² giá 10ty500,https://alonhadat.com.vn/ban-2-can-nha-1-me-moi-xay-hem-ron-3m-duong-han-mac-tu-gia-2ty600-15782297.html
Nhà,Nhà mặt phố/Kinh doanh,Nhà mặt tiền,Thành phố Quy Nhơn,Thành Thái,Đường Thành Thái 45 m²,8.5,94.44444444444444,90.0,4.5,20.0,Đông,Đang cập nhật,4,3,3,"Bán nhà mặt tiền đường Thành Thái 45 m², 90 m² và 81 m²",https://alonhadat.com.vn/ban-nha-cap-4-duong-nguyen-truong-to-dien-tich-60m2-8643786.html
Nhà,Căn hộ chung cư,Căn hộ chung cư,Thành phố Quy Nhơn,Điện Biên Phủ,Đường Điện Biên Phủ,1.25,19.53125,64.0,0.0,0.0,Chưa xác định,Đang cập nhật,15,2,2,"Bán căn 1pn - 2pn - 3pn ecolife, có sổ, nhận nhà ở ngay",https://alonhadat.com.vn/lai-cao-nen-ban-lo-chung-cu-2pn-ecolife-quy-nhon-co-so-san--12529978.html
Đất,Đất nền/Đất ở,Đất thổ cư/đất ở,Huyện Tuy Phước,Quốc lộ 19,Đường Quốc Lộ 19,1.15,11.5,100.0,5.0,20.0,Tây,Đang cập nhật,0,0,0,"Bán đất đẹp thuộc khu dân cư cạnh khu logistic xã phước lộc, vị trí đắc địa, tiềm năng.",https://alonhadat.com.vn/ban-dat-dep-thuoc-khu-dan-cu-canh-khu-logistic-xa-phuoc-loc-vi-tri-dac-dia-tiem-nang--17096688.html
Đất,Đất nền/Đất ở,Đất thổ cư/đất ở,Huyện Tuy Phước,Tỉnh lộ 640,Đường TĨNH LỘ 640,1.7,17.0,100.0,5.0,20.0,Nam,Đang cập nhật,0,0,0,"Bán đất đẹp khu dân cư quảng vân, xã phước thuận, tuy phước, bình định.",https://alonhadat.com.vn/ban-dat-dep-khu-dan-cu-quang-van-xa-phuoc-thuan-tuy-phuoc-binh-dinh--13892014.html
Nhà,Căn hộ chung cư,Căn hộ chung cư,Thành phố Quy Nhơn,Lê Duẩn,Đường Lê Duẩn,2.6,43.333333333333336,60.0,5.0,12.0,Đông,Sổ hồng,26,2,2,The sailing - sở hữu sổ hồng lâu dài - bàn giao 2026 - căn hộ có vị trí đẹp nhất quy nhơn,https://alonhadat.com.vn/the-sailing-so-huu-so-hong-lau-dai-ban-giao-2026-can-ho-co-vi-tri-dep-nhat-quy-nhon-18328699.html
Nhà,Căn hộ chung cư,Căn hộ chung cư,Thành phố Quy Nhơn,Lê Đức Thọ,Đường Lê Đức Thọ,1.8,25.0,72.0,7.0,11.0,Chưa xác định,Đang cập nhật,11,2,2,"Cần bán căn hộ chung cư phú tài residence 2pn 2wc 72 m² full nội thất giá 1,8 tỷ",https://alonhadat.com.vn/can-ban-can-ho-chung-cu-phu-tai-residence-2pn-2wc-72m2-full-noi-that-gia-1-8-ty-18036276.html
Nhà,Nhà riêng/Trong hẻm,Nhà trong hẻm,Thành phố Quy Nhơn,Phan Bội Châu,Đường Phan Bội Châu,2.05,66.12903225806451,31.0,6.5,4.7,Chưa xác định,Đang cập nhật,2,2,3,Bán nhà hẻm Phan Bội Châu 34 m² và 31 m²,https://alonhadat.com.vn/ban-nha-2-tang-mat-tien-duong-le-anh-xuan-gan-duong-thanh-thai-va-xuan-thuy-dt-48m2-8225915.html
Nhà,Nhà riêng/Trong hẻm,Nhà trong hẻm,Thành phố Quy Nhơn,Không rõ,Đường rộng thoáng. 📍 gần chợ,3.75,83.33333333333333,45.0,4.5,13.0,Tây,Đang cập nhật,3,4,3,"Nhà nội bộ Lê Hồng Phong,phuong qui nhon",https://alonhadat.com.vn/nha-noi-bo-le-hong-phong-phuong-qui-nhon-18055956.html
Nhà,Biệt thự/Nhà liền kề,"Biệt thự, nhà liền kề",Thành phố Quy Nhơn,Nguyễn Văn Hiển,Đường Nguyễn Văn Hiển,10.0,151.5151515151515,66.0,5.7,11.5,Tây,Đang cập nhật,3,5,4,Nhà biệt thự mini khu tây An Dương Vương trung tâm biển quy nhơn,https://alonhadat.com.vn/nha-biet-thu-mini-khu-tay-an-duong-vuong-trung-tam-bien-quy-nhon-13527742.html
Đất,Đất nền/Đất ở,Đất nền/liền kề/đất dự án,Huyện Tuy Phước,Tăng Bạt Hổ,Đường Tăng Bạt Hổ,1.2,12.0,100.0,5.0,20.0,Đông,Đang cập nhật,0,0,0,Chính thức nhận booking có hoàn lại tại dự án phú tài jade garden giá dự kiến 12 triệu/m2,https://alonhadat.com.vn/chinh-thuc-nhan-booking-co-hoan-lai-tai-du-an-phu-tai-jade-garden-gia-du-kien-12-trieu-m2-16601427.html
Nhà,Nhà riêng/Trong hẻm,Nhà trong hẻm,Thành phố Quy Nhơn,Võ Mười,Đường Võ Mười,2.95,84.28571428571429,35.0,4.5,13.0,Chưa xác định,Đang cập nhật,3,3,3,Bán nhà full nội thất hẻm Võ Mười thông Trần Thị Kỷ – 3 mê – giá 2 tỷ 950 (tl),https://alonhadat.com.vn/ban-nha-full-noi-that-hem-vo-muoi-thong-tran-thi-ky-3-me-gia-2-ty-950-tl--18295654.html
Nhà,Nhà riêng/Trong hẻm,Nhà trong hẻm,Thành phố Quy Nhơn,Võ Văn Dũng,Đường trần thị kỹ thông qua Võ Văn Dũng -nhà 3 mê tuyệt đẹp,5.3,120.45454545454545,44.0,4.5,13.0,Đông,Đang cập nhật,3,3,3,Bán nhà 3 mê mới xây hẻm 5 m đg trần thị kỹ thông Võ Văn Dũng diện tích 44 m² giá 5ty300,https://alonhadat.com.vn/ban-lo-dat-khu-de-dong-duong-a7-lo-gioi-15m-dt-4x15-60m2-gia-2ty-15366078.html
Nhà,Căn hộ chung cư,Căn hộ chung cư,Thành phố Quy Nhơn,Đinh Bộ Lĩnh,Đường Đinh Bộ Lĩnh,0.85,15.74074074074074,54.0,0.0,0.0,Chưa xác định,Đang cập nhật,14,2,2,Cần bán căn hộ noxh nam ngân view biển 850tr,https://alonhadat.com.vn/can-ban-can-ho-noxh-nam-ngan-view-bien-780tr-ban-lo-tang-full-noi-that-50tr-goc-800tr--12724569.html
Đất,Đất nền/Đất ở,Đất thổ cư/đất ở,Thành phố Quy Nhơn,Không rõ,Đường rộng 14 m. giá 1,1.7,13.076923076923077,130.0,5.0,26.0,Chưa xác định,Đang cập nhật,0,0,0,"Bán lô đất khu dân cư gần khu fpt Long Vân. diện tích 130 m². đường rộng 14 m. giá 1,7 tỉ",https://alonhadat.com.vn/tong-hop-gio-hang-nha-mat-tien-trung-tam-quy-nhon-tu-5-ty-9-ty-gia-tot-nhat-hien-nay--18010185.html
Đất,Đất nền/Đất ở,Đất thổ cư/đất ở,Thành phố Quy Nhơn,Bùi Thị Xuân,Đường Hùng Vương. diện tích 70 m² đến 100 m² giá kđ 1tỷ790 hôm qua 🔥🔥 bán 67 lô đất đấu giá. khu trường cao đẳng bình định và trường cấp 3 Bùi Thị Xuân. 👉diện tích: 72 m² - giákđ: 1,1.79,17.9,100.0,5.0,20.0,Đông,Đang cập nhật,0,0,0,Đất bán khu trường cao đẳng bình định đường Hùng Vương. diện tích 70 m² đến 100 m² giá kđ 1tỷ790,https://alonhadat.com.vn/dat-ban-khu-truong-cao-dang-binh-dinh-duong-hung-vuong-dt-70m2-den-100m2-gia-kd-1ty790-18662964.html
Nhà,Nhà mặt phố/Kinh doanh,Nhà mặt tiền,Thành phố Quy Nhơn,Thanh Niên,Đường Thanh Niên 72 m² hôm nay bán nhà 3 mê mặt tiền đường Tô Hiến Thành diện tích: 72 m² ngang 4,7.85,109.02777777777777,72.0,4.5,16.0,Tây,Đang cập nhật,3,3,3,Bán nhà mặt tiền đường Thanh Niên 72 m²,https://alonhadat.com.vn/ban-nha-mat-tien-duong-dinh-bo-linh-55m2-va-62m2-17087253.html
Đất,Đất nền/Đất ở,Đất thổ cư/đất ở,Thành phố Quy Nhơn,Không rõ,Đường đs07,2.15,20.476190476190474,105.0,5.0,21.0,Tây,Đang cập nhật,0,0,0,"Bán đất xã nhơn lý, thành phố quy nhơn, tỉnh bình định",https://alonhadat.com.vn/ban-dat-xa-nhon-ly-thanh-pho-quy-nhon-tinh-binh-dinh-14932027.html
Đất,Đất nền/Đất ở,Đất nền/liền kề/đất dự án,Thành phố Quy Nhơn,Không rõ,Đường rộng - thoáng mát - 10 m 👉 hướng tây bắc - hướng tượng phật và cánh đồng quạt gió 👉cách biển hơn ...... << xem chi tiết >> 10 m giá: 1,1.95,18.571428571428573,105.0,5.0,21.0,Đông,Đang cập nhật,0,0,0,Bán đất kdc suối cả nhơn lý 105 m² giá 1ty950 cách biển 200 m,https://alonhadat.com.vn/ban-dat-kdc-suoi-ca-nhon-ly-105m2-gia-1ty950-cach-bien-200m-17548242.html
Đất,Đất nền/Đất ở,Đất nền/liền kề/đất dự án,Thành phố Quy Nhơn,Không rõ,Không rõ,1.28,12.8,100.0,5.0,20.0,Tây,Đang cập nhật,0,0,0,"Bán đất khu vực 7,phường Bùi Thị Xuân,thành phố quy nhơn, bình định",https://alonhadat.com.vn/ban-dat-dt-100m2-khu-dan-cu-nga-ba-long-van-den-nga-tu-long-my-p-bui-thi-xuan-tp-quy-nhon-14126649.html
Nhà,Nhà mặt phố/Kinh doanh,Nhà mặt tiền,Thành phố Quy Nhơn,Phó Đức Chính,Đường Phó Đức Chính 40 m² và 43 m² hôm nay 👉👉 bán nhà cấp 4 cũ mặt tiền đường Phó Đức Chính diện tích: 40 m² ngang 4,3.7,92.5,40.0,4.1,9.7,Chưa xác định,Đang cập nhật,3,1,3,Bán nhà mặt tiền đường Phó Đức Chính 40 m² và 43 m²,https://alonhadat.com.vn/ban-nha-3-tang-mat-tien-duong-le-xuan-tru-80m2-12317595.html
Đất,Đất nền/Đất ở,Đất thổ cư/đất ở,Thành phố Quy Nhơn,Không rõ,Không rõ,2.05,22.77777777777778,90.0,6.0,15.0,Chưa xác định,Đang cập nhật,0,0,0,Bán lô đất biển - nhơn lý quy nhơn,https://alonhadat.com.vn/ban-lo-dat-bien-nhon-ly-quy-nhon-18457711.html
Đất,Đất nền/Đất ở,Đất nền/liền kề/đất dự án,Thị xã An Nhơn,Không rõ,Không rõ,1.27,10.40983606557377,122.0,10.0,13.0,Đông,Đang cập nhật,0,0,0,"Bán đất diện tích 122 m² ngãi chánh 3,nhơn hậu, tx an nhơn, bình định",https://alonhadat.com.vn/-ban-dat-dt-120m2-ngai-chanh-3-nhon-hau-tx-an-nhon-binh-dinh-18218966.html
Đất,Đất nền/Đất ở,Đất nền/liền kề/đất dự án,Thị xã An Nhơn,Không rõ,Đường 14 m,1.09,13.132530120481928,83.0,5.0,16.0,Đông,Đang cập nhật,0,0,0,"Bán đất diện tích 83 m² tổ 3 kim châu,phường bình định, tx an nhơn, bình định",https://alonhadat.com.vn/-ban-dat-dt-83m2-to-3-kim-chau-phuong-binh-dinh-tx-an-nhon-binh-dinh-18512322.html
Nhà,Nhà riêng/Trong hẻm,Nhà trong hẻm,Thành phố Quy Nhơn,Xuân Diệu,Đường Xuân Diệu,3.55,98.61111111111111,36.0,4.5,13.0,Đông,Đang cập nhật,3,3,3,"Bán nhà hẻm Xuân Diệu,phường qui nhơn",https://alonhadat.com.vn/ban-nha-hem-xuan-dieu-phuong-qui-nhon-18402407.html
Đất,Đất nền/Đất ở,Đất nền/liền kề/đất dự án,Thị xã An Nhơn,Chu Văn An,Đường Chu Văn An,1.43,14.3,100.0,5.0,20.0,Bắc,Đang cập nhật,0,0,0,"Bán đất diện tích 100 m2 khu dân cư phía tây Chu Văn An,phường nhơn hưng, tx an nhơn, bình định",https://alonhadat.com.vn/ban-dat-dt-124m2-khu-dan-cu-phia-tay-chu-van-an-phuong-nhon-hung-tx-an-nhon-binh-dinh-14041491.html
Đất,Đất nền/Đất ở,Đất thổ cư/đất ở,Thành phố Quy Nhơn,Nguyễn Diêu,Đường Nguyễn Diêu,2.45,25.789473684210527,95.0,5.0,19.0,Chưa xác định,Sổ hồng,0,0,0,"Bán 2 lô liền kề chợ dinh, gần chung cư ecohome",https://alonhadat.com.vn/ban-2-lo-lien-ke-cho-dinh-gan-chung-cu-ecohome-18442295.html
Nhà,Nhà riêng/Trong hẻm,Nhà trong hẻm,Thành phố Quy Nhơn,Nguyễn Thái Học,Đường Nguyễn Thái Học,6.49,86.53333333333333,75.0,12.0,7.0,Chưa xác định,Đang cập nhật,5,10,3,"Bán căn hộ mini, dòng tiền 30 triệu/ tháng, Nguyễn Thái Học, 75 m² (12 x 6.25 m) 6, 4x tỷ",https://alonhadat.com.vn/-ban-can-ho-mini-dong-tien-30-trieu-thang-nguyen-thai-hoc-75m2-12-x-6-25m-6-1x-ty-16518174.html
Nhà,Căn hộ chung cư,Căn hộ chung cư,Thành phố Quy Nhơn,Nguyễn Huệ,Đường Nguyễn Huệ,1.35,29.347826086956523,46.0,4.0,11.5,Tây,Đang cập nhật,42,1,2,"Bán căn hộ cao cấp tms quy nhơn, loại căn 1 phòng ngủ, 46 m². giá 1,35 tỉ",https://alonhadat.com.vn/ban-can-ho-cao-cap-tms-quy-nhon-loai-can-1-phong-ngu-46m2-gia-1-15-ti-13778962.html
Đất,Đất nền/Đất ở,Đất thổ cư/đất ở,Huyện Phù Cát,Nguyễn Nhạc,Đường Nguyễn Nhạc. thông tin chi tiết mở bán lô đất vip nhất,6.9,33.65853658536585,205.0,8.0,26.0,Chưa xác định,Đang cập nhật,0,0,0,"Bán lô đất vip nhất, vị trí đắc địa nhất thị trấn ven Biển Cát tiến: mặt tiền Nguyễn Nhạc",https://alonhadat.com.vn/ban-lo-dat-vip-nhat-vi-tri-dac-dia-nhat-thi-tran-ven-bien-cat-tien-mat-tien-nguyen-nhac-18077690.html
Nhà,Nhà mặt phố/Kinh doanh,Nhà mặt tiền,Thành phố Quy Nhơn,Hai Bà Trưng,Đường Hai Bà Trưng - cách biển 5 phút đi bộ ! hôm nay • nhà 4 tầng mặt tiền kinh doanh đường Hai Bà Trưng • vị trí trung tâm,4.2,161.53846153846155,26.0,4.0,6.5,Bắc,Đang cập nhật,4,2,1,Nhà 4 tầng mặt tiền kinh doanh đường Hai Bà Trưng - cách biển 5 phút đi bộ !,https://alonhadat.com.vn/nha-4-tang-mat-tien-kinh-doanh-duong-hai-ba-trung-cach-bien-5-phut-di-bo--18618056.html
Đất,Đất nền/Đất ở,Đất nền/liền kề/đất dự án,Thị xã An Nhơn,Không rõ,Không rõ,1.67,17.216494845360824,97.0,5.0,19.5,Nam,Đang cập nhật,0,0,0,"Cần bán gấp lô đất diện tích 97 m² khu dân cư phía đông nguyễn văn linh,phường bình định, tx an nhơn,b",https://alonhadat.com.vn/can-ban-gap-lo-dat-dt-110m2-khu-dan-cu-phia-dong-nguyen-van-linh-p-binh-dinh-tx-an-nhon-b-14034267.html
Đất,Đất nền/Đất ở,Đất nền/liền kề/đất dự án,Thị xã An Nhơn,Chu Văn An,Đường Chu Văn An,1.47,12.894736842105264,114.0,5.0,22.0,Bắc,Đang cập nhật,0,0,0,"🟥cần bán lô đất diện tích 114 m² hòa cư,phường nhơn hưng,tx an nhơn, bình định",https://alonhadat.com.vn/-can-ban-lo-dat-dt-100m2-hoa-cu-p-nhon-hung-tx-an-nhon-binh-dinh-17040226.html
Nhà,Nhà mặt phố/Kinh doanh,Nhà mặt tiền,Thành phố Quy Nhơn,Xuân Thủy,Đường Xuân Thủy,7.85,103.28947368421052,76.0,5.0,15.0,Đông,Đang cập nhật,4,5,3,Bán nhà 4 tầng mặt tiền xuân thuỷ – ngay cc xuân thuỷ – quy nhơn,https://alonhadat.com.vn/can-ban-nha-3-me-goc-2-mat-tien-duong-nguyen-hue-dt-67m2-ngang-4-5m-15223651.html
Nhà,Biệt thự/Nhà liền kề,"Biệt thự, nhà liền kề",Thành phố Quy Nhơn,An Dương Vương,Đường khu An Dương Vương 200 m² . ⛵ vị trí: cách biển 30 mét,18.0,90.0,200.0,7.0,14.0,Đông,Đang cập nhật,3,6,4,Bán biệt thự biển quy nhơn khu flc hải âu hoàng yến và toàn nhà hàng khách sạn lớn phường,https://alonhadat.com.vn/ban-biet-thu-bien-quy-nhon-khu-flc-hai-au-hoang-yen-va-toan-nha-hang-khach-san-lon-phuong-17488972.html
Nhà,Biệt thự/Nhà liền kề,"Biệt thự, nhà liền kề",Thành phố Quy Nhơn,Không rõ,Không rõ,10.0,50.0,200.0,10.0,20.0,Đông,Đang cập nhật,3,4,4,"Bán căn biệt thự đẹp tại khu đô thị đại phú gia, phường quy nhơn đông, tỉnh gia lai",https://alonhadat.com.vn/ban-can-biet-thu-dep-tai-khu-do-thi-dai-phu-gia-phuong-quy-nhon-dong-tinh-gia-lai-17411458.html
Đất,Đất nền/Đất ở,Đất thổ cư/đất ở,Huyện Phù Cát,Không rõ,Không rõ,2.1,14.482758620689655,145.0,7.0,22.0,Bắc,Đang cập nhật,0,0,0,"Bán đất khu phố phương phi, thị trấn cát tiến, huyện phù cát, bình định.",https://alonhadat.com.vn/ban-dat-khu-pho-phuong-phi-thi-tran-cat-tien-huyen-phu-cat-binh-dinh--14480003.html
Đất,Đất nền/Đất ở,Đất nền/liền kề/đất dự án,Thị xã An Nhơn,Trần Phú,Đường Trần Phú,6.0,26.905829596412556,223.0,10.0,17.0,Tây,Đang cập nhật,0,0,0,Biệt thự đảo nổi tại hưng định city - nâng tầm đẳng cấp giới thượng lưu !,https://alonhadat.com.vn/biet-thu-dao-noi-tai-hung-dinh-city-nang-tam-dang-cap-gioi-thuong-luu--10848891.html
Đất,Đất nền/Đất ở,Đất nền/liền kề/đất dự án,Huyện Phù Cát,Không rõ,Đường rộng - thoáng mát 👉đường 20.5 m 👉cách biển hơn 100 m 👉phù hợp kinh doanh ks,6.3,25.2,250.0,10.0,25.0,Đông,Đang cập nhật,0,0,0,Cần bán lô đất 250 m² ngang 10 m cách bãi tắm cát tiến 100 m hơn,https://alonhadat.com.vn/can-ban-lo-dat-250m2-ngang-10m-cach-bai-tam-cat-tien-100m-hon-16949961.html
Nhà,Nhà riêng/Trong hẻm,Nhà trong hẻm,Thành phố Quy Nhơn,Lê Đại Hành,Đường Lê Đại Hành,2.95,30.729166666666668,96.0,3.3,29.1,Tây,Sổ đỏ,2,3,2,Bán nhà hẻm rộng cạn Hoa Lư quy nhơn,https://alonhadat.com.vn/ban-nha-hem-rong-can-hoa-lu-quy-nhon-18710804.html
Nhà,Nhà riêng/Trong hẻm,Nhà trong hẻm,Thành phố Quy Nhơn,Hoàng Văn Thụ,Đường NỘI BỘ 6MÉT oto đậu Nguyễn Thái Học. 80 m² ngang 5 m giá 5tỷ5 hôm nay cần bán nhà 4 mê đường NỘI BỘ 6MÉT oto đậu trước nha Nguyễn Thái Học thông Hoàng Văn Thụ. nhà còn mới thuộc phường Ngô Mây 4 phòng ngủ,5.5,68.75,80.0,5.0,16.0,Đông,Đang cập nhật,3,4,4,Cần bán nhà 4 mê đường NỘI BỘ 6MÉT oto đậu Nguyễn Thái Học. 80 m² ngang 5 m giá 5tỷ5,https://alonhadat.com.vn/can-ban-nha-4-me-duong-noi-bo-6met-oto-dau-nguyen-thai-hoc-80m2-ngang-5m-gia-5ty5-13553320.html
Nhà,Nhà riêng/Trong hẻm,Nhà trong hẻm,Thành phố Quy Nhơn,Lê Hồng Phong,Đường Lê Hồng Phong,3.85,85.55555555555556,45.0,6.0,7.0,Tây,Đang cập nhật,3,3,3,Bán nhà hẻm nhựa xe hơi Lê Hồng Phong gần biển quy nhơn,https://alonhadat.com.vn/ban-nha-hem-nhua-xe-hoi-le-hong-phong-gan-bien-quy-nhon-18026460.html
Nhà,Nhà mặt phố/Kinh doanh,Nhà mặt tiền,Thành phố Quy Nhơn,Nguyễn Gia Thiều,Đường Nguyễn Gia Thiều - diện tích 38 m² ngang 3,2.4,63.1578947368421,38.0,3.6,11.0,Đông,Đang cập nhật,3,1,3,"Bán nhà cấp 4 cũ mặt tiền đường Nguyễn Gia Thiều - diện tích 38 m² ngang 3,6 m - giá 2,5tỷ",https://alonhadat.com.vn/-dat-goc-2-mat-tien-tran-van-on-quy-nhon-18357896.html
Nhà,Căn hộ chung cư,Căn hộ chung cư,Thành phố Quy Nhơn,Nguyễn Tất Thành,Đường Nguyễn Tất Thành,2.5,33.333333333333336,75.0,0.0,0.0,Chưa xác định,Sổ hồng,19,2,2,"Cần bán căn hộ grand center 01 Nguyễn Tất Thành quy nhơn - 2,5 tỷ, sổ hồng lâu dài",https://alonhadat.com.vn/can-ban-can-ho-grand-center-01-nguyen-tat-thanh-quy-nhon-2-5-ty-so-hong-lau-dai-13173158.html
Nhà,Nhà riêng/Trong hẻm,Nhà trong hẻm,Thành phố Quy Nhơn,Bà Huyện Thanh Quan,Đường Bà Huyện Thanh Quan 107 m² hôm nay bán nhà 2 tầng mặt tiền đường Bà Huyện Thanh Quan d diện tích: 107 m² ngang 4,8.7,81.30841121495327,107.0,4.3,25.0,Tây,Đang cập nhật,2,3,3,Bán nhà 2 tầng mặt tiền đường Bà Huyện Thanh Quan 107 m²,https://alonhadat.com.vn/ban-nha-hem-duong-nguyen-hue-thong-xuan-dieu-60m2-17001834.html
Nhà,Căn hộ chung cư,Căn hộ chung cư,Thành phố Quy Nhơn,Nguyễn Huệ,Đường Nguyễn Huệ,1.15,22.115384615384617,52.0,0.0,0.0,Chưa xác định,Đang cập nhật,1,1,2,Sang nhượng căn hộ tms quy nhơn - giá 950-1150 triệu - căn trực diện biển - full nội thất,https://alonhadat.com.vn/sang-nhuong-can-ho-tms-quy-nhon-gia-950-1150-trieu-can-truc-dien-bien-full-noi-that-13604168.html
Nhà,Nhà mặt phố/Kinh doanh,Nhà mặt tiền,Thành phố Quy Nhơn,Lê Bá Trinh,Đường Lê Bá Trinh và tú mỡ hôm nay bán nhà 2 mặt tiền – đường tú mỡ & Lê Bá Trinh – nhơn bình,3.25,65.0,50.0,4.8,10.4,Tây,Đang cập nhật,2,2,3,Bán nhà góc 2 mặt tiền đường Lê Bá Trinh và tú mỡ,https://alonhadat.com.vn/ban-dat-mat-tien-duong-le-van-thu-81m2-16519295.html
Đất,Đất nền/Đất ở,Đất nền/liền kề/đất dự án,Thành phố Quy Nhơn,Không rõ,Không rõ,1.25,15.625,80.0,5.0,16.0,Đông,Đang cập nhật,0,0,0,"Bán đất nền khu nhơn hội new city, xã nhơn hội, quy nhơn, bình định.",https://alonhadat.com.vn/ban-dat-nen-khu-nhon-hoi-new-city-xa-nhon-hoi-quy-nhon-binh-dinh--13882092.html
Nhà,Nhà riêng/Trong hẻm,Nhà trong hẻm,Thành phố Quy Nhơn,Tây Sơn,Đường Tây Sơn,2.35,41.964285714285715,56.0,4.0,14.0,Đông,Đang cập nhật,3,2,3,"Bán 3 căn nhà hẻm rộng đường Tây Sơn, phường Quang Trung - diện tích 41 m², 56 m², 84 m²",https://alonhadat.com.vn/ban-nha-cap-4-duong-noi-bo-508-tay-son-o-to-dau-truoc-nha-dt-84m2-gia-2-ty-900tr-18540307.html
Nhà,Căn hộ chung cư,Căn hộ chung cư,Thành phố Quy Nhơn,Điện Biên Phủ,Đường Điện Biên Phủ,1.45,24.166666666666668,60.0,0.0,0.0,Chưa xác định,Đang cập nhật,19,2,2,"Chủ gửi căn 2pn ecolife quy nhơn – có nội thất, mua chỉ việc ở ngay",https://alonhadat.com.vn/-chu-gui-can-2pn-ecolife-quy-nhon-co-noi-that-mua-chi-viec-o-ngay-17884193.html
Nhà,Căn hộ chung cư,Căn hộ chung cư,Thành phố Quy Nhơn,Nguyễn Huệ,Đường Nguyễn Huệ,0.95,20.21276595744681,47.0,4.0,12.0,Đông,Đang cập nhật,42,1,2,"Kẹt tiền cần bán gấp căn 46 m² view biển, tầng cao, hướng mát giá 950tr - 1 tỷ 150 full nội",https://alonhadat.com.vn/ket-tien-can-ban-gap-can-46m2-view-bien-tang-cao-huong-mat-gia-950tr-1-ty-150-full-noi-16601488.html
Nhà,Căn hộ chung cư,Căn hộ chung cư,Thành phố Quy Nhơn,Hoàng Văn Thụ,Đường Hoàng Văn Thụ,1.9,35.18518518518518,54.0,0.0,0.0,Chưa xác định,Sổ đỏ,1,2,2,"Giỏ hàng rẻ nhất, phú tài 2 central life quy nhơn",https://alonhadat.com.vn/gio-hang-sang-nhuong-re-nhat-phu-tai-2-central-life-quy-nhon-18241655.html
Nhà,Nhà riêng/Trong hẻm,Nhà trong hẻm,Thành phố Quy Nhơn,Không rõ,Đường 6 m - cách biển 400 m - 3 tỷ xxx hôm nay ⛔bán nhà hẻm trung tâm quy nhơn - 72 m² - ngang 4,3.3,45.833333333333336,72.0,4.8,15.0,Chưa xác định,Sổ đỏ,1,2,3,"Nhà hẻm trung tâm quy nhơn - 72 m² - ngang 4,8 m - đường 6 m - cách biển 400 m - 3 tỷ xxx",https://alonhadat.com.vn/-nha-hem-trung-tam-quy-nhon-72m2-ngang-4-8m-duong-6m-cach-bien-400m-3-ty-xxx-18293957.html
Nhà,Biệt thự/Nhà liền kề,"Biệt thự, nhà liền kề",Thành phố Quy Nhơn,Tây Sơn,Đường Tây Sơn,6.2,72.94117647058823,85.0,5.0,17.0,Đông,Đang cập nhật,5,6,4,"Phú gia royal park quy nhơn – bán suất ưu tiên mặt tiền Tây Sơn thị trấn quy nhơn 6,x tỷ",https://alonhadat.com.vn/phu-gia-royal-park-quy-nhon-nha-pho-trung-tam-chi-tu-6-x-ty-suat-uu-tien-18691130.html
Nhà,Nhà riêng/Trong hẻm,Nhà trong hẻm,Thành phố Quy Nhơn,Trần Văn Ơn,Đường Trần Văn Ơn,15.0,118.11023622047244,127.0,4.5,13.0,Đông,Đang cập nhật,6,28,3,"Bán nhà 6 tầng hẻm nội bộ 7 m đg Trần Văn Ơn diện tích 127 m² ngang 4,9 m.giá 15ty",https://alonhadat.com.vn/ban-lo-dat-hem-3m-52-16-han-mac-tu-dt-60m2-ngang-3-5m-gia-2ty290-16707544.html
Nhà,Biệt thự/Nhà liền kề,"Biệt thự, nhà liền kề",Thành phố Quy Nhơn,Không rõ,Đường 1 tháng 3,6.5,28.88888888888889,225.0,7.0,20.0,Chưa xác định,Đang cập nhật,1,5,4,"Bán biệt thự maia quy nhơn 2pn, có hồ bơi giá hấp dẫn",https://alonhadat.com.vn/ban-biet-thu-maia-quy-nhon-2pn-co-ho-boi-gia-hap-dan-13945353.html
Nhà,Căn hộ chung cư,Căn hộ chung cư,Thành phố Quy Nhơn,Điện Biên Phủ,Đường Điện Biên Phủ,1.24,20.666666666666668,60.0,4.0,15.0,Tây,Đang cập nhật,9,2,2,"Bán căn hộ chung cư ecolife quy nhơn, loại 2 phòng ngủ. giá 1,24 tỉ",https://alonhadat.com.vn/ban-can-ho-chung-cu-ecolife-quy-nhon-loai-2-phong-ngu-gia-1-1-ti-13784742.html
Nhà,Căn hộ chung cư,Căn hộ chung cư,Thành phố Quy Nhơn,Điện Biên Phủ,Đường Điện Biên Phủ,1.08,16.875,64.0,0.0,0.0,Chưa xác định,Đang cập nhật,1,2,2,"Cô chú chủ nhà cần bán căn hộ ecolife - 2pn view đẹp, hướng mát, ko bị nắng",https://alonhadat.com.vn/co-chu-chu-nha-can-ban-can-ho-ecolife-2pn-view-song-view-ho-boi-14124055.html
Nhà,Nhà riêng/Trong hẻm,Nhà trong hẻm,Thành phố Quy Nhơn,Phạm Ngọc Thạch,Đường Phạm Ngọc Thạch 64 m² hôm nay bán nhà nội bộ 2 ô tô đường Phạm Ngoch Thạch diện tích: 64 m² ngang 4,6.5,101.5625,64.0,4.6,14.0,Chưa xác định,Đang cập nhật,3,3,3,Bán nhà nội bộ ô tô đường Phạm Ngọc Thạch 64 m²,https://alonhadat.com.vn/ban-nha-3-me-mat-tien-duong-tay-son-53m2-huong-tay-nam-8002423.html
Nhà,Nhà riêng/Trong hẻm,Nhà trong hẻm,Thành phố Quy Nhơn,Võ Nguyên Giáp,Đường Võ Nguyên Giáp 📍 vị trí cực đẹp ngã ba Đống Đa trung tâm quy nhơn,2.7,48.214285714285715,56.0,4.5,13.0,Tây,Đang cập nhật,1,4,2,Bán nhà 1 mê hẻm Võ Nguyên Giáp ngay ngã 5 đống đông diện tích 56 ngang 9 m giá 2ty700,https://alonhadat.com.vn/ban-lo-dat-sau-lung-dai-hoc-quang-trung-dt-130m2-gia-1ty850-10312320.html
Đất,Đất nền/Đất ở,Đất nền/liền kề/đất dự án,Huyện Tuy Phước,Quốc lộ 19,Đường Quốc Lộ 19,1.8,22.5,80.0,5.0,16.0,Chưa xác định,Đang cập nhật,0,0,0,Bán đất dự bán bắc hà thanh quy nhơn - cdt phát đạt,https://alonhadat.com.vn/ban-dat-du-ban-bac-ha-thanh-quy-nhon-cdt-phat-dat-17918980.html
Nhà,Nhà mặt phố/Kinh doanh,Nhà mặt tiền,Thành phố Quy Nhơn,Không rõ,Không rõ,5.0,33.333333333333336,150.0,6.0,25.0,Tây,Đang cập nhật,5,19,3,"Bán căn nhà 5 tầng cực đẹp, mặt tiền Quốc Lộ 1A, phường Bùi Thị Xuân, quy nhơn",https://alonhadat.com.vn/ban-can-nha-5-tang-cuc-dep-mat-tien-quoc-lo-1a-phuong-bui-thi-xuan-quy-nhon-13761802.html
Nhà,Nhà mặt phố/Kinh doanh,Nhà mặt tiền,Thành phố Quy Nhơn,Không rõ,Không rõ,5.89,111.13207547169812,53.0,5.0,16.0,Chưa xác định,Đang cập nhật,3,4,3,"(ngon bổ rẻ) bán nhà 3 mê 2 mặt tiền khu qhdc gara quyền quy nhơn nam, 80 m² giá 5 ty xxz",https://alonhadat.com.vn/-him-ngon-ban-3-lo-l-ke-mat-tien-kinh-doanh-to-huu-phuong-quy-nhon-74m-gia-chi-4-te-ha-18568638.html
Nhà,Biệt thự/Nhà liền kề,"Biệt thự, nhà liền kề",Thành phố Quy Nhơn,Lê Văn Thủ,Đường Lê Văn Thủ phường nhơn bình quy nhơn hôm nay 𝐂𝐨́ 𝐯𝐢𝐞̣̂𝐜 𝐜𝐚̂̀𝐧 𝐭𝐢𝐞̂̀𝐧 𝐂𝐡𝐮̉ 𝐡𝐚̣ 𝐠𝐢𝐚́ 𝐛𝐚́𝐧 𝐧𝐡𝐚𝐧𝐡 𝐜𝐚̆𝐧 𝐛𝐢𝐞̣̂𝐭 𝐭𝐡𝐮̛̣ 𝐭𝐚̂𝐦 𝐡𝐮𝐲𝐞̂́𝐭 𝐜𝐮̉𝐚 𝐠𝐢𝐚 đ𝐢̀𝐧𝐡. diện tích: 190 m² ngang 10 m nhà xây kiên cố,7.6,40.0,190.0,10.0,19.0,Đông,Đang cập nhật,2,2,4,Bán căn biệt thự góc hai mặt tiền đường Lê Văn Thủ phường nhơn bình quy nhơn,https://alonhadat.com.vn/ban-can-biet-thu-goc-hai-mat-tien-duong-le-van-thu-phuong-nhon-binh-quy-nhon-17774100.html
Nhà,Nhà riêng/Trong hẻm,Nhà trong hẻm,Thành phố Quy Nhơn,Nguyễn Thái Học,Đường Nguyễn Thái Học,2.98,54.18181818181818,55.0,4.2,13.0,Chưa xác định,Sổ đỏ,5,2,1,"Nhà hẻm 3 m trung tâm quy nhơn - cách biển 900 m - 55 m² - ngang 4,2 m - 1,5 tầng 2,x tỷ",https://alonhadat.com.vn/-nha-hem-3m-trung-tam-quy-nhon-cach-bien-900m-55m2-ngang-4-2m-1-5-tang-2-x-ty-17936486.html
Nhà,Biệt thự/Nhà liền kề,"Biệt thự, nhà liền kề",Thành phố Quy Nhơn,Không rõ,Không rõ,4.6,73.01587301587301,63.0,4.5,14.0,Đông,Đang cập nhật,5,3,4,Bán nhà 3.5 tầng vừa mới hoàn thiện tại khu đô thị chợ góc - kề đại phú gia !,https://alonhadat.com.vn/ban-nha-3-5-tang-vua-moi-hoan-thien-tai-khu-do-thi-cho-goc-ke-dai-phu-gia--17371632.html
Nhà,Nhà mặt phố/Kinh doanh,Nhà mặt tiền,Thành phố Quy Nhơn,Lê Lợi,Đường Nguyễn Trãi 51 m² hôm nay bán nhà 1 mê cũ mặt tiền đường Nguyễn Trãi phường Lê Lợi gần đường Lê Lợi diện tích: 51 m² ngang 7 m hướng tây vị trí: gần biển,6.5,127.45098039215686,51.0,7.0,7.3,Tây,Đang cập nhật,2,2,3,Bán nhà mặt tiền đường Nguyễn Trãi 51 m²,https://alonhadat.com.vn/ban-nha-1-me-mat-tien-duong-nguyen-tu-nhu-52m2-15426325.html
Nhà,Nhà riêng/Trong hẻm,Nhà trong hẻm,Thành phố Quy Nhơn,Nguyễn Thái Học,Đường nội bộ oto 5mét Nguyễn Thái Học phường.ng văn cừ. 98 m² ngang 5,4.5,45.91836734693877,98.0,5.3,19.0,Tây,Sổ đỏ,3,2,3,"Bán đường nội bộ oto 5mét Nguyễn Thái Học phường.ng văn cừ. 98 m² ngang 5,3 m giá 4,5tỷ",https://alonhadat.com.vn/ban-duong-noi-bo-oto-5met-nguyen-thai-hoc-p-ng-van-cu-98m2-ngang-5-3m-gia-4-5ty-18493762.html
Nhà,Căn hộ chung cư,Căn hộ chung cư,Thành phố Quy Nhơn,Trần Hưng Đạo,Đường Trần Hưng Đạo,3.0,31.914893617021278,94.0,0.0,0.0,Chưa xác định,Đang cập nhật,20,3,2,"Căn hộ 3pn simona heights quy nhơn – cách biển 200 m, 87m², giá 3 tỷ tầng thấp - trung",https://alonhadat.com.vn/can-ho-3pn-simona-heights-quy-nhon-view-bien-truc-dien-94m-gia-tot-nhat-18324068.html
Nhà,Căn hộ chung cư,Căn hộ chung cư,Thành phố Quy Nhơn,Nguyễn Thái Học,Đường Nguyễn Thái Học,1.2,20.0,60.0,4.0,15.0,Tây,Sổ đỏ,17,2,2,"Cần bán chung cư thịnh phát quy nhơn, loại căn 2 phòng ngủ. giá 1,2 tỉ",https://alonhadat.com.vn/can-ban-chung-cu-thinh-phat-quy-nhon-loai-can-2-phong-ngu-gia-1-3-ti-13784810.html
Nhà,Nhà riêng/Trong hẻm,Nhà trong hẻm,Thành phố Quy Nhơn,Võ Văn Dũng,Đường Võ Văn Dũng,4.65,77.5,60.0,4.5,13.0,Đông,Đang cập nhật,2,3,2,Bán nhà 2 tầng hẻm rộng 10 m đg Võ Văn Dũng diện tích 60 m² giá 4ty650 hướng đông nam,https://alonhadat.com.vn/ban-nha-me-lo-hoang-van-thuh-dt-54m2-gia-5ty200-10012219.html
Nhà,Nhà mặt phố/Kinh doanh,Nhà mặt tiền,Thành phố Quy Nhơn,Nguyễn Nhạc,Đường Nguyễn Nhạc,5.9,79.72972972972973,74.0,3.6,20.5,Chưa xác định,Đang cập nhật,1,2,3,"Bán căn nhà mặt tiền đường Nguyễn Nhạc, ngay gần biển trung tâm quy nhơn. diện tích 74 m².",https://alonhadat.com.vn/ban-can-nha-mat-tien-duong-nguyen-nhac-ngay-gan-bien-trung-tam-quy-nhon-dien-tich-74m2--17575197.html
Nhà,Nhà mặt phố/Kinh doanh,Nhà mặt tiền,Thành phố Quy Nhơn,Phạm Ngũ Lão,Đường Phạm Ngũ Lão,10.0,60.97560975609756,164.0,6.0,27.4,Chưa xác định,Đang cập nhật,1,2,3,"Bán căn nhà mặt tiền đường Phạm Ngũ Lão, trung tâm thành phố quy nhơn. giá tốt nhất.",https://alonhadat.com.vn/ban-dat-so-2-ban-dat-khu-biet-thu-do-thi-xanh-vung-chua-115m2-133m2-va-200m2--16341890.html
Nhà,Biệt thự/Nhà liền kề,"Biệt thự, nhà liền kề",Thành phố Quy Nhơn,Nguyễn Văn Bé,Đường Nguyễn Văn Bé - trung tâm quy nhơn - phường.Trần Hưng Đạo hôm nay - biệt thự 3 mê đẹp mặt tiền đường Nguyễn Văn Bé sạch đẹp ko cống trụ phường Trần Hưng Đạo - diện tích: 134 m2 .bao gồm 3 phòng ngủ,9.5,70.8955223880597,134.0,8.0,17.0,Đông,Đang cập nhật,3,3,4,Bán biệt thư mặt tiền đường Nguyễn Văn Bé - trung tâm quy nhơn - phường.Trần Hưng Đạo,https://alonhadat.com.vn/ban-biet-thu-mat-tien-duong-nguyen-van-be-trung-tam-quy-nhon-p-tran-hung-dao-18001673.html
Đất,Đất nền/Đất ở,Đất nền/liền kề/đất dự án,Thành phố Quy Nhơn,Không rõ,Đường chính,2.49,24.9,100.0,5.0,20.0,Tây,Đang cập nhật,0,0,0,"Bán lô đất 100 m² trục đường chính, khu đô thị Long Vân. phường Trần Quang Diệu, quy nhơn.",https://alonhadat.com.vn/ban-lo-dat-100m2-truc-duong-chinh-khu-do-thi-long-van-phuong-tran-quang-dieu-quy-nhon--17963044.html
Đất,Đất nền/Đất ở,Đất nền/liền kề/đất dự án,Thành phố Quy Nhơn,Số 1,Đường Số 01,3.5,39.77272727272727,88.0,5.0,17.6,Đông,Đang cập nhật,0,0,0,"Bán lô đất khu biệt thự đại phú gia quy nhơn, thuộc phường nhơn bình, quy nhơn, bình định.",https://alonhadat.com.vn/ban-lo-dat-duong-so-07-dien-tich-90m2-khu-biet-thu-dai-phu-gia-phuong-nhon-binh-quy-nh-13713208.html
Nhà,Nhà riêng/Trong hẻm,Nhà trong hẻm,Thành phố Quy Nhơn,Nguyễn Thái Học,Đường Nguyễn Thái Học,4.3,50.588235294117645,85.0,4.0,22.0,Chưa xác định,Sổ đỏ,1,2,1,"Bán nhà hẻm ôtô Nguyễn Thái Học - gần đại học quy nhơn - 85,3 m² - ngang 4 m nhỉnh 4 tỷ",https://alonhadat.com.vn/-ban-nha-hem-oto-nguyen-thai-hoc-gan-dai-hoc-quy-nhon-85-3m2-ngang-4m-nhinh-4-ty-17764604.html
Nhà,Nhà mặt phố/Kinh doanh,Nhà mặt tiền,Thành phố Quy Nhơn,Nguyễn Thị Định,Đường Nguyễn Thị Định trung tâm quy nhơn diện tích nhà 90 m² ngang 5 m. kết cấu nhà 2 mê phòng ốc rộng rải. đầy đủ công năng ( đang cho thuê hoạt động kinh doanh buôn bán). giá chỉ 13tỷ xxx ...... << xem chi tiết >> 20m1 tầng3 phòng ngủchỗ để xe giá: 13,13.5,150.0,90.0,5.0,19.0,Tây,Đang cập nhật,1,3,3,Còn duy nhất giá cực rẻ nhất mặt tiền Nguyễn Thị Định.diện tích 90 m². giá 13tỷ xxx,https://alonhadat.com.vn/con-duy-nhat-gia-cuc-re-nhat-khu-mat-tien-nguyen-thi-dinh-dt-90m2-gia-12ty-xx-18194419.html
Nhà,Nhà mặt phố/Kinh doanh,Nhà mặt tiền,Thành phố Quy Nhơn,Âu Cơ,Đường Âu Cơ,5.0,29.940119760479043,167.0,4.8,34.7,Tây,Đang cập nhật,5,19,3,"Cần bán căn nhà mặt tiền đường Âu Cơ, thành phố quy nhơn, tỉnh bình định.",https://alonhadat.com.vn/cho-thue-kho-xuong-mat-tien-duong-nguyen-man-phuong-nhon-binh-quy-nhon-tinh-binh-dinh--13907725.html
Nhà,Nhà mặt phố/Kinh doanh,Nhà mặt tiền,Thành phố Quy Nhơn,Vũ Bảo,Đường Vũ Bảo,11.9,129.34782608695653,92.0,4.7,19.0,Tây,Đang cập nhật,3,2,3,"Bán 4 căn nhà mặt tiền đường Vũ Bảo, vị trí kinh doanh - diện tích 75 m², 92 m²,188 m², 205 m²",https://alonhadat.com.vn/-can-ban-nha-mat-tien-duong-vu-bao-p-quy-nhon-nam-18243714.html
Nhà,Nhà mặt phố/Kinh doanh,Nhà mặt tiền,Thành phố Quy Nhơn,Mai Hắc Đế,Đường Mai Hắc Đế,15.0,130.43478260869566,115.0,10.0,11.4,Tây,Sổ đỏ,2,2,3,"Góc cua 2 mặt tiền Mai Hắc Đế gần Tây Sơn, 116 m², ngang 10 m.",https://alonhadat.com.vn/goc-cua-2-mat-tien-mai-hac-de-gan-tay-son-116m2-ngang-10m--18217809.html
Nhà,Nhà mặt phố/Kinh doanh,Nhà mặt tiền,Thành phố Quy Nhơn,Hoa Lư,Đường Hoa Lư,7.4,83.14606741573034,89.0,4.0,22.2,Đông,Đang cập nhật,4,6,3,"Bán 2 căn nhà mặt tiền đường Hoa Lư, view trực diện sông - diện tích 89 m², 108 m²",https://alonhadat.com.vn/can-ban-lo-dat-mat-tien-duong-nguen-man-dt-90m2-ngang-5m-huong-dong-bac-lg-20m-7835163.html
Nhà,Căn hộ chung cư,Căn hộ chung cư,Thành phố Quy Nhơn,Nguyễn Huệ,Đường Nguyễn Huệ,1.2,23.076923076923077,52.0,0.0,0.0,Đông,Đang cập nhật,2,1,2,Cần bán căn tms giá 1ty2 full nội thất cao cấp view biển,https://alonhadat.com.vn/can-ban-can-tms-gia-1ty450-full-noi-that-cao-cap-view-bien-13125441.html
Nhà,Nhà mặt phố/Kinh doanh,Nhà mặt tiền,Thành phố Quy Nhơn,Bùi Xuân Phái,Đường Bùi Xuân Phái,7.77,103.6,75.0,5.0,15.0,Đông,Đang cập nhật,3,4,3,Bán nhà 3 mê mặt tiền Bùi Xuân Phái – trung tâm quy nhơn,https://alonhadat.com.vn/-ban-nha-3-me-mat-tien-bui-xuan-phai-trung-tam-quy-nhon-18291060.html
Nhà,Nhà mặt phố/Kinh doanh,Nhà mặt tiền,Thành phố Quy Nhơn,Hai Bà Trưng,Đường Hai Bà Trưng 26 m²,4.1,157.69230769230768,26.0,4.0,6.5,Bắc,Đang cập nhật,4,3,3,"Bán nhà mặt tiền đường Hai Bà Trưng 26 m²,74 m² và 109 m²",https://alonhadat.com.vn/ban-dat-duong-noi-bo-huynh-dang-tho-noi-dai-16432655.html
Đất,Đất nền/Đất ở,Đất thổ cư/đất ở,Huyện Phù Cát,Tỉnh lộ 639,Đường Tỉnh Lộ 639,1.68,23.013698630136986,73.0,5.0,15.0,Đông,Đang cập nhật,0,0,0,Bán 2 lô đất liền kề - suối ông sung - ven Biển Cát tiến. giá chỉ 1 tỉ 680 triệu.,https://alonhadat.com.vn/ban-2-lo-dat-lien-ke-suoi-ong-sung-ven-bien-cat-tien-gia-chi-1-ti-680-trieu--18608913.html
Đất,Đất nền/Đất ở,Đất thổ cư/đất ở,Huyện Tuy Phước,Biển Cát,Đường Ven Biển Cát tiến_diêm vân,0.8,10.0,80.0,5.0,16.0,Tây,Đang cập nhật,0,0,0,"Bán đất thôn vinh quang, xã phước sơn, huyện tuy phước,",https://alonhadat.com.vn/ban-dat-thon-vinh-quang-xa-phuoc-son-huyen-tuy-phuoc--14768623.html
Nhà,Nhà mặt phố/Kinh doanh,Nhà mặt tiền,Thành phố Quy Nhơn,Hoàng Hoa Thám,Đường Hoàng Hoa Thám,6.9,83.13253012048193,83.0,5.0,17.0,Chưa xác định,Đang cập nhật,2,3,3,"Bán nhà 2 tầng mặt tiền đường Hoàng Hoa Thám,phường thị nại,thành phố quy nhơn. giá cực tốt.",https://alonhadat.com.vn/ban-nha-2-tang-mat-tien-duong-hoang-hoa-tham-phuong-thi-nai-tp-quy-nhon-gia-cuc-tot--18287729.html
Nhà,Căn hộ chung cư,Căn hộ chung cư,Thành phố Quy Nhơn,Lê Đức Thọ,Đường Lê Đức Thọ,2.45,34.02777777777778,72.0,0.0,0.0,Tây,Sổ đỏ,2,2,2,Phú tai residence căn 2pn diện tích 72 m² hướng biển đã có sổ đỏ - được hỗ trợ vay ngânhàng,https://alonhadat.com.vn/can-2pn-gia-tot-dang-ban-dot-cuoi-ck-cao-ban-giao-noi-that-go-cao-cap-16962322.html
Nhà,Nhà mặt phố/Kinh doanh,Nhà mặt tiền,Thành phố Quy Nhơn,Tây Sơn,Đường Tây Sơn - phường quy nhơn nam - diện tích: lô 1: 87.5 m2,6.6,66.0,100.0,5.0,20.0,Chưa xác định,Đang cập nhật,3,3,3,"Mở bán 4 căn nhà mới ken, khu dân cư mới gara quyền",https://alonhadat.com.vn/mo-ban-4-can-nha-moi-ken-khu-dan-cu-moi-gara-quyen-18493260.html
Nhà,Biệt thự/Nhà liền kề,"Biệt thự, nhà liền kề",Huyện Tuy Phước,Quốc lộ 19,Đường Quốc Lộ 19,5.5,55.0,100.0,7.0,20.0,Chưa xác định,Đang cập nhật,3,5,4,"Bán shophouse mặt tiền quốc lộ 19c, phước thuận, bình định",https://alonhadat.com.vn/ban-shophouse-mat-tien-quoc-lo-19c-phuoc-thuan-binh-dinh-15693520.html
Nhà,Nhà mặt phố/Kinh doanh,Nhà mặt tiền,Thành phố Quy Nhơn,Xuân Diệu,Đường Xuân Diệu. view trực diện biển quy nhơn. giá siêu tốt hôm nay bán căn nhà cấp 4,20.0,198.01980198019803,101.0,6.5,15.5,Đông,Đang cập nhật,1,1,3,Bán căn nhà mặt tiền đường Xuân Diệu. view trực diện biển quy nhơn. giá siêu tốt,https://alonhadat.com.vn/ban-can-nha-mat-tien-duong-xuan-dieu-view-truc-dien-bien-quy-nhon-gia-sieu-tot-17716167.html
Đất,Đất nền/Đất ở,Đất thổ cư/đất ở,Huyện Tuy Phước,Không rõ,Không rõ,0.751,10.728571428571428,70.0,5.0,14.0,Đông,Đang cập nhật,0,0,0,"Bán đất thôn vinh quang, xã phước sơn, huyện tuy phước, tỉnh bình định.",https://alonhadat.com.vn/ban-dat-thon-vinh-quang-xa-phuoc-son-huyen-tuy-phuoc-tinh-binh-dinh--14937311.html
Đất,Đất nền/Đất ở,Đất thổ cư/đất ở,Thành phố Quy Nhơn,Trạng Quỳnh,Đường Trạng Quỳnh - gần khu dân cư mới gara quyền - diện tích 87.5 m2,3.75,42.61363636363637,88.0,5.0,18.0,Chưa xác định,Đang cập nhật,0,0,0,Mặt tiền Trạng Quỳnh - gần khu gara quyền,https://alonhadat.com.vn/mat-tien-trang-quynh-gan-khu-gara-quyen-18693397.html
Nhà,Biệt thự/Nhà liền kề,"Biệt thự, nhà liền kề",Thành phố Quy Nhơn,Không rõ,Không rõ,12.0,48.0,250.0,7.0,20.0,Tây,Đang cập nhật,3,5,4,Bán nhiều lô đất khu biệt thự đại phú gia - 225 m². đơn giá 45 -50tr/m2 tùy vị trí - sổ sẵn,https://alonhadat.com.vn/-cho-thue-can-ho-vina2-khong-gian-song-ly-tuong-san-sang-don-vao-ban-dang-tim-mo-17559775.html
Nhà,Nhà mặt phố/Kinh doanh,Nhà mặt tiền,Thành phố Quy Nhơn,Điện Biên Phủ,Đường Điện Biên Phủ - quy nhơn ! hôm nay • vị trí kinh doanh thuộc khu đô thị hiện đại đồng bộ toàn nhà cao tầng - bề ngang rộng - mặt tiền đường Điện Biên Phủ thành phố quy nhơn ! • vị trí thuộc lõi trung tâm của thành phố • nằm trên trục đường chính kết...... << xem chi tiết >> 40m4 tầng4 phòng ngủchỗ để xe giá: 8,8.7,63.503649635036496,137.0,7.2,19.0,Tây,Đang cập nhật,5,4,3,Nhà 3.5 tầng mặt tiền kinh doanh đường Điện Biên Phủ - quy nhơn !,https://alonhadat.com.vn/nha-3-5-tang-mat-tien-kinh-doanh-duong-dien-bien-phu-quy-nhon--18676141.html
Nhà,Nhà riêng/Trong hẻm,Nhà trong hẻm,Thành phố Quy Nhơn,Nguyễn Thái Học,Đường Nguyễn Thái Học,2.49,52.97872340425532,47.0,4.5,13.0,Chưa xác định,Đang cập nhật,2,2,3,"Chính chủ bán nhà Nguyễn Thái Học, phường. Ngô Mây, bình định. diện tích 47 m², giá 2 tỷ 490",https://alonhadat.com.vn/chinh-chu-ban-nha-nguyen-thai-hoc-p-ngo-may-binh-dinh-dt-47m2-gia-2-ty-490-18661146.html
Nhà,Căn hộ chung cư,Căn hộ chung cư,Thành phố Quy Nhơn,Lê Duẩn,Đường Lê Duẩn,3.65,38.020833333333336,96.0,8.0,12.0,Tây,Đang cập nhật,36,3,2,"Bán căn hộ the sailing quy nhơn, loại căn hộ 3 phòng ngủ, diện tích 96 m².",https://alonhadat.com.vn/ban-can-ho-the-sailing-quy-nhon-loai-can-ho-3-phong-ngu-dien-tich-96m2--14878768.html
Đất,Đất nền/Đất ở,Đất thổ cư/đất ở,Thành phố Quy Nhơn,N1,Đường N1,2.29,25.444444444444443,90.0,6.0,15.0,Nam,Đang cập nhật,0,0,0,"Mở bán đất eo gió - nhơn lý. khu dân cư suối cả,nhơn lý giá 2 tỷ 290",https://alonhadat.com.vn/-mo-ban-lo-2-1-dat-eo-gio-nhon-ly-khu-dan-cu-suoi-ca-doi-dien-flc-nhon-ly-18585727.html
Nhà,Nhà mặt phố/Kinh doanh,Nhà mặt tiền,Thành phố Quy Nhơn,Trần Hưng Đạo,Đường Trần Hưng Đạo,16.5,65.47619047619048,252.0,7.5,36.3,Chưa xác định,Đang cập nhật,1,2,3,"Bán căn nhà mặt tiền đường Trần Hưng Đạo, phường Đống Đa, quy nhơn. diện tích đất 252 m².",https://alonhadat.com.vn/ban-can-nha-mat-tien-duong-tran-hung-dao-phuong-dong-da-quy-nhon-dien-tich-dat-252m2--17687228.html
Nhà,Nhà mặt phố/Kinh doanh,Nhà mặt tiền,Thành phố Quy Nhơn,Xuân Diệu,Đường Xuân Diệu view trực diện b hôm nay bán căn nhà cấp 4,20.0,198.01980198019803,101.0,6.5,15.5,Đông,Đang cập nhật,1,1,3,"Bán căn nhà cấp 4, vị trí đắc địa nhất quy nhơn, mặt tiền đường Xuân Diệu view trực diện b",https://alonhadat.com.vn/ban-can-nha-cap-4-vi-tri-dac-dia-nhat-quy-nhon-mat-tien-duong-xuan-dieu-view-truc-dien-b-17716406.html
Nhà,Nhà riêng/Trong hẻm,Nhà trong hẻm,Thành phố Quy Nhơn,Trần Thị Kỷ,Đường Trần Thị Kỷ,3.05,67.77777777777777,45.0,3.4,13.0,Chưa xác định,Sổ đỏ,2,2,2,Nhà ôm góc hẻm - phường. quy nhơn nam - gần chợ khu 6 - 2 tầng - hẻm 3 m - 45m23 tỷ 050tr,https://alonhadat.com.vn/-nha-om-goc-hem-p-quy-nhon-nam-gan-cho-khu-6-2-tang-hem-3m-45m2-3-ty-050tr-18372466.html
Nhà,Nhà mặt phố/Kinh doanh,Nhà mặt tiền,Thành phố Quy Nhơn,Nguyễn Nhạc,Đường Nguyễn Nhạc,11.0,79.71014492753623,138.0,6.0,24.0,Chưa xác định,Đang cập nhật,2,6,3,"Bán căn nhà cực đẹp mặt tiền đường Nguyễn Nhạc, thành phố quy nhơn, tỉnh bình định",https://alonhadat.com.vn/ban-can-nha-2-tang-cuc-dep-mat-tien-duong-nguyen-nhac-thanh-pho-quy-nhon-tinh-binh-dinh-13646377.html
Nhà,Nhà riêng/Trong hẻm,Nhà trong hẻm,Thành phố Quy Nhơn,Huỳnh Tấn Phát,Đường Nội Bộ Huỳnh Tấn Phát,3.7,78.72340425531915,47.0,4.5,13.0,Đông,Đang cập nhật,3,3,3,Bán nhà 3 mê mới xây mặt tiền đg 12 m gần cầu chữ y hà thanh 1 diện tích 47 m² giá 3ty700,https://alonhadat.com.vn/ban-nha-3-me-moi-xay-mat-tien-dg-12m-gan-cau-chu-y-ha-thanh-1-dt-47m2-gia-3ty700-18254567.html
Nhà,Nhà riêng/Trong hẻm,Nhà trong hẻm,Thành phố Quy Nhơn,Hải Thượng Lãn Ông,Đường Hải Thượng Lãn Ông,6.6,115.78947368421052,57.0,4.5,13.0,Chưa xác định,Đang cập nhật,3,12,3,"Bán homestay sau 1 căn mặt tiền gần biển quy nhơn, cách biển 70 m, 3me giá giảm mạnh 6tyxxx",https://alonhadat.com.vn/ban-homestay-sau-1-can-mat-tien-gan-bien-quy-nhon-cach-bien-70m-3me-gia-giam-manh-6tyxxx-13253151.html
Nhà,Căn hộ chung cư,Căn hộ chung cư,Thành phố Quy Nhơn,Nguyễn Thái Học,Đường Nguyễn Thái Học,1.3,22.80701754385965,57.0,8.0,7.0,Đông,Đang cập nhật,17,2,2,Bán căn hộ thịnh phát tower - trung tâm thành phố quy nhơn !,https://alonhadat.com.vn/can-sang-nhuong-lai-can-ho-chung-cu-thinh-phat-tower-trung-tam-tp-quy-nhon--5238787.html
Nhà,Biệt thự/Nhà liền kề,"Biệt thự, nhà liền kề",Thành phố Quy Nhơn,Hoài Thanh,Đường Hoài Thanh,14.0,116.66666666666667,120.0,8.6,18.0,Đông,Đang cập nhật,4,15,4,"Mở bán căn góc 04 mê mặt tiền đường Hoài Thanh, thành phố . quy nhơn .",https://alonhadat.com.vn/ban-nha-04-tang-mat-tien-duong-luu-quang-vu-khu-dt-an-phuoc-tp-quy-nhon-15663450.html
Đất,Đất nền/Đất ở,Đất thổ cư/đất ở,Thành phố Quy Nhơn,Nguyễn Diêu,Đường Nguyễn Diêu,3.25,31.862745098039216,102.0,6.0,17.0,Chưa xác định,Đang cập nhật,0,0,0,Bán lô đất vip - mặt tiền Nguyễn Diêu - chợ dinh,https://alonhadat.com.vn/ban-lo-dat-vip-mat-tien-nguyen-dieu-cho-dinh-18442234.html
Nhà,Căn hộ chung cư,Căn hộ chung cư,Thành phố Quy Nhơn,Không rõ,Đường ngay vòng xoay sầm uất nhộn nhịp,1.38,27.6,50.0,0.0,0.0,Chưa xác định,Đang cập nhật,41,1,2,"Bán lỗ căn hộ grand center quy nhơn, sở hữu lâu dài, tiện ích đẳng cấp",https://alonhadat.com.vn/ban-lo-can-ho-grand-center-quy-nhon-so-huu-lau-dai-tien-ich-dang-cap-13791562.html
Đất,Đất nền/Đất ở,Đất thổ cư/đất ở,Thị xã An Nhơn,Cần Vương,Đường Cần Vương,1.9,19.0,100.0,5.0,20.0,Chưa xác định,Đang cập nhật,0,0,0,"Bán đất khu đô thị tân an reverside an nhơn. diện tích 100 m². lộ giới 18 m, trục chính.",https://alonhadat.com.vn/ban-dat-khu-do-thi-tan-an-reverside-an-nhon-dien-tich-100m2-lo-gioi-18m-truc-chinh--18349394.html
Nhà,Nhà mặt phố/Kinh doanh,Nhà mặt tiền,Thành phố Quy Nhơn,Nguyễn Thái Học,Đường Nguyễn Thái Học,3.45,55.645161290322584,62.0,5.0,18.0,Chưa xác định,Đang cập nhật,3,3,3,"Bán nhà 3 mê hẻm cạn nguyễn thái phường. nguyễn văn cừ quy nhơn, 44 m², giá giảm sâu 3 tỷ 4xz",https://alonhadat.com.vn/chinh-chu-ban-nha-mat-tien-phuong-quy-nhon-62m-chi-3ty-xyz-lo-gioi-14m-view-cong-vien-17642192.html
Nhà,Căn hộ chung cư,Căn hộ chung cư,Thành phố Quy Nhơn,Trần Hưng Đạo,Đường Trần Hưng Đạo,2.2,33.84615384615385,65.0,0.0,0.0,Chưa xác định,Sổ hồng,2,2,2,"Chủ bán nhanh căn hộ altara view biển, full nội thất 2pn 65 m² tầng 19. 2,2 tỷ, sổ hồng",https://alonhadat.com.vn/chu-ban-nhanh-can-ho-altara-view-bien-full-noi-that-2pn-65m2-tang-19-2-4-ty-so-hong-12231157.html
Nhà,Nhà mặt phố/Kinh doanh,Nhà mặt tiền,Thành phố Quy Nhơn,Trần Lương,Đường Trần Lương 102 m² hôm nay 🌈🌈bán nhà mặt tiền đường Trần Lương – phường. nguyễn văn cừ,7.0,68.62745098039215,102.0,4.0,25.0,Đông,Đang cập nhật,3,2,3,Bán nhà mặt tiền đường Trần Lương 102 m²,https://alonhadat.com.vn/ban-nha-3-tang-duong-tran-ky-phong-gan-duong-chang-lia-ben-hong-chung-cu-long-thinh-73m2-8422614.html
Nhà,Nhà mặt phố/Kinh doanh,Nhà mặt tiền,Thành phố Quy Nhơn,Trần Phú,Đường Trần Độc – phường Trần Phú - diện tích 74 m² - giá 8 tỷ 380tr hôm nay ✨ bán nhà mê lỡ mặt tiền đường Trần Độc – phường Trần Phú – thành phố. quy nhơn vị trí đắt giá – khu phố ẩm thực – sát biển – trung tâm thành phố! ✅ thông tin chi tiết: • diện tích: 73m² (ngang 4 m – vuông vức,8.38,114.79452054794521,73.0,4.0,18.5,Tây,Đang cập nhật,3,2,3,Bán nhà mê lỡ mặt tiền đường Trần Độc – phường Trần Phú - diện tích 74 m² - giá 8 tỷ 380tr,https://alonhadat.com.vn/can-ban-nha-2-tang-mat-tien-no-trang-long-dt-118m2-ngang-6m-15251085.html
Nhà,Căn hộ chung cư,Căn hộ chung cư,Thành phố Quy Nhơn,Điện Biên Phủ,Đường Điện Biên Phủ,0.74,22.424242424242426,33.0,4.0,9.0,Chưa xác định,Đang cập nhật,8,1,2,Tổng hợp các căn hộ cắt lỗ tại chung cư ecolife thành phố quy nhơn giá chỉ từ 740 triệu/căn,https://alonhadat.com.vn/tong-hop-cac-can-ho-cat-lo-tai-chung-cu-ecolife-tp-quy-nhon-gia-chi-tu-740-trieu-can-18195713.html
Đất,Đất nền/Đất ở,Đất thổ cư/đất ở,Huyện Phù Cát,Tỉnh lộ 639,Đường ĐT639,8.25,20.99236641221374,393.0,16.0,25.0,Chưa xác định,Đang cập nhật,0,0,0,"Cần bán lô đất 2 mặt tiền vị trí đắc địa nhất: mặt tiền diện tích 639, thôn tân thanh, cát hải,",https://alonhadat.com.vn/minh-chinh-chu-can-ban-lo-dat-mat-tien-duong-15m-cach-bien-chi-300m-o-xa-cat-hai--16371757.html
Nhà,Biệt thự/Nhà liền kề,"Biệt thự, nhà liền kề",Thành phố Quy Nhơn,Không rõ,Không rõ,10.0,49.75124378109453,201.0,10.0,20.0,Chưa xác định,Đang cập nhật,3,5,4,Bán nhanh các căn biệt thự trong khu đô thị đại phú gia,https://alonhadat.com.vn/ban-nhanh-cac-can-biet-thu-trong-khu-do-thi-dai-phu-gia-14222637.html
Đất,Đất nền/Đất ở,Đất thổ cư/đất ở,Thành phố Quy Nhơn,Không rõ,Không rõ,7.8,31.9672131147541,244.0,19.4,12.7,Đông,Đang cập nhật,0,0,0,Mở bán 4 lô liền kề mặt biển tại làng chài nhơn hải - quy nhơn - giá rẻ,https://alonhadat.com.vn/mo-ban-4-lo-lien-ke-mat-bien-tai-lang-chai-nhon-hai-quy-nhon-gia-re-18552992.html
Nhà,Nhà riêng/Trong hẻm,Nhà trong hẻm,Thành phố Quy Nhơn,Hùng Vương,Đường Hùng Vương,1.75,43.75,40.0,4.5,9.0,Chưa xác định,Đang cập nhật,2,2,2,"Bán nhà hẻm cạn rộng Hùng Vương nhơn phú 40 m² ngang4,5 m giá mềm cho zkck trẻ 1 tê xyz +nhà",https://alonhadat.com.vn/ban-nha-hem-can-rong-hung-vuong-nhon-phu-40m2-ngang4-5m-gia-mem-cho-zkck-tre-1-te-xyz-nha-18709698.html
Đất,Đất nền/Đất ở,Đất thổ cư/đất ở,Huyện Phù Cát,Không rõ,Không rõ,1.6,14.285714285714286,112.0,5.0,18.0,Nam,Đang cập nhật,0,0,0,"Bán đất thị trấn cát tiến, huyện phù cát, tỉnh bình định.",https://alonhadat.com.vn/ban-dat-thi-tran-cat-tien-huyen-phu-cat-tinh-binh-dinh--14481310.html
Đất,Đất nền/Đất ở,Đất thổ cư/đất ở,Huyện Phù Cát,Nguyễn Nhạc,Đường Nguyễn Nhạc,2.8,26.923076923076923,104.0,4.0,26.0,Chưa xác định,Đang cập nhật,0,0,0,"Bán đất mặt tiền đường Nguyễn Nhạc, trục đường lớn nhất giá trí nhất ven Biển Cát tiến.",https://alonhadat.com.vn/ban-dat-mat-tien-duong-nguyen-nhac-truc-duong-lon-nhat-gia-tri-nhat-ven-bien-cat-tien--17908413.html
Nhà,Biệt thự/Nhà liền kề,"Biệt thự, nhà liền kề",Thành phố Quy Nhơn,Long Vân,Đường Long Vân - long mỹ view nhánh sông hà thanh,4.579,45.79,100.0,5.0,20.0,Chưa xác định,Đang cập nhật,5,5,4,"Cực hiếm, cần bán nhà 2 mặt tiền view sông trung tâm thành phố. quy nhơn, gần dự án fpt",https://alonhadat.com.vn/cuc-hiem-can-ban-nha-2-mat-tien-view-song-trung-tam-tp-quy-nhon-gan-du-an-fpt-16593072.html
Đất,Đất nền/Đất ở,Đất nền/liền kề/đất dự án,Huyện Phù Cát,Hoàng Sa,Đường Hoàng Sa,10.0,31.25,320.0,16.0,20.0,Đông,Đang cập nhật,0,0,0,Bán đất liền kề khu đô thị cát tiến và cát hải 320 m² và 400 m²,https://alonhadat.com.vn/ban-2-lo-dat-lien-ke-khu-do-thi-cat-tien-mat-tien-duong-hoang-sa-17278642.html
Nhà,Nhà riêng/Trong hẻm,Nhà trong hẻm,Thành phố Quy Nhơn,Ngô Đức Đệ,Đường Ngô Đức Đệ diện tích: 44 m² ngang 4 m hướng tây nam kết cấu: nhà 3 tầng,3.65,82.95454545454545,44.0,4.0,11.0,Tây,Đang cập nhật,3,3,3,Bán nhà 3 tầng hẻm Ngô Đức Đệ 44 m²,https://alonhadat.com.vn/ban-nha-3-tang-hem-ngo-duc-de-44m2-18480730.html
Nhà,Nhà riêng/Trong hẻm,Nhà trong hẻm,Thành phố Quy Nhơn,Không rõ,Không rõ,5.95,80.4054054054054,74.0,4.5,13.0,Chưa xác định,Đang cập nhật,1,2,3,"Bán nhà mặt tiền trung tâm gần Lý Thường Kiệt, Trần Phú, biển quy nhơn 74 m² 5ty xyz",https://alonhadat.com.vn/ban-dat-mat-tien-le-thi-rieng-gan-khu-du-lich-bien-han-mac-tu-cho-ghenh-rang-quy-nhon-80m2-16144801.html
Nhà,Nhà mặt phố/Kinh doanh,Nhà mặt tiền,Thành phố Quy Nhơn,Nguyễn Trung Ngạn,Đường Nguyễn Trung Ngạn 76 m² hôm nay bán nhà mặt tiền đường Nguyễn Trung Ngạn diện tich: 76 m² ngang 4,9.99,131.44736842105263,76.0,4.9,15.5,Nam,Đang cập nhật,4,3,3,Bán nhà mặt tiền đường Nguyễn Trung Ngạn 76 m²,https://alonhadat.com.vn/ban-lo-dat-mat-tien-duong-nguyen-huu-than-90m2-song-song-voi-duong-nguyen-dieu-8390344.html
Nhà,Nhà riêng/Trong hẻm,Nhà trong hẻm,Thành phố Quy Nhơn,Nguyễn Thái Học,Đường Nguyễn Thái Học,3.2,69.56521739130434,46.0,3.4,12.4,Đông,Đang cập nhật,1,3,3,"Bán nhà 1 mê hẻm cạn Nguyễn Thái Học, hẻm rộng 3 m - diện tích 46 m² ngang 3,4 m - huyện.đông bắc",https://alonhadat.com.vn/-ban-nha-1-me-hem-can-nguyen-thai-hoc-hem-rong-3m-dt-46m2-ngang-3-4m-h-dong-bac-18518975.html
Nhà,Nhà riêng/Trong hẻm,Nhà trong hẻm,Thành phố Quy Nhơn,Hoàng Văn Thụ,Đường Hoàng Văn Thụ,2.55,63.75,40.0,4.0,10.0,Tây,Đang cập nhật,1,2,2,"Bán nhà hẻm 3 m Hoàng Văn Thụ,ngay chợ khu 6,nhà thuốc Ngô Mây, 1 mê mới,40 m2",https://alonhadat.com.vn/ban-nha-nha-c4-dia-chi-so-14-mat-tien-thanh-nien-gan-khu-do-thi-an-phu--17698198.html
Nhà,Nhà riêng/Trong hẻm,Nhà trong hẻm,Thành phố Quy Nhơn,Nguyễn Văn Hiển,Đường Nguyễn Văn Hiển,6.0,46.875,128.0,5.6,18.9,Tây,Đang cập nhật,3,4,3,Bán nhà 3 tầng hẻm nội bộ Nguyễn Văn Hiển – sát biển Chương Dương,https://alonhadat.com.vn/-ban-nha-3-tang-hem-noi-bo-nguyen-van-hien-sat-bien-chuong-duong-18437597.html
Nhà,Biệt thự/Nhà liền kề,"Biệt thự, nhà liền kề",Thành phố Quy Nhơn,Long Vân,Đường Long Vân - long mỹ 24/05/2026 5 suất ngoại giao dự án solera quy nhơn mở bán giai đoạn f0 trực tiếp chủ đầu tư nhanh tay sở hữu những căn shophouse tại solera quy nhơn,4.6,46.0,100.0,5.0,20.0,Chưa xác định,Đang cập nhật,5,6,4,"5 suất nội bộ solera quy nhơn ưu đãi trực tiếp từ chủ đầu tư, mặt tiền đường Long Vân - long mỹ",https://alonhadat.com.vn/5-suat-noi-bo-solera-quy-nhon-uu-dai-truc-tiep-tu-chu-dau-tu-mt-duong-long-van-long-my-16608311.html
Nhà,Nhà riêng/Trong hẻm,Nhà trong hẻm,Thành phố Quy Nhơn,Lê Lợi,Đường Lê Lợi 54 m² và 45 m² hôm nay 👉👉 căn 1: nhà 2 tầng 2 mặt hẻm trước sau gần khách sạn công đoàn diện tích: 54 m² ngang 5 m nhà còn mới,3.15,57.27272727272727,55.0,5.0,10.8,Chưa xác định,Đang cập nhật,2,2,3,Bán nhà hẻm cạn đường Lê Lợi 54 m² và 45 m²,https://alonhadat.com.vn/ban-dat-goc-2-mat-tien-duong-bui-duc-son-va-vu-dinh-huan-72m2-15759406.html
Đất,Đất nền/Đất ở,Đất nền/liền kề/đất dự án,Thành phố Quy Nhơn,Không rõ,Đường a4 rộng 15 m thuộc khu tđc đê đông nhơn bình,2.57,42.833333333333336,60.0,4.0,15.0,Đông,Đang cập nhật,0,0,0,"Bán đất khu tđc đê đông, phường nhơn bình. diện tích đa dạng. giá tốt nhất.",https://alonhadat.com.vn/can-ban-can-nha-mat-tien-duong-nguyen-beo-phuong-dong-da-thanh-pho-quy-nhon--14882499.html
Nhà,Biệt thự/Nhà liền kề,"Biệt thự, nhà liền kề",Thành phố Quy Nhơn,Chế Lan Viên,Đường Chế Lan Viên,5.6,62.22222222222222,90.0,4.5,20.0,Chưa xác định,Đang cập nhật,3,4,4,"Nhà đất xây sẵn, đất nền cách biển 300 m, sở hữu lâu dài, tiện ích đẳng cấp",https://alonhadat.com.vn/nha-dat-xay-san-cach-bien-300m-so-huu-lau-dai-tien-ich-dang-cap-13764862.html
Đất,Đất nền/Đất ở,Đất thổ cư/đất ở,Huyện Tuy Phước,Không rõ,Không rõ,1.2,12.0,100.0,5.0,20.0,Bắc,Sổ đỏ,0,0,0,"Bán đất khu dân cư gần Quốc Lộ 19, xã phước lộc. giá rẻ nhất khu vực.",https://alonhadat.com.vn/ban-08-lo-lien-ke-thuoc-khu-dan-cu-mat-tien-quoc-lo-19-thuoc-xa-phuoc-loc-17096701.html
Đất,Đất nền/Đất ở,Đất nền/liền kề/đất dự án,Huyện Tuy Phước,Không rõ,Đường thông thoán...... << xem chi tiết >> 14 m giá: 1,1.32,13.2,100.0,5.0,20.0,Tây,Đang cập nhật,0,0,0,"Cần bán gấp lô đất diện tích 100 m² thôn hanh quang,tuy phước, gia lai",https://alonhadat.com.vn/-can-ban-gap-lo-dat-dt-100m2-thon-hanh-quang-tuy-phuoc-gia-lai-17787235.html
Nhà,Căn hộ chung cư,Căn hộ chung cư,Thành phố Quy Nhơn,Trần Hưng Đạo,Đường Trần Hưng Đạo,1.8,29.032258064516128,62.0,0.0,0.0,Đông,Đang cập nhật,40,2,2,"Cần tiền bán căn hộ altara ngay biển quy nhơn, 62 m² giá 1ty8 full nội thất cao cấp",https://alonhadat.com.vn/can-tien-ban-can-ho-altara-ngay-bien-quy-nhon-62m2-gia-1ty7-full-noi-that-cao-cap-13672210.html
Nhà,Biệt thự/Nhà liền kề,"Biệt thự, nhà liền kề",Thành phố Quy Nhơn,Số 4,Đường Số 4,10.5,52.5,200.0,9.0,22.0,Tây,Đang cập nhật,3,3,4,Chủ kẹt giảm sâu nhà biệt thự 3 tầng khu biệt thự đại phú gia - diện tích 200 m² ngang 9 m,https://alonhadat.com.vn/can-ban-lo-dat-goc-2-mat-tien-duong-le-thanh-nghi-ta-quang-buu-dt-132m2-ngang-9m-14184683.html
Nhà,Căn hộ chung cư,Căn hộ chung cư,Thành phố Quy Nhơn,Lê Đức Thọ,Đường Lê Đức Thọ,1.986,30.553846153846155,65.0,8.0,9.0,Đông,Đang cập nhật,16,2,2,Căn hộ phú tài residence giá chỉ 1 tỷ 986 triệu / căn 2pn full nội thất cơ bản !!!,https://alonhadat.com.vn/can-ho-phu-tai-residence-gia-chi-1-ty-8-can-2pn-full-noi-that-co-ban--15952638.html
Đất,Đất nền/Đất ở,Đất thổ cư/đất ở,Thành phố Quy Nhơn,Không rõ,Đường a5. nối liền chung cư lammer và dự án phú gia royal pak diện tích: 100 m² ngang 5 m sạch đẹp,3.9,39.0,100.0,5.0,20.0,Tây,Sổ đỏ,0,0,0,Hàng hiếm giá rẻ 1 lô duy nhất. gara quyền a5. diện tích: 100 m² ngang 5 m giá chốt 3tỷ9,https://alonhadat.com.vn/hang-hiem-gia-re-1-lo-duy-nhat-gara-quyen-a5-dt-100m2-ngang-5m-gia-chot-3ty950-18676062.html
Nhà,Nhà mặt phố/Kinh doanh,Nhà mặt tiền,Thành phố Quy Nhơn,Trần Anh Tông,Đường Trần Anh Tông,9.9,116.47058823529412,85.0,5.0,17.0,Đông,Đang cập nhật,1,1,3,Hạ nhiệt - chốt lỗ đất mtkd 85 m² - gần Chương Dương - chỉ 300 m ra biển - hướng đông nam,https://alonhadat.com.vn/ha-nhiet-chot-lo-dat-mtkd-85m2-gan-chuong-duong-chi-300m-ra-bien-huong-dong-nam-18692295.html
Nhà,Căn hộ chung cư,Căn hộ chung cư,Thành phố Quy Nhơn,Lê Duẩn,Đường Lê Duẩn,3.3,54.09836065573771,61.0,9.0,10.0,Đông,Đang cập nhật,36,3,2,Quỹ căn nội bộ the sailing quy nhơn - trực biển,https://alonhadat.com.vn/ban-lo-can-goc-truc-bien-the-sailing-quy-nhon-3pn-91m2-15125731.html
Nhà,Nhà mặt phố/Kinh doanh,Nhà mặt tiền,Thành phố Quy Nhơn,Huỳnh Thị Đào,Đường Huỳnh Thị Đào 81 m² hôm nay 💚 bán nhà kinh doanh 3 mê siêu đẹp (diện tích lớn) mặt tiền chợ Điện Biên Phủ. địa chỉ đặt tiền đường Huỳnh Thị Đào. giá 5 tỷ 6 💚 diện tích 81 m2 (ngang 4,5.6,69.1358024691358,81.0,4.5,18.0,Tây,Đang cập nhật,3,4,3,Bán nhà mặt tiền đường Huỳnh Thị Đào 81 m²,https://alonhadat.com.vn/ban-nha-mat-tien-duong-huynh-thi-dao-81m2-18221864.html
Nhà,Nhà riêng/Trong hẻm,Nhà trong hẻm,Thành phố Quy Nhơn,Ngô Đức Đệ,Đường Ngô Đức Đệ,3.65,82.95454545454545,44.0,4.0,11.0,Chưa xác định,Đang cập nhật,4,4,3,"Chính chủ bán nhà 3,5 mê xây ở kiên cố gần flc tower trung tâm biển quy nhơn giá chỉ 3 tyx",https://alonhadat.com.vn/chinh-chu-ban-nha-3-5-me-xay-o-kien-co-gan-flc-tower-trung-tam-bien-quy-nhon-gia-chi-3-tyx-18597595.html
Nhà,Nhà mặt phố/Kinh doanh,Nhà mặt tiền,Thành phố Quy Nhơn,Trần Hưng Đạo,Đường Trần Hưng Đạo trung tâm quy nhơn. giá tốt nhất hôm nay bán căn nhà mặt tiền đường Trần Hưng Đạo,16.5,65.47619047619048,252.0,7.5,36.3,Chưa xác định,Đang cập nhật,1,2,3,Bán căn nhà mặt tiền đường Trần Hưng Đạo trung tâm quy nhơn. giá tốt nhất,https://alonhadat.com.vn/ban-can-nha-mat-tien-duong-tran-hung-dao-trung-tam-quy-nhon-gia-tot-nhat-17687173.html
Nhà,Nhà riêng/Trong hẻm,Nhà trong hẻm,Thành phố Quy Nhơn,Không rõ,Đường trước nhà 3,1.89,36.34615384615385,52.0,3.6,14.5,Tây,Đang cập nhật,2,2,3,"Bán nhà hẻm Hàn Mặc Tử 66 m², 77 m² và 52 m²",https://alonhadat.com.vn/ban-nha-1-me-hem-dao-tan-43m2-11757237.html
Nhà,Biệt thự/Nhà liền kề,"Biệt thự, nhà liền kề",Thành phố Quy Nhơn,Số 2,Đường Số 2,8.3,62.40601503759399,133.0,7.0,19.0,Đông,Đang cập nhật,3,6,4,Bán căn biệt thự khu đô thị kim cúc diện tích 133 m² ngang 7 m giá 8ty300,https://alonhadat.com.vn/ban-can-biet-thu-vila-khu-do-thi-kim-cuc-dt-133m2-ngang-7m-gia-8ty300-15513750.html
Đất,Đất nền/Đất ở,Đất nền/liền kề/đất dự án,Thành phố Quy Nhơn,Không rõ,Đường 10 m sát siêu thị big c. 🌈🌈 lô 1: 💫diện tích 115 m² (5x23) giá: 5ty175tr thương lượng 🌈🌈 lô 2: 💫 diện tích: 200 m² ( 3 mặt tiền đư...... << xem chi tiết >> 16 m giá: 5,5.175,45.0,115.0,5.0,23.0,Bắc,Đang cập nhật,0,0,0,"Bán đất khu biệt thự đô thị xanh vũng chua 115 m², 133 m² và 200 m²",https://alonhadat.com.vn/ban-dat-co-nha-cu-72-5m2-duong-noi-bo-o-to-ly-thai-to-huong-dong-nam-p-nguyen-van-cu-8069563.html
Đất,Đất nền/Đất ở,Đất thổ cư/đất ở,Thành phố Quy Nhơn,Lý Thái Tổ,Đường Thanh Niên. diện tích 119 m² ngang 5 m. giá 7tỷ xx 25/05/2026 🏡 bán vài lô đất mặt đường kinh doanh Thanh Niên Trung Tâm gần biển quy nhơn 📍 vị trí: ngay ngã tư Lý Thái Tổ & Thanh Niên 📐 diện tích: 119 m² 📏 ngang: 5 m 🧭 hướng: đông nam 📒 pháp lý: sổ đỏ đầy đủ 💰 giá...... << xem chi tiết >> 14 m giá: 7,7.2,60.50420168067227,119.0,5.0,19.0,Đông,Sổ đỏ,0,0,0,Bán vài lô đất đường Thanh Niên. diện tích 119 m² ngang 5 m. giá 7tỷ xx,https://alonhadat.com.vn/ban-vai-lo-dat-duong-thanh-nien-dt-119m2-ngang-5m-gia-khoi-diem-4ty200-18584916.html
Nhà,Nhà riêng/Trong hẻm,Nhà trong hẻm,Thành phố Quy Nhơn,Ngô Mây,Đường Ngô Mây - vị trí trung tâm quy nhơn,3.25,85.52631578947368,38.0,3.5,12.0,Tây,Đang cập nhật,3,3,3,"Bán nhà 3 tầng mới xây hẻm 171/17/1 Ngô Mây diện tích 38,5 m² giá 3ty250",https://alonhadat.com.vn/ban-nha-mat-tien-dg-nguyen-thai-hoc-dt-375m2-ngang-10m-gia-35-ty-huong-dong-nam-16552896.html
Nhà,Nhà mặt phố/Kinh doanh,Nhà mặt tiền,Thành phố Quy Nhơn,Chương Dương,Đường Yết Kiêu khu gần Chương Dương 73 m² hôm nay bán nhà mặt tiền đường Yết Kiêu khu gần chợ Chương Dương,7.5,102.73972602739725,73.0,4.5,16.2,Tây,Đang cập nhật,4,13,3,Bán nhà mặt tiền đường Yết Kiêu khu gần Chương Dương 73 m²,https://alonhadat.com.vn/ban-dat-mat-tien-duong-pham-ngu-lao-gan-dien-hong-78m2-8010072.html
Nhà,Căn hộ chung cư,Căn hộ chung cư,Thành phố Quy Nhơn,Trần Hưng Đạo,Đường Trần Hưng Đạo,2.1,45.65217391304348,46.0,0.0,0.0,Chưa xác định,Đang cập nhật,15,2,2,Bán căn hộ cao cấp simona heights (Trần Hưng Đạo) thương mại - 38tr/m2,https://alonhadat.com.vn/ban-can-ho-cao-cap-simona-heights-tran-hung-dao-thuong-mai-26tr-m2-13803243.html
Nhà,Biệt thự/Nhà liền kề,"Biệt thự, nhà liền kề",Thành phố Quy Nhơn,Quốc lộ 19B,Đường Quốc Lộ 19B,4.0,44.44444444444444,90.0,7.0,20.0,Chưa xác định,Đang cập nhật,3,4,4,"Siêu phẩm - căn góc shophouse tại homliday eo gió, diện tích 90 m², hàng hiếm giá lại còn ưu đãi",https://alonhadat.com.vn/sieu-pham-can-goc-shophouse-tai-homliday-eo-gio-dt-90m2-hang-hiem-gia-lai-con-uu-dai-18418527.html
Nhà,Biệt thự/Nhà liền kề,"Biệt thự, nhà liền kề",Thành phố Quy Nhơn,Chế Lan Viên,Đường Chế Lan Viên,5.5,61.111111111111114,90.0,4.5,20.0,Chưa xác định,Đang cập nhật,3,4,4,"Bán gấp nhiều căn nhà phố hoàn thiện nằm trong khu dân cư sầm uất, tiện ích đẳng cấp",https://alonhadat.com.vn/ban-gap-nhieu-can-nha-pho-hoan-thien-nam-trong-khu-dan-cu-sam-uat-tien-ich-dang-cap-14181286.html
Nhà,Biệt thự/Nhà liền kề,"Biệt thự, nhà liền kề",Thành phố Quy Nhơn,Không rõ,Không rõ,13.5,66.83168316831683,202.0,7.0,20.0,Chưa xác định,Đang cập nhật,3,5,6,"Bán biệt thự cách biển quy nhơn 650 m, gần khu du lịch Hàn Mặc Tử Ghềnh Ráng quy nhơn 202 m²",https://alonhadat.com.vn/ban-biet-thu-cach-bien-quy-nhon-650m-gan-khu-du-lich-han-mac-tu-ghenh-rang-quy-nhon-202m2-18296574.html
Đất,Đất nền/Đất ở,Đất thổ cư/đất ở,Huyện Phù Cát,Không rõ,Đường diện tích 639. hướng đông nam. giá bán 3 tỉ 900 triệu. quý khách hàng q...... << xem chi tiết >> 14 m giá: 3,3.9,19.5,200.0,8.0,25.0,Đông,Đang cập nhật,0,0,0,"Bán đất thuộc thôn vĩnh hội, xã cát hải, huyện phù cát, tỉnh bình định.",https://alonhadat.com.vn/ban-dat-thuoc-thon-vinh-hoi-xa-cat-hai-huyen-phu-cat-tinh-binh-dinh--14833689.html
Nhà,Căn hộ chung cư,Căn hộ chung cư,Thành phố Quy Nhơn,Trần Hưng Đạo,Đường Trần Hưng Đạo,1.55,34.44444444444444,45.0,6.0,7.0,Chưa xác định,Đang cập nhật,40,1,2,Bán cắt lỗ chung cư altara quy nhơn giá từ 1tỷ550,https://alonhadat.com.vn/ban-cat-lo-chung-cu-altara-quy-nhon-gia-tu-1ty550-17966338.html
Nhà,Nhà mặt phố/Kinh doanh,Nhà mặt tiền,Thành phố Quy Nhơn,Chế Lan Viên,Đường Chế Lan Viên - diện tích 80 m² ngang 4 m - hướng đông bắc hôm nay 🌊 bán nhà mặt tiền Chế Lan Viên – gần biển,5.85,73.125,80.0,4.0,20.0,Đông,Đang cập nhật,3,2,3,Bán nhà mê lỡ mặt tiền đường Chế Lan Viên - diện tích 80 m² ngang 4 m - hướng đông bắc,https://alonhadat.com.vn/-sieu-pham-2-mat-tien-truoc-sau-view-song-dai-phu-gia--17008003.html
Đất,Đất nền/Đất ở,Đất nền/liền kề/đất dự án,Thị xã An Nhơn,Không rõ,Không rõ,1.28,14.71264367816092,87.0,5.0,17.5,Đông,Đang cập nhật,0,0,0,"Bán đất diện tích 87,5 m² khu dân cư đông bàn thành, phường đập đá,tx an nhơn,bình định",https://alonhadat.com.vn/-ban-dat-dt-87-5m2-khu-dan-cu-dong-ban-thanh-p-dap-da-tx-an-nhon-binh-dinh-16984983.html
Nhà,Nhà riêng/Trong hẻm,Nhà trong hẻm,Thành phố Quy Nhơn,Không rõ,Đường oto 4,3.5,42.16867469879518,83.0,4.0,21.0,Đông,Sổ đỏ,3,3,3,"Bán nhà 3 mê nộ bộ oto 4,5 m Hoa Lư. 83 m² ngang 4 m vuông vứt. giá 3,5tỷ. đông nam",https://alonhadat.com.vn/ban-nha-3-me-no-bo-oto-4-5m-hoa-lu-83m2-ngang-4m-vuong-vut-gia-3-5ty-dong-nam-16285854.html
Nhà,Nhà riêng/Trong hẻm,Nhà trong hẻm,Thành phố Quy Nhơn,Trần Phú,Đường Nội Bộ Trần Thị Kỷ,5.2,123.80952380952381,42.0,4.5,13.0,Đông,Đang cập nhật,3,3,3,"***công ty bds sang land mởbban ___bán căn nhà 3 mê đường Nội Bộ Trần Thị Kỷ, phường Ngô Mây.",https://alonhadat.com.vn/-cong-ty-bds-sang-land-mobban-ban-can-nha-3-me-duong-noi-bo-tran-thi-ky-p-ngo-may--11303211.html
Nhà,Căn hộ chung cư,Căn hộ chung cư,Thành phố Quy Nhơn,Nguyễn Huệ,Đường Nguyễn Huệ,1.4,31.11111111111111,45.0,4.0,11.2,Đông,Đang cập nhật,10,1,2,"Bán căn tms quy nhơn, loại căn 1 phòng ngủ, 45 m². giá 1,4 tỉ",https://alonhadat.com.vn/ban-can-tms-quy-nhon-loai-can-1-phong-ngu-45m2-gia-1-2-ti-13779086.html
Nhà,Nhà mặt phố/Kinh doanh,Nhà mặt tiền,Thành phố Quy Nhơn,Nguyễn Thị Định,Đường Nguyễn Thị Định 80 m²,21.0,102.94117647058823,204.0,6.6,30.0,Đông,Đang cập nhật,3,3,3,"Bán nhà mặt tiền đường Nguyễn Thị Định 80 m²,140 m², 204 m² và 400 m²",https://alonhadat.com.vn/ban-nha-cap-4-cu-mat-tien-duong-le-cong-mien-87m2-11017357.html
Nhà,Nhà riêng/Trong hẻm,Nhà trong hẻm,Thành phố Quy Nhơn,Hoàng Văn Thụ,Đường 2 ô tô Hoàng Văn Thụ - phường quy nhơn nam diện tích: 40 m2 (4x10). hướng: tây bắc nhà 3 mê rưỡi,3.0,56.60377358490566,53.0,6.4,8.3,Tây,Đang cập nhật,3,4,3,Bán nhà hẻm Hoàng Văn Thụ 40 m² và 53 m²,https://alonhadat.com.vn/ban-nha-mat-tien-duong-hoang-hoa-tham-64m2-va-71m2-15542396.html
Nhà,Nhà mặt phố/Kinh doanh,Nhà mặt tiền,Thành phố Quy Nhơn,Trần Cao Vân,Đường Trần Cao Vân 36 m² và 75 m² hôm nay 👉👉 căn 1: bán nhà 1 mê mặt tiền Trần Cao Vân – trung tâm sầm uất 📍 vị trí vàng: ngay trường Trần Cao Vân,4.549,126.36111111111111,36.0,3.6,10.2,Đông,Đang cập nhật,2,2,3,Bán nhà mặt tiền kinh doanh đường Trần Cao Vân 36 m² và 75 m²,https://alonhadat.com.vn/ban-dat-duong-d9-khu-vuc-4-5-sau-lung-dai-hoc-quang-trung-125m2-11468098.html
Nhà,Nhà riêng/Trong hẻm,Nhà trong hẻm,Thành phố Quy Nhơn,Hoàng Văn Thụ,Đường Hoàng Văn Thụ - diện tích 101 m² ngang 5 m 🔥 hôm nay 🔥 bán nhà cấp 4 hẻm ô tô – Hoàng Văn Thụ,5.49,54.35643564356435,101.0,5.4,20.0,Đông,Đang cập nhật,3,2,3,Bán nhà cấp 4 hẻm ô tô rộng 10 m đường Hoàng Văn Thụ - diện tích 101 m² ngang 5 m,https://alonhadat.com.vn/-ban-nha-cap-4-hem-o-to-rong-10m-duong-hoang-van-thu-dt-101m2-ngang-5m--18502589.html
Nhà,Nhà riêng/Trong hẻm,Nhà trong hẻm,Thành phố Quy Nhơn,Ngô Mây,Đường Ngô Mây,2.65,65.1105651105651,40.7,5.5,7.4,Tây,Đang cập nhật,1,2,3,Bán nhà 1 mê hẻm Ngô Mây – trung tâm quy nhơn,https://alonhadat.com.vn/-ban-nha-1-me-hem-ngo-may-trung-tam-quy-nhon-18466713.html
Nhà,Căn hộ chung cư,Căn hộ chung cư,Thành phố Quy Nhơn,Lê Duẩn,Đường Lê Duẩn,2.6,40.0,65.0,0.0,0.0,Chưa xác định,Đang cập nhật,41,2,2,"Mở bán căn hộ biển quy nhơn, nơi diễn ra lễ khai mạc du lịch quốc gia 2026",https://alonhadat.com.vn/mo-ban-can-ho-bien-quy-nhon-noi-dien-ra-le-khai-mac-du-lich-quoc-gia-2026-18337127.html
Nhà,Nhà mặt phố/Kinh doanh,Nhà mặt tiền,Thành phố Quy Nhơn,Nguyễn Duy Trinh,Đường Nguyễn Duy Trinh,6.49,64.9,100.0,5.0,18.0,Chưa xác định,Đang cập nhật,3,3,3,"Bán nhà 3 mê ôm góc 2 mặt tiền gần ỷ lan quy nhơn, 65,2 m², giá chỉ 6 tỷ xxz gần chợ đầm",https://alonhadat.com.vn/ban-nha-mat-tien-3-me-quy-nhon-dong-65m2-ngang-4m-gan-cau-le-thanh-nghi-song-ha-thanh-18200423.html
Đất,Đất nền/Đất ở,Đất thổ cư/đất ở,Huyện Tuy Phước,Không rõ,Không rõ,1.4,14.0,100.0,5.0,20.0,Đông,Đang cập nhật,0,0,0,"Mở bán lô đất siêu víp, khu phố trung tín, thị trấn tuy phước, huyện tuy phước.",https://alonhadat.com.vn/mo-ban-lo-dat-sieu-vip-khu-pho-trung-tin-thi-tran-tuy-phuoc-huyen-tuy-phuoc--14067874.html
Nhà,Nhà mặt phố/Kinh doanh,Nhà mặt tiền,Thành phố Quy Nhơn,Không rõ,Không rõ,3.89,97.25,40.0,4.0,10.0,Chưa xác định,Đang cập nhật,3,3,3,Hím rẻ bán nhà 3 mê hà thanh phường quy nhơn giá 3 ty8xx,https://alonhadat.com.vn/sot-1-can-gia-mem-hem-can-sau-mat-tien-thanh-thai-gan-nga-3-hoang-van-thu-quy-nhon-1ty-xyz-16255051.html
Nhà,Nhà riêng/Trong hẻm,Nhà trong hẻm,Thành phố Quy Nhơn,Số 10,Đường Số 10,1.35,27.551020408163264,49.0,4.5,13.0,Đông,Đang cập nhật,3,1,3,Bán nhà cấp 4 cũ hẻm 2 m xã nhơn hải cách biễn 30 m diện tích 49 m² ngang 6 m giá 1ty350,https://alonhadat.com.vn/ban-nha-cap-4-cu-hem-2m-xa-nhon-hai-cach-bien-30m-dt-49m2-ngang-6m-gia-1ty350-18536196.html
Nhà,Nhà mặt phố/Kinh doanh,Nhà mặt tiền,Thành phố Quy Nhơn,Điện Biên Phủ,Đường Điện Biên Phủ 375 m² hôm nay bán nhà cấp 4 tính như bán đất 2 mặt tiền trước sau đường Điện Biên Phủ diện tích: 375 m² ngang 7,13.0,34.666666666666664,375.0,7.5,50.0,Tây,Đang cập nhật,3,1,3,Bán nhà cấp 4 2 mặt tiền trước sau đường Điện Biên Phủ 375 m²,https://alonhadat.com.vn/ban-nha-cap-4-2-mat-tien-truoc-sau-duong-dien-bien-phu-375m2-17903730.html
Nhà,Căn hộ chung cư,Căn hộ chung cư,Thành phố Quy Nhơn,Hoàng Văn Thụ,Đường Hoàng Văn Thụ,1.777,29.616666666666667,60.0,0.0,0.0,Chưa xác định,Sổ hồng,12,2,1,Cần bán 3 căn phú tài central life quy nhơn. - sổ hồng lâu dài,https://alonhadat.com.vn/chinh-chu-can-chuyen-nhuong-3-can-phu-tai-central-life-quy-nhon-so-hong-lau-dai-13270374.html
Nhà,Nhà riêng/Trong hẻm,Nhà trong hẻm,Thành phố Quy Nhơn,Phạm Ngũ Lão,Đường Phạm Ngũ Lão,3.75,85.22727272727273,44.0,4.6,9.0,Đông,Đang cập nhật,3,4,3,"Bán nhà 3 tầng mới tinh hẻm cạn đường Phạm Ngũ Lão, hẻm rộng 4 m - diện tích 44 m² ngang 4,6 m",https://alonhadat.com.vn/ban-nha-3-tang-moi-tinh-hem-can-duong-pham-ngu-lao-hem-rong-4m-dt-44m2-ngang-4-6m-18585026.html
Nhà,Nhà mặt phố/Kinh doanh,Nhà mặt tiền,Thành phố Quy Nhơn,Hàm Nghi,Đường Hàm Nghi – phường Ngô Mây,13.7,75.69060773480663,181.0,6.1,29.7,Tây,Đang cập nhật,3,1,3,"Cần bán 3 căn nhà mặt tiền đường Hàm Nghi – phường Ngô Mây, phường. quy nhơn",https://alonhadat.com.vn/can-ban-3-can-nha-mat-tien-duong-ham-nghi-phuong-ngo-may-p-quy-nhon-16952452.html
Nhà,Căn hộ chung cư,Căn hộ chung cư,Thành phố Quy Nhơn,Võ Nguyên Giáp,Đường Võ Nguyên Giáp,1.1,18.333333333333332,60.0,0.0,0.0,Đông,Đang cập nhật,5,2,1,"Chủ kẹt tiền cần bán chung cư an phú thịnh, lock thương mại",https://alonhadat.com.vn/chu-ket-tien-can-ban-chung-cu-an-phu-thinh-lock-thuong-mai-14051754.html
Nhà,Nhà riêng/Trong hẻm,Nhà trong hẻm,Thành phố Quy Nhơn,Hoàng Hoa Thám,Đường Hoàng Hoa Thám - gần chợ đầm - trung tâm quy nhơn hôm nay 🏠 bán nhà mê lỡ 2 mặt hẻm Hoàng Hoa Thám– phường quy nhơn,2.1,52.5,40.0,5.5,6.6,Tây,Đang cập nhật,1,2,3,Bán nhà hẻm cạn đường Hoàng Hoa Thám - gần chợ đầm - trung tâm quy nhơn,https://alonhadat.com.vn/ban-nha-hem-can-duong-hoang-hoa-tham-gan-cho-dam-trung-tam-quy-nhon-18042080.html
Nhà,Nhà riêng/Trong hẻm,Nhà trong hẻm,Thành phố Quy Nhơn,Nguyễn Thái Học,Đường Nguyễn Thái Học thông qua Thanh Niên 💥vị trí: thuộc hẻm 548/ Nguyễn Thái Học gần bệnh viện,3.69,46.125,80.0,4.0,20.0,Đông,Sổ đỏ,3,1,3,"Bán nhà câls 4 hẻn 548/ Nguyễn Thái Học, hẻm rộng 4 m diện tích 80 m² giá 3ty690",https://alonhadat.com.vn/ban-nha-cap-4-mat-tien-duong-le-co-dt-5x12-60m2-gia-1ty900-10390278.html
Đất,Đất nền/Đất ở,Đất nền/liền kề/đất dự án,Thị xã An Nhơn,Không rõ,Không rõ,1.75,17.5,100.0,5.0,20.0,Tây,Đang cập nhật,0,0,0,"Bán đất diện tích 100 m² khu liên phường bình định,tx an nhơn,bình định",https://alonhadat.com.vn/-ban-dat-dt-100m2-khu-lien-phuong-binh-dinh-tx-an-nhon-binh-dinh-18184403.html
Nhà,Nhà riêng/Trong hẻm,Nhà trong hẻm,Thành phố Quy Nhơn,An Dương Vương,Đường An Dương Vương 200 m² hôm nay bán nhà lô đôi hiếm sát biển quy nhơn đường An Dương Vương,16.0,80.0,200.0,9.8,20.5,Tây,Đang cập nhật,2,8,3,Bán nhà hẻm ô tô đường An Dương Vương 200 m²,https://alonhadat.com.vn/ban-nha-3-tang-goc-2-mat-tien-duong-hoang-hoa-tham-16309344.html
Nhà,Nhà riêng/Trong hẻm,Nhà trong hẻm,Thành phố Quy Nhơn,Tháp Đôi,Đường Tháp Đôi,2.98,49.666666666666664,60.0,5.2,12.0,Chưa xác định,Đang cập nhật,2,3,3,"Bán nhà mới 2 ty xzz, hẻm cạn rộng 3 m gần chợ Hoa Lư, khu di tích Tháp Đôi, quy nhơn, 60 m",https://alonhadat.com.vn/ban-nha-moi-2-ty-xzz-hem-can-rong-3m-gan-cho-hoa-lu-khu-di-tich-thap-doi-quy-nhon-60m-18709353.html
Đất,Đất nền/Đất ở,Đất thổ cư/đất ở,Huyện Tuy Phước,Không rõ,Không rõ,2.3,13.93939393939394,165.0,12.0,13.8,Đông,Đang cập nhật,0,0,0,"Bán đất kdc thôn quảng vân, xã phước thuận, huyện tuy phước, tỉnh bình định.",https://alonhadat.com.vn/ban-dat-kdc-thon-quang-van-xa-phuoc-thuan-huyen-tuy-phuoc-tinh-binh-dinh--14560411.html
Nhà,Nhà mặt phố/Kinh doanh,Nhà mặt tiền,Thành phố Quy Nhơn,Ghềnh Ráng,Đường Trần Thị Lý 203 m² hôm nay bán nhà xây kiểu biệt thự đường Trần Thị Lý phường Ghềnh Ráng. diện tích: 203 m² ngang 8,13.0,64.03940886699507,203.0,8.7,23.3,Đông,Đang cập nhật,3,3,3,Bán nhà mặt tiền đường Trần Thị Lý 203 m²,https://alonhadat.com.vn/ban-dat-duong-luong-dac-bang-dien-tich-250m2-15076662.html
Nhà,Căn hộ chung cư,Căn hộ chung cư,Thành phố Quy Nhơn,Lưu Hữu Phước,Đường Lưu Hữu Phước,1.8,25.0,72.0,6.0,12.0,Chưa xác định,Đang cập nhật,10,2,2,"Cần bán căn hộ chung cư phú tài residence 2pn 2wc 72 m² full nội thất giá 1,8 tỷ. giá tốt",https://alonhadat.com.vn/can-ban-can-ho-chung-cu-phu-tai-residence-2pn-2wc-72m2-full-noi-that-gia-1-8-ty-gia-tot-18036316.html
Nhà,Biệt thự/Nhà liền kề,"Biệt thự, nhà liền kề",Huyện Phù Cát,Quốc lộ 19B,Đường Quốc Lộ 19B,15.0,125.0,120.0,6.0,20.0,Chưa xác định,Đang cập nhật,5,8,4,Imperial oasis quy nhơn – siêu phẩm đầu tư 2025,https://alonhadat.com.vn/-imperial-oasis-quy-nhon-sieu-pham-dau-tu-2025--17294018.html
Đất,Đất nền/Đất ở,Đất thổ cư/đất ở,Huyện Tuy Phước,Không rõ,Không rõ,1.45,19.863013698630137,73.0,7.5,10.0,Đông,Đang cập nhật,0,0,0,Chính chủ cần bán đất trung tâm thị trấn tuy phước,https://alonhadat.com.vn/ban-dat-trung-tam-thi-tran-tuy-phuoc-18695438.html
Nhà,Căn hộ chung cư,Căn hộ chung cư,Thành phố Quy Nhơn,Lê Đức Thọ,Đường Lê Đức Thọ,1.95,27.083333333333332,72.0,0.0,0.0,Đông,Đang cập nhật,27,2,2,"Bán căn hộ phú tài 2pn - view biển, hướng đông nam, full nội thất - 1,9xx tỷ. 72 m²",https://alonhadat.com.vn/ban-can-ho-phu-tai-residence-ho-sinh-thai-1-8-ty-full-noi-that-cao-cap-12384302.html
Đất,Đất nền/Đất ở,Đất thổ cư/đất ở,Thành phố Quy Nhơn,Nguyễn Thanh Trà,Đường Nguyễn Thanh Trà,3.65,50.69444444444444,72.0,4.0,18.0,Chưa xác định,Đang cập nhật,0,0,0,"(rẻ) bán đất mặt tiền Nguyễn Thanh Trà hà thanh 1, phường quy nhơn 72 m² ngang4 m giá 3tyxx",https://alonhadat.com.vn/-hang-him-ban-dat-mat-tien-ha-thanh-1-phuong-quy-nhon-72m-gia-chi-3ty4xz-gan-truong-17618084.html
Nhà,Căn hộ chung cư,Căn hộ chung cư,Thành phố Quy Nhơn,Không rõ,Không rõ,0.8,22.857142857142858,35.0,0.0,0.0,Đông,Đang cập nhật,19,2,2,Chung cư vina2 panorama giá chỉ 800tr/căn view sông hà thanh cạnh đại học fpt quy nhơn,https://alonhadat.com.vn/chung-cu-vina2-panorama-gia-chi-800tr-can-view-song-ha-thanh-12009359.html
Nhà,Biệt thự/Nhà liền kề,"Biệt thự, nhà liền kề",Huyện Phù Cát,Quốc lộ 19B,Đường Quốc Lộ 19B,9.2,30.666666666666668,300.0,7.0,20.0,Chưa xác định,Đang cập nhật,2,3,4,Biệt thự biển maia resort quy nhơn giá chiết khấu 15%,https://alonhadat.com.vn/biet-thu-bien-maia-resort-quy-nhon-gia-chuyen-nhuong-ban-lo-12924957.html
Nhà,Nhà riêng/Trong hẻm,Nhà trong hẻm,Thành phố Quy Nhơn,Nguyễn Thái Học,Đường Thanh Niên - Nguyễn Thái Học - quy nhơn nam. 🔹diện tích: 80 m² ngang 4 m. 🔹sổ hồng - vuông vức. 🔹khu vực đông dân cư. 🔹gia: 3ty690 🔹hướng: đông bắc. nhận: 👉 ký gửi buôn bán ...... << xem chi tiết >> 3,3.69,46.125,80.0,4.0,20.0,Đông,Sổ hồng,3,2,3,"Bán nhà cấp 4. hẻm 3,5 m Thanh Niên thông Nguyễn Thái Học. 80 m² ngang 4 m giá 3tỷ690",https://alonhadat.com.vn/ban-nha-cap-4-hem-3-5m-thanh-nien-thong-nguyen-thai-hoc-80m2-ngang-4m-gia-3ty690-18161741.html
Nhà,Nhà mặt phố/Kinh doanh,Nhà mặt tiền,Thành phố Quy Nhơn,Chương Dương,Đường Trần Anh Tông ngay biển . diện tích 80 m² ngang 5 m. nhà 5 tầng hôm qua hạ giá chủ bán nhanh nhà 3 tầng đường Trần Anh Tông & đường Chương Dương khu vip sầm uất trung tâm quy nhơn diện tích 80 m² ngang 5 m kết cấu nhà 3 tầng kiên cố & chắc chắn. 3 phòng ngủ đang cho thuê tháng 20 triệu sổ ...... << xem chi tiết >> 20m3 tầng3 phòng ngủchỗ để xe giá: 10,10.5,131.25,80.0,5.0,16.0,Tây,Đang cập nhật,5,3,3,Hạ giá bán nhanh mặt tiền đường Trần Anh Tông ngay biển . diện tích 80 m² ngang 5 m. nhà 5 tầng,https://alonhadat.com.vn/ha-gia-ban-nhanh-mat-tien-duong-tran-anh-tong-dt-80m2-ngang-5m-3-tang-gia-9ty-xx-18223363.html
Nhà,Căn hộ chung cư,Căn hộ chung cư,Thành phố Quy Nhơn,Võ Nguyên Giáp,Đường Võ Nguyên Giáp,1.23,20.5,60.0,0.0,0.0,Chưa xác định,Đang cập nhật,9,2,2,Duy nhất giảm 200tr - an phú thịnh th. mại 2pm (apt grand tower) -view biển -hướng đn. sổ,https://alonhadat.com.vn/ban-can-ho-an-phu-thinh-grand-tower-2pn-huong-dn-moi-100-gia-1-ty-nh-cho-vay-700tr--13407526.html
Nhà,Nhà mặt phố/Kinh doanh,Nhà mặt tiền,Thành phố Quy Nhơn,Tăng Bạt Hổ,Đường Tăng Bạt Hổ 64 m²,9.5,135.71428571428572,70.0,10.0,7.0,Chưa xác định,Đang cập nhật,3,2,3,"Bán nhà mặt tiền đường Tăng Bạt Hổ 64 m², 70 m²,80 m² và 156 m²",https://alonhadat.com.vn/ban-nha-3-me-noi-bo-o-to-duong-to-hien-thanh-53m2-8486591.html
Nhà,Căn hộ chung cư,Căn hộ chung cư,Thành phố Quy Nhơn,Lê Duẩn,Đường Lê Duẩn,2.0,33.333333333333336,60.0,0.0,0.0,Chưa xác định,Đang cập nhật,19,2,2,Chủ bán sang nhượng căn the saling 1pn 2 tỷ.. vị trí siêu vip tầng cao,https://alonhadat.com.vn/chu-ban-sang-nhuong-can-the-saling-2pn-2-8ty-vi-tri-sieu-vip-tang-19-12239443.html
Nhà,Căn hộ chung cư,Căn hộ chung cư,Thành phố Quy Nhơn,Điện Biên Phủ,Đường Điện Biên Phủ,0.94,20.88888888888889,45.0,0.0,0.0,Chưa xác định,Sổ hồng,19,1,1,Bán lỗ căn hộ ecolife Điện Biên Phủ quy nhơn- 940tr.. .. sổ hồng lâu dài (chưa nội thất),https://alonhadat.com.vn/ban-lo-can-ho-ecolife-dien-bien-phu-quy-nhon-840tr-so-hong-lau-dai-chua-noi-that--13253117.html
Nhà,Nhà mặt phố/Kinh doanh,Nhà mặt tiền,Thành phố Quy Nhơn,Phạm Hồng Thái,Đường Phạm Hồng Thái 81 m² hôm nay cần bán căn nhà mặt tiền đường Phạm Hồng Thái,7.0,86.41975308641975,81.0,4.0,20.0,Tây,Đang cập nhật,4,3,3,Bán nhà mặt tiền đường Phạm Hồng Thái 81 m²,https://alonhadat.com.vn/ban-nha-3-me-hem-nguyen-thai-hoc-40m2-16246714.html
Nhà,Căn hộ chung cư,Căn hộ chung cư,Thành phố Quy Nhơn,Không rõ,Không rõ,1.5,30.0,50.0,0.0,0.0,Chưa xác định,Sổ hồng,19,2,1,"Sang nhượng lại căn hộ calla giá thấp hơn cđt 1,5 tỷ trả góp ( thấp hơn cđt 300tr)",https://alonhadat.com.vn/sang-nhuong-lai-can-ho-calla-gia-thap-hon-cdt-1-9x-ty-tra-gop-thap-hon-cdt-300tr--12266764.html
Nhà,Nhà mặt phố/Kinh doanh,Nhà mặt tiền,Thành phố Quy Nhơn,Hoàng Văn Thụ,Đường Hoàng Văn Thụ và 75 m²,8.99,119.86666666666666,75.0,5.0,15.0,Tây,Đang cập nhật,1,4,3,"Bán nhà mặt tiền đường Hoàng Văn Thụ và 75 m², 96 m² và đất 55 m²",https://alonhadat.com.vn/ban-nha-1-me-57m2-hem-345-duong-bach-dang-gan-duong-y-lan-va-phan-dinh-phung-8092807.html
Nhà,Nhà mặt phố/Kinh doanh,Nhà mặt tiền,Thành phố Quy Nhơn,Điện Biên Phủ,Đường Điện Biên Phủ,13.5,36.0,375.0,7.5,50.0,Tây,Đang cập nhật,3,2,3,Bán nhà cấp 4 – 2 mặt tiền Điện Biên Phủ & Thoại Ngọc Hầu – thành phố quy nhơn,https://alonhadat.com.vn/-ban-nha-cap-4-2-mat-tien-dien-bien-phu-thoai-ngoc-hau-tp-quy-nhon-17959937.html
Nhà,Nhà mặt phố/Kinh doanh,Nhà mặt tiền,Thành phố Quy Nhơn,Trần Khánh Dư,Đường Trần Khánh Dư 105 m² và 80 m² hôm nay 👉👉 căn 1 bán nhà cấp 4,7.9,75.23809523809524,105.0,4.6,23.0,Tây,Đang cập nhật,3,2,3,Bán nhà mặt tiền đường Trần Khánh Dư 105 m² và 80 m²,https://alonhadat.com.vn/ban-nha-1-me-mat-tien-duong-pham-hung-78m2-9789384.html
Nhà,Căn hộ chung cư,Căn hộ chung cư,Thành phố Quy Nhơn,An Dương Vương,Đường Nguyễn Trung Tín- An Dương Vương sát mặt biển trung thành phố quy nhơn kết cấu: 45 m²,1.5,33.333333333333336,45.0,0.0,0.0,Chưa xác định,Đang cập nhật,15,1,2,"Chủ kẹt tiền bán nhanh căn flc sea tower view biển quy nhơn 1,4 tỷ, full nội thất",https://alonhadat.com.vn/chu-ket-tien-ban-nhanh-can-flc-sea-tower-view-bien-1-5-ty-so-lau-dai-12231034.html
Nhà,Căn hộ chung cư,Căn hộ chung cư,Thành phố Quy Nhơn,Lê Đức Thọ,Đường Lê Đức Thọ,2.43,37.38461538461539,65.0,8.0,9.0,Chưa xác định,Đang cập nhật,16,2,2,"Bán căn hộ phú tài - cạnh hồ sinh thái Đống Đa, 65 m² - view biển cực đẹp - 2 tỷ 430",https://alonhadat.com.vn/-ban-can-ho-phu-tai-canh-ho-sinh-thai-dong-da-65m2-view-bien-cuc-dep-2-ty-430-18207364.html
Nhà,Nhà mặt phố/Kinh doanh,Nhà mặt tiền,Huyện Phù Cát,Hoàng Sa,Đường Hoàng Sa,5.5,34.375,160.0,8.0,20.0,Đông,Đang cập nhật,1,1,3,"Mở bán căn nhà cực đẹp, vị trí cực kì đắc địa: mặt tiền đường Hoàng Sa, khu đô thị cát tiế",https://alonhadat.com.vn/dat-gan-re-gan-bien-quy-nhon-gia-chi-tu-10-trieu-m2-thoi-ca-nha-oi--17315657.html
Nhà,Biệt thự/Nhà liền kề,"Biệt thự, nhà liền kề",Thành phố Quy Nhơn,Không rõ,Đường chính nên rất dễ tiếp cận khách hàng,9.5,36.12167300380228,263.0,5.0,15.0,Tây,Đang cập nhật,4,6,4,Bán nhà phố dãy shophouse simona Hoàng Văn Thụ quy nhơn,https://alonhadat.com.vn/ban-nha-pho-day-shophouse-simona-hoang-van-thu-quy-nhon-18525454.html
Đất,Đất nền/Đất ở,Đất thổ cư/đất ở,Huyện Phù Cát,Không rõ,Không rõ,9.0,24.0,375.0,15.0,25.0,Chưa xác định,Đang cập nhật,0,0,0,"Bán 3 lô liền kề: tổng diện tích 375 m². ngay gần biển trung lương, cát tiến. giá cực tốt",https://alonhadat.com.vn/mo-ban-3-lo-lien-ke-tong-dien-tich-375m2-ngay-gan-bien-trung-luong-cat-tien-gia-cuc-to-16404440.html
Nhà,Căn hộ chung cư,Căn hộ chung cư,Thành phố Quy Nhơn,Điện Biên Phủ,Đường Điện Biên Phủ,1.35,22.5,60.0,0.0,0.0,Tây,Sổ đỏ,12,2,2,"Bán căn hộ ecolife riverside, chiết khấu 5%, miễn phí quản lý năm đầu,tặng vocher nội thất",https://alonhadat.com.vn/ban-can-ho-ecolife-riverside-duong-dien-bien-phu-nhon-binh-16302969.html
Nhà,Nhà mặt phố/Kinh doanh,Nhà mặt tiền,Thành phố Quy Nhơn,Lê Văn Tú,Đường Lê Văn Tú 56 m² hôm nay bán nhà đường nội bộ ô tô,3.65,65.17857142857143,56.0,4.0,14.0,Đông,Đang cập nhật,2,2,2,Bán nhà và đất mặt tiền đường Lê Văn Tú 56 m²,https://alonhadat.com.vn/ban-dat-duong-noi-bo-huynh-dang-tho-noi-dai-16443666.html
Nhà,Nhà riêng/Trong hẻm,Nhà trong hẻm,Thành phố Quy Nhơn,Võ Mười,Đường Võ Mười - diện tích 29 m² ngang 5,2.85,98.27586206896552,29.0,5.4,5.4,Đông,Đang cập nhật,3,3,3,"Bán nhà 3 mê mới tinh hẻm 1 xẹt đường Võ Mười - diện tích 29 m² ngang 5,4 m - giá 2 tỷ 850tr",https://alonhadat.com.vn/ban-nha-3-me-moi-tinh-hem-1-xet-duong-vo-muoi-dt-29m2-ngang-5-4m-gia-2-ty-850tr-18556403.html
Nhà,Nhà riêng/Trong hẻm,Nhà trong hẻm,Thành phố Quy Nhơn,Số 2,Đường Số 2 -gần cầu huỳnh tấn phát- phường.qui nhơn 🌸 nhà 3,3.95,91.86046511627907,43.0,4.5,9.5,Tây,Đang cập nhật,5,3,3,"Bán nhà hẻm nội bộ Lê Hồng Phong,phuong qui nhon",https://alonhadat.com.vn/ban-nha-hem-noi-bo-le-hong-phong-phuong-qui-nhon-18011268.html
Nhà,Căn hộ chung cư,Căn hộ chung cư,Thành phố Quy Nhơn,Tây Sơn,Đường Tây Sơn,1.06,15.142857142857142,70.0,0.0,0.0,Chưa xác định,Sổ hồng,12,2,2,"Bán căn hộ xuân thuỷ ( Hoàng Văn Thụ) 1,06 tỷ lock c 70 m² nhà mới 100%",https://alonhadat.com.vn/ban-can-ho-xuan-thuy-hoang-van-thu-1-1-ty-lock-c-70m2-nha-moi-100--12772019.html
Nhà,Nhà mặt phố/Kinh doanh,Nhà mặt tiền,Thành phố Quy Nhơn,Nguyễn Huệ,Đường Nguyễn Huệ,10.5,161.53846153846155,65.0,4.7,13.8,Chưa xác định,Sổ đỏ,3,3,3,"Cần bán vài căn nhà mặt tiền đường Nguyễn Huệ, cách biển Xuân Diệu 100 m",https://alonhadat.com.vn/can-ban-nha-nghi-3-me-mat-tien-duong-can-vuong-dt-77m2-ngang-4m-huong-dong-nam-7811468.html
Nhà,Biệt thự/Nhà liền kề,"Biệt thự, nhà liền kề",Thành phố Quy Nhơn,Không rõ,Không rõ,12.95,64.10891089108911,202.0,8.6,25.5,Đông,Đang cập nhật,2,5,4,Căn biệt đẹp mặt tiền gần Hàn Mặc Tử trung tâm gần biển quy nhơn,https://alonhadat.com.vn/-biet-thu-dep-trung-tam-quy-nhon-co-hoi-duy-nhat-con-sot-lai--16665424.html
Nhà,Nhà mặt phố/Kinh doanh,Nhà mặt tiền,Thành phố Quy Nhơn,Điện Biên Phủ,Đường Điện Biên Phủ,13.0,34.666666666666664,375.0,7.5,50.0,Tây,Đang cập nhật,1,1,3,"Bán căn nhà mặt tiền đường Điện Biên Phủ, phường nhơn bình, quy nhơn.",https://alonhadat.com.vn/ban-can-nha-mat-tien-duong-duong-dien-bien-phu-phuong-nhon-binh-quy-nhon--15598814.html
Nhà,Căn hộ chung cư,Căn hộ chung cư,Thành phố Quy Nhơn,An Dương Vương,Đường An Dương Vương,1.3,26.0,50.0,4.0,12.0,Đông,Đang cập nhật,2,1,2,"Cần bán căn hộ flc sea tower quy nhơn giá chỉ 1ty360, full nội thất, view biển",https://alonhadat.com.vn/chinh-chu-can-ban-can-ho-flc-sea-tower-quy-nhon-gia-chi-1ty360-full-noi-that-view-bien-16927734.html
Đất,Đất nền/Đất ở,Đất thổ cư/đất ở,Huyện Phù Cát,Biển Cát,Đường Hoàng Sa – ven Biển Cát tiến - diện tích 150 m²,1.6,12.8,125.0,6.0,20.0,Chưa xác định,Đang cập nhật,0,0,0,"Bán đất khu đô thị đường Hoàng Sa – ven Biển Cát tiến - diện tích 150 m², 192 m², 200 m²...",https://alonhadat.com.vn/mo-ban-can-nha-nuoi-yen-day-tam-huyet-tang-kem-can-nha-cap-4-gia-sieu-re--18341402.html
Nhà,Nhà riêng/Trong hẻm,Nhà trong hẻm,Thành phố Quy Nhơn,Không rõ,Đường chính chỉ ~100 m 🌟 khu dân cư an ninh,1.85,48.177083333333336,38.4,6.0,6.0,Đông,Sổ đỏ,1,2,2,"Bán nhà gác lỡ hẻm rộng 3 m khu gara quyền diện tích 38,4 m² giá 1ty850 sổ đỏ đầy đủ",https://alonhadat.com.vn/ban-nha-gac-lo-hem-rong-3m-khu-gara-quyen-dt-38-4m2-giaz-1ty850-so-do-day-du-18485463.html
Đất,Đất nền/Đất ở,Đất thổ cư/đất ở,Thành phố Quy Nhơn,Nguyễn Thái Học,Đường Nguyễn Thái Học,2.89,57.8,50.0,5.1,10.0,Chưa xác định,Đang cập nhật,0,0,0,"(hím có) bán đất hẻm cạn rộng 3,5 m Nguyễn Thái Học quy nhơn 50m² ngang5 m giá 2 ty xxê xxz",https://alonhadat.com.vn/-him-co-ban-dat-hem-can-rong-3-5m-nguyen-thai-hoc-quy-nhon-50m-ngang5m-gia-2-ty-xxe-xxz-18709292.html
Nhà,Căn hộ chung cư,Căn hộ chung cư,Thành phố Quy Nhơn,Nguyễn Thái Học,Đường Nguyễn Thái Học,1.45,22.65625,64.0,0.0,0.0,Chưa xác định,Sổ hồng,2,2,1,"Bán căn hộ chung cư thịnh phát 1.45 tỷ, tầng 7 . 60 m²- sổ hồng lâu dài",https://alonhadat.com.vn/ban-can-ho-simona-950-trrieu-full-noi-that-tang-3-54m2-12246097.html
Nhà,Căn hộ chung cư,Căn hộ chung cư,Thành phố Quy Nhơn,Không rõ,Không rõ,1.2,27.906976744186046,43.0,0.0,0.0,Chưa xác định,Đang cập nhật,12,1,2,"Bán căn hộ merryhome - merryland quy nhơn. giá 1,2x tỷ...quần thể du lịch nghỉ dưỡng",https://alonhadat.com.vn/ban-can-ho-merryhome-merryland-quy-nhon-gia-1-2x-ty-quan-the-du-lich-nghi-duong-13183571.html
Nhà,Biệt thự/Nhà liền kề,"Biệt thự, nhà liền kề",Thành phố Quy Nhơn,Không rõ,Không rõ,3.5,55.55555555555556,63.0,4.5,14.0,Chưa xác định,Đang cập nhật,3,3,4,Quỹ căn liền kề phú gia riverside- khu đô thị mới chợ góc đại phú gia,https://alonhadat.com.vn/mo-ban-nha-lien-ke-khu-do-thi-moi-cho-goc-dai-phu-gia-18251037.html
Đất,Đất nền/Đất ở,Đất nền/liền kề/đất dự án,Thị xã An Nhơn,Không rõ,Không rõ,1.69,16.9,100.0,5.0,20.0,Bắc,Đang cập nhật,0,0,0,"Cần bán lô diện tích 100 m² khu đô thị bắc sông tân an,khu vực liêm trực,phường bình định, tx bì",https://alonhadat.com.vn/-can-ban-lo-dt-100m2-khu-do-thi-bac-song-tan-an-khu-vuc-liem-truc-phuong-binh-dinh-tx-bi-18374578.html
Nhà,Nhà mặt phố/Kinh doanh,Nhà mặt tiền,Thành phố Quy Nhơn,Không rõ,Không rõ,5.59,74.53333333333333,75.0,4.0,18.5,Chưa xác định,Đang cập nhật,3,6,3,"Bán nhà 3 mê kiên cố mặt tiền quy nhơn nam, 75m², giá 5 tê xxz +trung tâm gần biển, bến xe",https://alonhadat.com.vn/ban-nha-3-me-kien-co-mat-tien-quy-nhon-nam-75m-gia-5-te-xxz-trung-tam-gan-bien-ben-xe-18709305.html
Nhà,Nhà mặt phố/Kinh doanh,Nhà mặt tiền,Thành phố Quy Nhơn,Nguyễn Tất Thành,Đường Nguyễn Tất Thành 50 m² và 90 m² hôm nay bán nhà mặt tiền đường Nguyễn Tất Thành 👉👉 căn 1: diện tích: 50 m² ngang 5,8.2,164.0,50.0,5.3,9.5,Chưa xác định,Đang cập nhật,3,3,3,Bán nhà mặt tiền đường Nguyễn Tất Thành 50 m² và 90 m²,https://alonhadat.com.vn/ban-nha-2-me-mat-tien-duong-ngo-thoi-nhiem-56m2-9735022.html
Nhà,Nhà riêng/Trong hẻm,Nhà trong hẻm,Thành phố Quy Nhơn,Tây Sơn,Đường Tây Sơn,2.55,49.03846153846154,52.0,4.5,13.0,Đông,Đang cập nhật,1,2,3,Bán nhà hẻm oto garaquyen qui nhơn,https://alonhadat.com.vn/ban-nha-hem-oto-garaquyen-qui-nhon-18399437.html
Nhà,Nhà riêng/Trong hẻm,Nhà trong hẻm,Thành phố Quy Nhơn,Bạch Đằng,Đường Bạch Đằng,2.85,53.77358490566038,53.0,5.3,10.0,Tây,Đang cập nhật,2,2,3,Bán nhà hẻm Bạch Đằng 40 m² và 53 m² phường hải cảng,https://alonhadat.com.vn/ban-nha-cu-duong-noi-bo-tran-van-on-dien-tich-123m2-phuong-nguyen-van-cu-8673964.html
Nhà,Nhà mặt phố/Kinh doanh,Nhà mặt tiền,Thành phố Quy Nhơn,Không rõ,Không rõ,8.5,106.25,80.0,5.0,16.0,Đông,Đang cập nhật,2,3,3,Bán nhà mặt tiền phường Lý Thường Kiệt gần chợ quân trấn quy nhơn 78m²ngang5 m +trung tâm,https://alonhadat.com.vn/ban-nha-mat-tien-phuong-ly-thuong-kiet-gan-cho-quan-tran-quy-nhon-78m-ngang5m-trung-tam-18709299.html
Nhà,Nhà mặt phố/Kinh doanh,Nhà mặt tiền,Thành phố Quy Nhơn,Cần Vương,Đường Cần Vương 92 m² và 155 m² hôm nay 👉👉 căn 1: nhà giá tốt – mặt tiền đường Cần Vương - thành phố-quy nhơn - phường - nguyễn văn cừ (cũ)- bán nhà chính chủ - ưu tiên người thiện chí mua diện tích: 92 m² – dtsd— 165 m² — ngang 5 m tây bắc giá bán: 8tỷ5 (có thươn...... << xem chi tiết >> 15 m² tầng3 phòng ngủchỗ để xe giá: 8,8.5,92.3913043478261,92.0,5.0,18.4,Tây,Đang cập nhật,2,3,3,Bán nhà mặt tiền đường Cần Vương 92 m² và 155 m²,https://alonhadat.com.vn/ban-dat-mat-tien-duong-nguyen-quy-duc-100m2-gan-duong-hoa-lu-va-dien-bien-phu-8376226.html
Đất,Đất nền/Đất ở,Đất thổ cư/đất ở,Huyện Phù Cát,Nguyễn Nhạc,Đường Nguyễn Nhạc. diện tích 200 m². hôm nay 1/ mở bán lô đất vip nhất,7.1,35.5,200.0,8.0,25.0,Đông,Đang cập nhật,0,0,0,"Bán lô đất đắc địa nhất, vip nhất cát tiến: mặt tiền đường Nguyễn Nhạc. diện tích 200 m².",https://alonhadat.com.vn/ban-lo-dat-dac-dia-nhat-vip-nhat-cat-tien-mat-tien-duong-nguyen-nhac-lo-goc-2-mat-tien-16320345.html
Nhà,Nhà mặt phố/Kinh doanh,Nhà mặt tiền,Thành phố Quy Nhơn,Bình Hà,Đường Bình Hà 90 m² và đất 306 m² hôm nay 👉👉 căn 1: bán nhà 2 mặt tiền – đường Bình Hà,15.0,166.66666666666666,90.0,5.0,18.0,Nam,Đang cập nhật,5,5,3,Bán nhà 5 tầng mặt tiền đường Bình Hà 90 m² và đất 306 m²,https://alonhadat.com.vn/ban-nha-me-lo-mat-tien-duong-mac-thi-buoi-song-song-huynh-tan-phat-80m2-16634545.html
Nhà,Căn hộ chung cư,Căn hộ chung cư,Thành phố Quy Nhơn,Nguyễn Diêu,Đường Nguyễn Diêu,0.8,14.814814814814815,54.0,0.0,0.0,Chưa xác định,Đang cập nhật,12,2,2,"Cho thuê hoặc bán căn hộ ecohome nhơn bình - quy nhơn .. 2pn cho thuê 4tr/tháng, bán 800tr",https://alonhadat.com.vn/cho-thue-hoac-ban-can-ho-ecohome-nhon-binh-quy-nhon-2pn-cho-thue-4tr-thang-ban-800tr-13433563.html
Nhà,Nhà mặt phố/Kinh doanh,Nhà mặt tiền,Thành phố Quy Nhơn,Ngọc Hồi,Đường Ngọc Hồi Song song đường Đống Đa 95 m² và 136 m² hôm nay 👉👉 bán nhà 5 tầng mặt tiền đường Ngọc Hội diện tích: 136 m² ngang 13,13.0,95.58823529411765,136.0,13.9,10.0,Bắc,Đang cập nhật,5,4,3,Bán nhà và đất đường Ngọc Hồi Song song đường Đống Đa 95 m² và 136 m²,https://alonhadat.com.vn/ban-dat-mat-tien-duong-tran-anh-tong-85m2-gan-duong-chuong-duong-8391401.html
Đất,Đất nền/Đất ở,Đất nền/liền kề/đất dự án,Thị xã An Nhơn,Tôn Thất Tùng,Đường Tôn Thất Tùng,1.09,10.9,100.0,5.0,20.0,Bắc,Đang cập nhật,0,0,0,"Bán đất diện tích 100 m² kv phò an,nhơn hưng,tx an nhơn, bình định",https://alonhadat.com.vn/-ban-dat-dt-100m2-kv-pho-an-nhon-hung-tx-an-nhon-binh-dinh-18202389.html
Nhà,Nhà mặt phố/Kinh doanh,Nhà mặt tiền,Thành phố Quy Nhơn,Nguyễn Lữ,Đường Nguyễn Lữ – trung tâm quy nhơn - diện tích 182 m² - giá 18 tỷ hôm nay 🏡 bán nhà cấp 4 mặt tiền đường Nguyễn Lữ – trung tâm quy nhơn 📍 vị trí: mặt tiền đường Nguyễn Lữ,18.0,98.9010989010989,182.0,5.4,34.0,Tây,Đang cập nhật,3,3,3,Bán nhà cấp 4 mặt tiền đường Nguyễn Lữ – trung tâm quy nhơn - diện tích 182 m² - giá 18 tỷ,https://alonhadat.com.vn/can-ban-nha-mat-tien-ngo-may-vi-tri-dac-dia-dt-130m2-ngang-6-3m-14327662.html
Nhà,Căn hộ chung cư,Căn hộ chung cư,Thành phố Quy Nhơn,Lê Duẩn,Đường Lê Duẩn,2.6,43.333333333333336,60.0,5.0,12.0,Đông,Sổ hồng,27,2,2,The sailing - sở hữu sổ hồng lâu dài - bàn giao 2026 - căn hộ có vị trí đẹp nhất quy nhơn,https://alonhadat.com.vn/the-sailing-so-huu-so-hong-lau-dai-ban-giao-2026-can-ho-co-vi-tri-dep-nhat-quy-nhon-18298476.html
Nhà,Căn hộ chung cư,Căn hộ chung cư,Thành phố Quy Nhơn,Lê Duẩn,Đường Lê Duẩn,2.46,37.84615384615385,65.0,6.0,11.0,Đông,Đang cập nhật,16,2,2,Bán căn hộ chung cư cao cấp view trực diện biển: the sailing quy nhơn. loại căn hộ 2 phòng,https://alonhadat.com.vn/ban-can-ho-chung-cu-cao-cap-view-truc-dien-bien-the-sailing-quy-nhon-loai-can-ho-2-phong-17979939.html
Đất,Đất nền/Đất ở,Đất thổ cư/đất ở,Huyện Phù Cát,Tỉnh lộ 639,Đường Tỉnh Lộ 639,1.85,10.164835164835164,182.0,10.0,19.0,Chưa xác định,Đang cập nhật,0,0,0,Bán lô góc thôn tân thanh - cát hải - phù cát - bình định - diện tích 182 m² - góc - gần t,https://alonhadat.com.vn/ban-lo-goc-thon-tan-thanh-cat-hai-phu-cat-binh-dinh-dien-tich-182m2-goc-gan-t-17775957.html
Đất,Đất nền/Đất ở,Đất thổ cư/đất ở,Thành phố Quy Nhơn,Nguyễn Diêu,Đường Nguyễn Diêu,2.95,26.818181818181817,110.0,5.0,22.0,Chưa xác định,Sổ hồng,0,0,0,"Bán 2 lô liền kề vip, gần chung cư ecohome chợ dinh",https://alonhadat.com.vn/ban-2-lo-lien-ke-vip-gan-chung-cu-ecohome-cho-dinh-18442358.html
Đất,Đất nền/Đất ở,Đất nền/liền kề/đất dự án,Thành phố Quy Nhơn,Không rõ,Đường số 13 ( lộ giới 20 m) diện tích: 67,3.3,33.0,100.0,5.0,20.0,Chưa xác định,Đang cập nhật,0,0,0,"Bán một số lô đất khu đê đông, phường nhơn bình. diện tích 100 m². giá 3,3 tỉ",https://alonhadat.com.vn/ban-mot-so-lo-dat-khu-de-dong-phuong-nhon-binh-dien-tich-100m2-gia-3-3-ti-17845330.html
Đất,Đất nền/Đất ở,Đất nền/liền kề/đất dự án,Huyện Phù Cát,Hoàng Sa,Đường Hoàng Sa rộng - thoáng mát 👉lộ giới: 30 m 👉cách biển hơn 300 m 👉phù hợp kinh doanh ks,4.85,24.25,200.0,8.0,25.0,Tây,Đang cập nhật,0,0,0,"Bán lô đất trục chính Hoàng Sa - cát tiến, ngay bãi tắm cát tiến",https://alonhadat.com.vn/ban-lo-dat-truc-chinh-hoang-sa-cat-tien-ngay-bai-tam-cat-tien-17066050.html
Nhà,Nhà riêng/Trong hẻm,Nhà trong hẻm,Thành phố Quy Nhơn,Hoàng Văn Thụ,Đường nội bộ 5 m Hoàng Văn Thụ - diện tích 40 m²,4.25,106.25,40.0,4.0,10.0,Đông,Đang cập nhật,3,4,3,"Bán 2 căn nhà đường nội bộ 5 m Hoàng Văn Thụ - diện tích 40 m², 45 m²",https://alonhadat.com.vn/-ban-nha-4-tang-mat-tien-duong-le-xuan-tru-phuong-quy-nhon-p-tran-phu-cu-gia-lai-16918200.html
Nhà,Nhà mặt phố/Kinh doanh,Nhà mặt tiền,Thành phố Quy Nhơn,Không rõ,Không rõ,7.5,69.44444444444444,108.0,5.0,22.0,Đông,Đang cập nhật,4,4,5,Shophouse 4 tầng mặt tiền khu đại phú gia - thuận tiện kinh doanh buôn bán !,https://alonhadat.com.vn/shophouse-4-tang-mat-tien-khu-dai-phu-gia-thuan-tien-kinh-doanh-buon-ban--18709159.html
Nhà,Biệt thự/Nhà liền kề,"Biệt thự, nhà liền kề",Thành phố Quy Nhơn,Hùng Vương,Đường Hùng Vương,5.0,50.0,100.0,5.0,20.0,Chưa xác định,Đang cập nhật,5,6,4,Shophouse nhà phố thương mại solera quy nhơn - cơ hội đầu tư tốt nhất thị trường quy nhơn,https://alonhadat.com.vn/shophouse-nha-pho-thuong-mai-solera-quy-nhon-co-hoi-dau-tu-tot-nhat-thi-truong-quy-nhon-16608362.html
Đất,Đất nền/Đất ở,Đất thổ cư/đất ở,Huyện Tuy Phước,Không rõ,Không rõ,1.6,16.842105263157894,95.0,5.0,19.0,Chưa xác định,Đang cập nhật,0,0,0,"Bán đất thuộc tđc thôn quảng vân, xã phước thuận, huyện tuy phước. giá tốt nhất.",https://alonhadat.com.vn/ban-dat-truc-chinh-lien-xa-phuoc-thuan-dien-tich-140m2-14040652.html
Đất,Đất nền/Đất ở,Đất thổ cư/đất ở,Thành phố Quy Nhơn,Không rõ,Đường đường rộng 14 m,1.7,13.076923076923077,130.0,5.0,26.0,Chưa xác định,Đang cập nhật,0,0,0,"Mở bán lô đất mặt đường đường rộng 14 m, gần chợ phú tài, gần trường Hùng Vương. giá rẻ",https://alonhadat.com.vn/ban-cat-lo-mot-so-can-altara-nhon-gia-cuc-tot-can-1-phong-ngu-47m2-gia-tu-1ty-520-trie-18099179.html
Nhà,Biệt thự/Nhà liền kề,"Biệt thự, nhà liền kề",Huyện Phù Cát,Quốc lộ 19B,Đường Quốc Lộ 19B,6.65,29.555555555555557,225.0,7.0,20.0,Chưa xác định,Đang cập nhật,1,2,4,Giỏ hàng nội bộ biệt thự biển the ocean villas quy nhơn (maia2) kdl nhơn lý do vinacapital,https://alonhadat.com.vn/biet-thu-bien-the-ocean-villas-quy-nhon-maia2-kdl-nhon-ly-do-vinacapital-lam-cdt-14486438.html
Nhà,Nhà mặt phố/Kinh doanh,Nhà mặt tiền,Thành phố Quy Nhơn,Nguyễn Thái Học,Đường Nguyễn Thái Học 115 m² và 192 m² hôm nay 👉👉 căn 1: nhà 3 tầng kiên cố diện tích: 115 m² ngang 4,11.8,102.6086956521739,115.0,4.3,26.6,Tây,Đang cập nhật,3,4,3,Bán nhà mặt tiền đường Nguyễn Thái Học 115 m² và 192 m²,https://alonhadat.com.vn/ban-dat-khu-dong-cho-dinh-gan-chung-cu-8283841.html
Nhà,Căn hộ chung cư,Căn hộ chung cư,Thành phố Quy Nhơn,Võ Nguyên Giáp,Đường Võ Nguyên Giáp,1.088,20.923076923076923,52.0,0.0,0.0,Đông,Đang cập nhật,1,2,2,Căn hộ 60m² – 2pn – khu đô thị an phú thịnh đừng mắc 3 sai lầm khi chọn căn hộ giá mềm,https://alonhadat.com.vn/can-ho-60m-2pn-khu-do-thi-an-phu-thinh-dung-mac-3-sai-lam-khi-chon-can-ho-gia-mem-17725585.html
Nhà,Nhà riêng/Trong hẻm,Nhà trong hẻm,Thành phố Quy Nhơn,Hoàng Quốc Việt,Đường Hoàng Quốc Việt,3.15,87.5,36.0,4.5,13.0,Chưa xác định,Đang cập nhật,3,3,3,"(hím) bán nhà 3 tầng hẻm cạn rộng 3,1 m thị nại gần chợ đầm phường quy nhơn, giá nhỉn 3 ty",https://alonhadat.com.vn/-him-ban-nha-3-tang-hem-can-rong-3-1m-thi-nai-gan-cho-dam-phuong-quy-nhon-gia-nhin-3-ty-18513923.html
Nhà,Biệt thự/Nhà liền kề,"Biệt thự, nhà liền kề",Thành phố Quy Nhơn,Điện Biên Phủ,Đường Điện Biên Phủ,3.5,55.55555555555556,63.0,4.5,14.0,Nam,Đang cập nhật,3,5,4,Cần bán gấp căn nhà liên kế khu đô thị chợ góc nhà đẹp,https://alonhadat.com.vn/can-ban-gap-can-nha-lien-ke-khu-do-thi-cho-goc-nha-dep-18398281.html
Nhà,Nhà riêng/Trong hẻm,Nhà trong hẻm,Thành phố Quy Nhơn,Trần Thị Kỷ,Đường Trần Thị Kỷ,1.59,75.71428571428571,21.0,4.5,13.0,Chưa xác định,Đang cập nhật,2,2,3,"Bán nhà 2 tầng nhỏ xinh trung tâm hẻm cạn Trần Thị Kỷ phường. Ngô Mây quy nhơn, giá mềm 1tyxyz",https://alonhadat.com.vn/ban-nha-2-tang-nho-xinh-trung-tam-hem-can-tran-thi-ky-p-ngo-may-quy-nhon-gia-mem-1tyxyz-15472154.html
Nhà,Nhà mặt phố/Kinh doanh,Nhà mặt tiền,Thành phố Quy Nhơn,Hai Bà Trưng,Đường Hai Bà Trưng,16.0,131.14754098360655,122.0,5.2,23.5,Chưa xác định,Đang cập nhật,4,5,3,Bán 2 căn nhà mặt tiền Hai Bà Trưng – trung tâm quy nhơn,https://alonhadat.com.vn/-ban-nha-mat-tien-duong-tang-bat-ho-trung-tam-quy-nhon--17986670.html
Nhà,Căn hộ chung cư,Căn hộ chung cư,Thành phố Quy Nhơn,Chương Dương,Đường Nguyễn Trung Tín hôm nay cần bán căn đẹp nhất dự án quy nhơn melody (đường Nguyễn Trung Tín + Chương Dương). - trực diện view biển. - diện tích 50.4m². - tầng cao 30. - giá gồm vat: 1.4 tỷ. - bàn giao hoàn thiện,1.4,28.0,50.0,0.0,0.0,Chưa xác định,Đang cập nhật,19,1,2,"Bán căn hộ medoly 1,4 tỷ - đường Nguyễn Trung Tín",https://alonhadat.com.vn/ban-can-ho-medoly-1-4-ty-ngop-bank-ban-re--12724366.html
Nhà,Căn hộ chung cư,Căn hộ chung cư,Thành phố Quy Nhơn,Trần Hưng Đạo,Đường Trần Hưng Đạo,1.69,27.704918032786885,61.0,0.0,0.0,Chưa xác định,Đang cập nhật,1,2,2,Bán lỗ nặng căn hộ cao cấp altara view biển,https://alonhadat.com.vn/ban-lo-nang-can-ho-cao-cap-altara-view-bien-13781162.html
Nhà,Nhà riêng/Trong hẻm,Nhà trong hẻm,Thành phố Quy Nhơn,Nguyễn Thị Minh Khai,Đường Nguyễn Thị Minh Khai,2.45,54.44444444444444,45.0,4.5,13.0,Chưa xác định,Đang cập nhật,3,2,3,"(hím thấy) đất sau căn mặt tiền Nguyễn Thị Minh Khai 45 m² giá 2ty4x, gần biển quy nhơn",https://alonhadat.com.vn/-re-gap-ban-nha-3-me-hem-can-oto-nguyen-thai-hoc-p-nguyen-van-cu-bien-quy-nhon-83-5m--18614785.html
Nhà,Nhà riêng/Trong hẻm,Nhà trong hẻm,Thành phố Quy Nhơn,Bùi Xuân Phái,Đường Bùi Xuân Phái,2.35,57.31707317073171,41.0,4.5,13.0,Tây,Đang cập nhật,1,1,3,"Nhà hẻm Bùi Xuân Phái,phường qui nhơn",https://alonhadat.com.vn/nha-hem-bui-xuan-phai-phuong-qui-nhon-18272129.html
Đất,Đất nền/Đất ở,Đất nền/liền kề/đất dự án,Thành phố Quy Nhơn,Không rõ,Không rõ,1.65,25.384615384615383,65.0,5.0,13.0,Đông,Đang cập nhật,0,0,0,"Cần bán lô đất khu tái định cư xã nhơn hải, thành phố quy nhơn, tỉnh bình định",https://alonhadat.com.vn/can-ban-lo-dat-khu-tai-dinh-cu-xa-nhon-hai-thanh-pho-quy-nhon-tinh-binh-dinh-13756525.html
Đất,Đất nền/Đất ở,Đất thổ cư/đất ở,Huyện Phù Cát,Hoàng Sa,Đường Hoàng Sa - 4 tỷ xxx phù hợp mua để ở,4.8,24.12060301507538,199.0,8.0,25.0,Chưa xác định,Đang cập nhật,0,0,0,"Bán mấy lô liền kề mặt tiền Hoàng Sa, cát tiến",https://alonhadat.com.vn/ban-may-lo-lien-ke-mat-tien-hoang-sa-cat-tien-17070955.html
Nhà,Căn hộ chung cư,Căn hộ chung cư,Thành phố Quy Nhơn,Trần Hưng Đạo,Đường Trần Hưng Đạo,2.9,44.61538461538461,65.0,0.0,0.0,Đông,Đang cập nhật,29,2,2,"2 năm 0% lãi + gốc. chung cư simona heights - cạnh biển, sổ lâu dài - chiết khấu 5%, 10%,",https://alonhadat.com.vn/2-nam-0-lai-goc-chung-cu-simona-heights-canh-bien-so-lau-dai-chiet-khau-5-10--17541023.html
Nhà,Căn hộ chung cư,Căn hộ chung cư,Thành phố Quy Nhơn,Hoàng Văn Thụ,Đường Hoàng Văn Thụ,1.9,29.23076923076923,65.0,0.0,0.0,Chưa xác định,Sổ hồng,12,2,2,"Cần bán căn hộ phú tài 1.. căn hộ full nội thất (bán lỗ ) 1,9 tỷ.. sổ hồng lâu dài",https://alonhadat.com.vn/can-ban-can-ho-phu-tai-1-can-ho-full-noi-that-ban-lo-1-9-ty-so-hong-lau-dai-13173149.html
Đất,Đất nền/Đất ở,Đất nền/liền kề/đất dự án,Thành phố Quy Nhơn,Không rõ,Đường d3,5.7,32.947976878612714,173.0,10.0,20.0,Đông,Đang cập nhật,0,0,0,"Bán 2 lô đất góc 2 mặt tiền kđt Long Vân, gần fpt - diện tích 116 m², 173 m²",https://alonhadat.com.vn/ban-nha-2-tang-mat-tien-duong-huynh-man-dat-hien-dan-kinh-doanh-nha-tro-dt-111m2-18478325.html
Nhà,Nhà mặt phố/Kinh doanh,Nhà mặt tiền,Thành phố Quy Nhơn,Hoàng Văn Thái,Đường Hoàng Văn Thái 84 m² và 70 m² hôm nay 👉👉 bán nhà 4 tầng mặt tiền đường Hoàng Văn Thái gần hoàng minh thảo diện tích: 70 m² ngang 5 m hướng nam giá bán: 5,5.6,80.0,70.0,5.0,14.0,Nam,Đang cập nhật,4,3,3,Bán nhà và đất mặt tiền đường Hoàng Văn Thái 84 m² và 70 m²,https://alonhadat.com.vn/ban-dat-mat-tien-duong-hoang-van-thai-84m2-17364022.html
Nhà,Căn hộ chung cư,Căn hộ chung cư,Thành phố Quy Nhơn,Nguyễn Tất Thành,Đường Nguyễn Tất Thành,1.9,31.666666666666668,60.0,0.0,0.0,Chưa xác định,Sổ hồng,12,2,2,"Kẹt vố cần bán căn hộ trung tâm quy nhơn - 60 m², 2pn, giá 1.9 tỷ sổ hồng lâu dài",https://alonhadat.com.vn/ket-vo-can-ban-can-ho-trung-tam-quy-nhon-60m2-2pn-gia-1-9-ty-so-hong-lau-dai-13076372.html
Nhà,Nhà riêng/Trong hẻm,Nhà trong hẻm,Thành phố Quy Nhơn,Nguyễn Thái Học,Đường Nguyễn Thái Học 10 m,3.2,69.56521739130434,46.0,3.4,13.5,Tây,Đang cập nhật,3,3,3,"Bán nhà hẻm nguyên thái học 46 m²,80 m² và 110 m²",https://alonhadat.com.vn/ban-dat-mat-tien-duong-nguyen-quy-duc-100m2-15906647.html
Đất,Đất nền/Đất ở,Đất thổ cư/đất ở,Thành phố Quy Nhơn,Số 3,Đường Số 03,1.052,10.52,100.0,4.0,25.0,Tây,Đang cập nhật,0,0,0,"Bán đất xã nhơn hội, thành phố quy nhơn, tỉnh bình định, giá tốt nhất",https://alonhadat.com.vn/ban-dat-xa-nhon-hoi-thanh-pho-quy-nhon-tinh-binh-dinh-gia-tot-nhat-14293601.html
Nhà,Nhà riêng/Trong hẻm,Nhà trong hẻm,Thành phố Quy Nhơn,Tây Sơn,Đường Tây Sơn,2.1,52.5,40.0,4.5,8.9,Đông,Đang cập nhật,2,2,3,"Bán nhà hẻm Tây Sơn khu gara quyền 114 m², 52 m2 và 49 m²",https://alonhadat.com.vn/ban-nha-me-lo-mat-tien-duong-mac-thi-buoi-song-song-huynh-tan-phat-80m2-16631946.html
Nhà,Nhà riêng/Trong hẻm,Nhà trong hẻm,Thành phố Quy Nhơn,Phó Đức Chính,Đường Phó Đức Chính,3.72,53.91304347826087,69.0,4.0,17.5,Đông,Đang cập nhật,3,2,3,Bán nhà cấp 4 hẻm rộng đg Phó Đức Chính diện tích 69 m² ngang 4 m giá 3ty720,https://alonhadat.com.vn/ban-lo-goc-2-nat-tien-dg-lo-gioi-16m-ngay-chung-cu-ecohome-dt-134m2-gia-2ty900-15362818.html
Nhà,Nhà riêng/Trong hẻm,Nhà trong hẻm,Thành phố Quy Nhơn,Trần Đại Nghĩa,Đường Trần Đại Nghĩa đi vào . 👉🏿diện tích:40 m ngang hơn 8 m cách đường oto 10 m hướng: tây bắc 👉🏿nhà 1 mê kiên cố rộng rãi 2p ngủ 2vs 👉🏿giá 1 tỷ 130 triệu bớt lưu chủ lộc cho...... << xem chi tiết >> 2 m² tầng2 phòng ngủchỗ để xe giá: 1,1.13,28.25,40.0,8.0,5.0,Tây,Đang cập nhật,2,2,3,Bán nhà hẻm Trần Đại Nghĩa phường Trần Quang Diệu 40 m²,https://alonhadat.com.vn/ban-nha-3-tang-mat-tien-duong-hai-ba-trung-gan-duong-le-hong-phong-82m2-8232256.html
Nhà,Nhà mặt phố/Kinh doanh,Nhà mặt tiền,Thành phố Quy Nhơn,Nguyễn Khuyến,Đường Nguyễn Khuyến,2.55,55.43478260869565,46.0,3.3,14.0,Chưa xác định,Đang cập nhật,1,1,3,"Ngộp gấp duy nhứt 1 căn mặt tiền gần chợ Hoa Lư, quy nhơn, 46m² giá chỉ 2ty xx",https://alonhadat.com.vn/ban-nha-3-5-me-mat-tien-view-song-kinh-doanh-sam-uat-hoa-lu-phuong-quy-nhon-89m2-18203582.html
Nhà,Căn hộ chung cư,Căn hộ chung cư,Thành phố Quy Nhơn,Hoàng Văn Thụ,Đường Hoàng Văn Thụ,1.1,21.568627450980394,51.0,0.0,0.0,Chưa xác định,Đang cập nhật,5,2,2,"Chuyển nhượng căn hộ simona (Hoàng Văn Thụ - quy nhơn)- căn góc, 2pn, 2wc- 1,1 tỷ",https://alonhadat.com.vn/chuyen-nhuong-can-ho-simona-hoang-van-thu-quy-nhon-can-goc-2pn-2wc-900tr-13319457.html
Đất,Đất nền/Đất ở,Đất nền/liền kề/đất dự án,Thành phố Quy Nhơn,Tây Sơn,Đường Tây Sơn,5.5,29.72972972972973,185.0,10.0,18.5,Tây,Đang cập nhật,0,0,0,Bán đất lô ống và lô góc khu đô thị Long Vân gần cây xăng bảy cường,https://alonhadat.com.vn/chinh-chu-ban-nha-73-tran-cao-van-82m2-ngang-4-huong-dong-bac-gan-duong-nguyen-hue-7411286.html
Nhà,Nhà mặt phố/Kinh doanh,Nhà mặt tiền,Thành phố Quy Nhơn,Nguyễn Trung Trực,Đường Nguyễn Trung Trực 80 m² hôm nay bán nhà mặt tiền đường Nguyễn Trung Trực diện tích: 80 m² ngang 5 m đông nam nhà 3 tầng kiên cố,7.9,98.75,80.0,5.0,16.0,Đông,Đang cập nhật,3,3,3,Bán nhà mặt tiền đường Nguyễn Trung Trực 80 m²,https://alonhadat.com.vn/ban-nha-mat-tien-duong-ha-huy-tap-35m2-va-62m2-13730614.html
Đất,Đất nền/Đất ở,Đất thổ cư/đất ở,Thành phố Quy Nhơn,Thành Thái,Đường Thành Thái,7.5,62.5,120.0,5.0,24.0,Tây,Đang cập nhật,0,0,0,Bán đất Thành Thái nối dài đối diện khu an phước. lộ giới 18 m. 120 m² ngang 5 m giá 7tỷ5,https://alonhadat.com.vn/ban-dat-thanh-thai-noi-dai-doi-dien-khu-an-phuoc-lo-gioi-18m-120m2-ngang-5m-gia-7ty5-18684540.html
Nhà,Nhà riêng/Trong hẻm,Nhà trong hẻm,Thành phố Quy Nhơn,Nguyễn Thái Học,Đường Nguyễn Thái Học,2.95,64.1304347826087,46.0,4.5,13.0,Chưa xác định,Đang cập nhật,3,3,3,"(rẻ quá) bán nhà 3 tầng ôm góc hẻm rộng Nguyễn Thái Học, quy nhơn 46m², giá chỉ 2 ty xxz v",https://alonhadat.com.vn/-re-qua-ban-nha-3-tang-om-goc-hem-rong-nguyen-thai-hoc-quy-nhon-46m-gia-chi-2-ty-xxz-v-18357751.html
Nhà,Căn hộ chung cư,Căn hộ chung cư,Thành phố Quy Nhơn,Hoàng Văn Thụ,Đường Hoàng Văn Thụ,1.25,24.50980392156863,51.0,0.0,0.0,Tây,Đang cập nhật,9,2,2,Bán căn góc tầng 9 chung cư simona Võ Văn Dũng và Hoàng Văn Thụ diện tích 51 m² giá 1ty250,https://alonhadat.com.vn/ban-lo-dat-mat-tien-duong-hoang-van-thu-lo-gioi-12m-dt-85m2-ngang-5-2m-no-hau-gia-7ty-17021871.html
Nhà,Nhà mặt phố/Kinh doanh,Nhà mặt tiền,Thành phố Quy Nhơn,Mai Xuân Thưởng,Đường Mai Xuân Thưởng,13.85,144.27083333333334,96.0,4.0,24.0,Chưa xác định,Đang cập nhật,3,4,3,Bán nhà 3 tầng mặt tiền Mai Xuân Thưởng – trung tâm quy nhơn,https://alonhadat.com.vn/-ban-nha-3-tang-mat-tien-mai-xuan-thuong-trung-tam-quy-nhon-18262367.html
Nhà,Nhà mặt phố/Kinh doanh,Nhà mặt tiền,Thành phố Quy Nhơn,Hoa Lư,Đường Hoa Lư 89 m² và 108 m² và góc 128 m² hôm nay 👉👉căn 1: bán nhà cấp 4 mặt tiền đường Hoa Lư diện tích: 108 m² ngang 5 m nhà xây kiểu quán cafe kinh doanh khu view sông thoáng mát,6.0,55.55555555555556,108.0,5.0,21.6,Tây,Đang cập nhật,3,3,3,Bán nhà mặt tiền đường Hoa Lư 89 m² và 108 m² và góc 128 m²,https://alonhadat.com.vn/ban-nha-3-me-duong-pham-ho-noi-bo-nguyen-thai-hoc-khu-an-phu-51m2-14040428.html
Nhà,Nhà riêng/Trong hẻm,Nhà trong hẻm,Thành phố Quy Nhơn,Diên Hồng,Đường Diên Hồng gần trụ sở ngân hàng bidv diện tích: 40 m² ngang 4,3.35,83.75,40.0,4.4,9.1,Đông,Đang cập nhật,3,3,3,Bán nhà hẻm Diên Hồng 40 m² gần ngân hàng bidv,https://alonhadat.com.vn/ban-nha-hem-dien-hong-40m2-gan-ngan-hang-bidv-16627459.html
Nhà,Nhà mặt phố/Kinh doanh,Nhà mặt tiền,Thành phố Quy Nhơn,Không rõ,Đường ...... << xem chi tiết >> 15m3 tầng4 phòng ngủ giá: 2,2.65,32.71604938271605,81.0,4.5,18.0,Đông,Đang cập nhật,3,4,3,"Bán 3 căn mặt tiền gần kđt Long Vân và fpt, phường.quy nhơn bắc - diện tích 72 m², 81 m², 122 m²",https://alonhadat.com.vn/-ban-2-lo-lien-ke-mat-tien-a1-kdt-tdc-de-dong-18357139.html
Nhà,Biệt thự/Nhà liền kề,"Biệt thự, nhà liền kề",Thành phố Quy Nhơn,Phạm Thị Đào,Đường Phạm Thị Đào,5.5,68.75,80.0,7.0,20.0,Chưa xác định,Đang cập nhật,3,5,4,[cần bán nhanh] nhà phố richmond quy nhơn – giá rẻ nhất thị trường!,https://alonhadat.com.vn/-can-ban-nhanh-nha-pho-richmond-quy-nhon-gia-re-nhat-thi-truong--17609413.html
Đất,Đất nền/Đất ở,Đất nền/liền kề/đất dự án,Thị xã An Nhơn,Không rõ,Không rõ,1.9,19.0,100.0,5.0,20.0,Chưa xác định,Đang cập nhật,0,0,0,"Bán đất khu đô thị tân an reverside an nhơn. diện tích 100 m². lộ giới 19 m, trục chính.",https://alonhadat.com.vn/ban-dat-khu-do-thi-tan-an-reverside-an-nhon-dien-tich-100m2-lo-gioi-18m-truc-chinh--18348785.html
Nhà,Căn hộ chung cư,Căn hộ chung cư,Thành phố Quy Nhơn,Hoàng Văn Thụ,Đường Hoàng Văn Thụ & Lý Thái Tổ,2.0,34.48275862068966,58.0,6.0,10.0,Tây,Đang cập nhật,25,2,2,Phú tài 2 - căn hộ cao cấp - trung tâm thành phố - sở hữu lâu dài,https://alonhadat.com.vn/phu-tai-2-can-ho-cao-cap-trung-tam-tp-so-huu-lau-dai-18381918.html
Nhà,Nhà riêng/Trong hẻm,Nhà trong hẻm,Thành phố Quy Nhơn,Hà Huy Tập,Đường Nội Bộ Hà Huy Tập,6.3,100.0,63.0,4.8,13.0,Tây,Sổ đỏ,3,3,3,Bán nhà nội bộ ô tô Hà Huy Tập 63 m²,https://alonhadat.com.vn/ban-nha-mat-tien-duong-lam-van-that-95m2-17057708.html
Nhà,Nhà mặt phố/Kinh doanh,Nhà mặt tiền,Thành phố Quy Nhơn,Nguyễn Hữu Tiến,Đường Nguyễn Hữu Tiến 45 m² hôm nay cần tiền nên bán gấp bán căn nhà 1 mê rưỡi nguyên,3.1,68.88888888888889,45.0,3.0,15.0,Chưa xác định,Đang cập nhật,2,3,2,Bán nhà mặt tiền đường Nguyễn Hữu Tiến 45 m²,https://alonhadat.com.vn/ban-dat-dang-lam-xuong-duong-so-2-song-song-dien-bien-phu-224m2-13540945.html
Đất,Đất nền/Đất ở,Đất nền/liền kề/đất dự án,Thành phố Quy Nhơn,Tây Sơn,Đường Tây Sơn,3.55,44.375,80.0,5.0,16.0,Tây,Đang cập nhật,0,0,0,Bán đất lô góc và lô ống khu đấu giá gara quyền,https://alonhadat.com.vn/dat-73-1m2-ngang-5m-huong-dong-nam-duong-hoang-van-thai-khu-vuc-ha-thanh-tp-quy-nhon-7329737.html
Nhà,Nhà riêng/Trong hẻm,Nhà trong hẻm,Thành phố Quy Nhơn,Bùi Thị Xuân,Đường Nội Bộ Giáp Văn Cương - diện tích 85 m² ngang 5 - giá 1 tỷ 280tr hôm nay 🏡 bán nhà hẻm ô tô giáp văn cương – Bùi Thị Xuân,1.35,15.882352941176471,85.0,5.0,17.0,Bắc,Đang cập nhật,3,2,3,Cần bán nhà cấp 4 còn mới đường Nội Bộ Giáp Văn Cương - diện tích 85 m² ngang 5 - giá 1 tỷ 280tr,https://alonhadat.com.vn/-ban-nha-3-me-mat-tien-duong-thanh-nien-p-quy-nhon-p-quang-trung-cu-dt-49m2-16916839.html
Đất,Đất nền/Đất ở,Đất thổ cư/đất ở,Thành phố Quy Nhơn,Thoại Ngọc Hầu,Đường Thoại Ngọc Hầu,5.5,29.25531914893617,188.0,7.5,25.0,Chưa xác định,Đang cập nhật,0,0,0,"Bán đất mặt tiền đường Thoại Ngọc Hầu, quy nhơn. giá rẻ",https://alonhadat.com.vn/ban-dat-mat-tien-duong-thoai-ngoc-hau-quy-nhon-gia-re-17685658.html
Nhà,Nhà riêng/Trong hẻm,Nhà trong hẻm,Thành phố Quy Nhơn,Diên Hồng,Đường Diên Hồng,6.0,75.0,80.0,5.0,16.0,Chưa xác định,Đang cập nhật,1,2,3,Bán nhà cạnh siêu thị coopmart - gần Lê Duẩn trường chinh - 80 m² - ngang 5 m 6 tỷ,https://alonhadat.com.vn/-ban-nha-canh-sieu-thi-coopmart-gan-le-duan-truong-chinh-80m2-ngang-5m-6-ty-18293973.html
Nhà,Biệt thự/Nhà liền kề,"Biệt thự, nhà liền kề",Thành phố Quy Nhơn,Ghềnh Ráng,Đường gần lê công miễn - khu Ghềnh Ráng - gần biển quy nhơn hôm qua bán biệt thự 3 tầng mặt tiền đường gần lê công miễn - khu Ghềnh Ráng - quy nhơn 💥 vị trí: gần biển,13.8,68.31683168316832,202.0,0.0,0.0,Chưa xác định,Đang cập nhật,3,5,6,Bán nhà 3 tầng mặt tiền đường gần lê công miễn - khu Ghềnh Ráng - gần biển quy nhơn,https://alonhadat.com.vn/ban-nha-3-tang-mat-tien-duong-gan-le-cong-mien-khu-ghenh-rang-gan-bien-quy-nhon-18660230.html
Nhà,Biệt thự/Nhà liền kề,"Biệt thự, nhà liền kề",Thành phố Quy Nhơn,Tây Sơn,Đường Tây Sơn,5.5,78.57142857142857,70.0,5.0,14.0,Chưa xác định,Sổ hồng,4,4,4,Siêu phẩm nhà phố phú gia royal park - gần biển - sổ hồng lâu dài - tiện ích đẳng cấp,https://alonhadat.com.vn/sieu-pham-nha-pho-phu-gia-royal-park-gan-bien-so-hong-lau-dai-tien-ich-dang-cap-17513019.html
Nhà,Nhà riêng/Trong hẻm,Nhà trong hẻm,Thành phố Quy Nhơn,Ngô Mây,Đường Ngô Mây 69 m² và 83 m² hôm nay 👉👉 căn 1: bán nhà vị trí vip,3.4,49.27536231884058,69.0,6.2,11.2,Tây,Đang cập nhật,2,3,3,Bán nhà hẻm rộng đường Ngô Mây 69 m² và 83 m²,https://alonhadat.com.vn/ban-lo-dat-duong-pham-ngoc-thao-cau-1-ha-thanh-100m2-15496938.html
Đất,Đất nền/Đất ở,Đất thổ cư/đất ở,Huyện Phù Cát,Không rõ,Không rõ,1.8,20.0,90.0,5.0,18.0,Đông,Đang cập nhật,0,0,0,"Cần bán lô đất thuộc khu phố phú hậu, thị trấn cát tiến, huyện phù cát, tỉnh bình định.",https://alonhadat.com.vn/can-ban-lo-dat-thuoc-khu-pho-phu-hau-thi-tran-cat-tien-huyen-phu-cat-tinh-binh-dinh--14480029.html
Nhà,Nhà mặt phố/Kinh doanh,Nhà mặt tiền,Thành phố Quy Nhơn,Nguyễn Thái Học,Đường Nguyễn Thái Học,6.5,71.42857142857143,91.0,3.1,27.0,Chưa xác định,Đang cập nhật,3,3,3,"Cần bán nhà mặt tiền 278 đường Nguyễn Thái Học, phường Ngô Mây, thành phố quy nhơn",https://alonhadat.com.vn/can-ban-nha-mat-tien-278-duong-nguyen-thai-hoc-phuong-ngo-may-thanh-pho-quy-nhon-15069009.html
Nhà,Nhà riêng/Trong hẻm,Nhà trong hẻm,Thành phố Quy Nhơn,Hoàng Văn Thụ,Đường Hoàng Văn Thụ,3.5,41.666666666666664,84.0,5.0,19.0,Tây,Đang cập nhật,3,4,3,Bán nhà hẻm cạn 70 Hoàng Văn Thụ - trung tâm quy nhơn - giá cực tốt,https://alonhadat.com.vn/ban-nha-hem-can-70-hoang-van-thu-trung-tam-quy-nhon-gia-cuc-tot-18468339.html
Nhà,Nhà riêng/Trong hẻm,Nhà trong hẻm,Thành phố Quy Nhơn,Nguyễn Trãi,Đường Nội Bộ Nguyễn Trãi,4.5,39.473684210526315,114.0,4.5,25.0,Nam,Đang cập nhật,3,2,3,"Bán nhà cấp 4 đường Nội Bộ Nguyễn Trãi, đường rộng 4 m - diện tích 113,5 m² ngang 4,5 m - giá 4,5tỷ",https://alonhadat.com.vn/-ban-nha-me-lo-mat-tien-nguyen-hien-ha-thanh-1-quy-nhon-18338882.html
Đất,Đất nền/Đất ở,Đất thổ cư/đất ở,Huyện Phù Cát,Không rõ,Đường 639 xã đề gi hôm nay sang phiếu lô góc - mặt tiền đường 639 xã đề gi - diện tích: 187.5 m2,3.95,21.01063829787234,188.0,10.0,20.0,Chưa xác định,Đang cập nhật,0,0,0,Sang phiếu lô góc - mặt tiền đường 639 xã đề gi,https://alonhadat.com.vn/sang-phieu-lo-goc-mat-tien-duong-639-xa-de-gi-18664344.html
Nhà,Nhà riêng/Trong hẻm,Nhà trong hẻm,Thành phố Quy Nhơn,Trần Thị Kỷ,Đường Trần Thị Kỷ – khu dân cư yên tĩnh,4.2,47.72727272727273,88.0,5.3,16.6,Đông,Đang cập nhật,1,3,3,"Bán nhà 1 mê hẻm rộng – Trần Thị Kỷ, quy nhơn nam",https://alonhadat.com.vn/-ban-nha-1-me-hem-rong-tran-thi-ky-quy-nhon-nam-18437915.html
Nhà,Nhà mặt phố/Kinh doanh,Nhà mặt tiền,Thành phố Quy Nhơn,Nguyễn Nhạc,Đường Nguyễn Nhạc,11.0,79.13669064748201,139.0,9.0,15.5,Chưa xác định,Đang cập nhật,2,3,3,"Cần bán căn nhà tâm huyết,mặt tiền đường Nguyễn Nhạc, thành phố quy nhơn, tỉnh bình định.",https://alonhadat.com.vn/can-ban-can-nha-tam-huyet-mat-tien-duong-nguyen-nhac-thanh-pho-quy-nhon-tinh-binh-dinh--16009260.html
Đất,Đất nền/Đất ở,Đất thổ cư/đất ở,Thành phố Quy Nhơn,Tây Sơn,Đường Tây Sơn,2.2,34.375,64.0,4.0,16.0,Chưa xác định,Đang cập nhật,0,0,0,Bán lô đất khu dân cư núi mồ côi - nhơn phú,https://alonhadat.com.vn/ban-lo-dat-khu-dan-cu-nui-mo-coi-nhon-phu-18452985.html
Nhà,Nhà mặt phố/Kinh doanh,Nhà mặt tiền,Thành phố Quy Nhơn,Ngô Mây,Đường Ngô Mây,25.0,179.85611510791367,139.0,6.2,22.4,Tây,Đang cập nhật,3,3,3,"Bán nhà 3 mê – mặt tiền Ngô Mây, trung tâm thành phố quy nhơn",https://alonhadat.com.vn/-ban-nha-3-me-mat-tien-ngo-may-trung-tam-tp-quy-nhon--18295223.html
Nhà,Nhà riêng/Trong hẻm,Nhà trong hẻm,Thành phố Quy Nhơn,Cần Vương,Đường Cần Vương 46 m² hôm nay cần bán 1 căn nhà mê lỡ 46,2.5,54.34782608695652,46.0,3.4,13.4,Tây,Đang cập nhật,1,2,3,Bán nhà mê lỡ hẻm đường Cần Vương 46 m²,https://alonhadat.com.vn/ban-nha-me-lo-hem-duong-can-vuong-46m2-12486767.html
Nhà,Nhà riêng/Trong hẻm,Nhà trong hẻm,Thành phố Quy Nhơn,Hai Bà Trưng,Đường Nội Bộ Hai ô tô 6 m Trần Văn Ơn,8.9,78.76106194690266,113.0,4.2,27.0,Đông,Đang cập nhật,3,3,3,Bán nhà cấp 4 hẻm nội bộ 6 m đg Trần Văn Ơn cách biễn 1 phút đi bộ diện tích 113 m² giá 8ty900,https://alonhadat.com.vn/ban-nha-cap-4-hem-noi-bo-6m-dg-tran-van-on-cach-bien-1-phut-di-bo-dt-113m2-gia-8ty900-18149863.html
Nhà,Căn hộ chung cư,Căn hộ chung cư,Thành phố Quy Nhơn,Lê Đức Thọ,Đường Lê Đức Thọ - 2 phòng ngủ 2 toilet 65 m² - tầng cao view thoáng - giá 2 tỷ 50 triệu * tiện ích nội khu. tận hưởng không gian thoáng m...... << xem chi tiết >> 20m32 tầng2 phòng ngủchỗ để xe giá: 2,2.05,31.53846153846154,65.0,6.0,11.0,Tây,Đang cập nhật,32,2,2,Bán nhanh căn hộ 2pn phú tài residences - full nội thất,https://alonhadat.com.vn/ban-nhanh-can-ho-2pn-phu-tai-residences-gia-tot-16426651.html
Nhà,Nhà riêng/Trong hẻm,Nhà trong hẻm,Thành phố Quy Nhơn,Mai Xuân Thưởng,Đường Mai Xuân Thưởng,3.15,58.333333333333336,54.0,4.5,13.0,Đông,Đang cập nhật,2,3,3,***cty bds sang land mở ban nhà cần bán địa chỉ:nội bộ ôtô đậu trước nhà mai xuân thưở,https://alonhadat.com.vn/-cty-bds-sang-land-mo-ban-nha-can-ban-dia-chi-noi-bo-oto-dau-truoc-nha-mai-xuan-thuo-11275937.html
Nhà,Căn hộ chung cư,Căn hộ chung cư,Thành phố Quy Nhơn,Trần Hưng Đạo,Đường Trần Hưng Đạo,3.0,34.09090909090909,88.0,0.0,0.0,Tây,Sổ đỏ,5,3,2,Simona heights view biển quy nhơn - sổ đỏ lâu dài - miễn phí 3 năm phí quản lý,https://alonhadat.com.vn/-simona-heights-quy-nhon-cham-dinh-song-moi--15903061.html
Nhà,Nhà mặt phố/Kinh doanh,Nhà mặt tiền,Thành phố Quy Nhơn,Bế Văn Đàn,Đường Bế Văn Đàn 155 m² và 78 m² hôm nay 👉👉 căn 1: nhà cấp 4 Bế Văn Đàn diện tích: 78 m² ngang 5 m tây bắc giá bán: 6 tỷ chốt bán 👉👉 căn 2: nhà cấp 4 diện tích: 155 m² ngang 10 m tây bắc giá bán: 12 tỷ sát bên biển,6.0,76.92307692307692,78.0,5.0,15.6,Chưa xác định,Đang cập nhật,3,2,3,Bán nhà mặt tiền đường Bế Văn Đàn 155 m² và 78 m²,https://alonhadat.com.vn/ban-nha-mat-tien-duong-be-van-dan-76m2-16482308.html
Nhà,Căn hộ chung cư,Căn hộ chung cư,Thành phố Quy Nhơn,Nguyễn Huệ,Đường Nguyễn Huệ,2.1,32.30769230769231,65.0,0.0,0.0,Chưa xác định,Đang cập nhật,24,2,1,"Bán căn hộ tms 5 trực view biển, căn góc tầng 15.. 2pn.. 65 m² full nội thất - 2,1 tỷ",https://alonhadat.com.vn/chu-ban-nhanh-can-ho-tms-5-sao-truc-dien-bien-full-noi-that-2pn-can-goc-tang-24-2-550-ty-12231064.html
Nhà,Căn hộ chung cư,Căn hộ chung cư,Thành phố Quy Nhơn,Hoàng Văn Thụ,Đường Hoàng Văn Thụ,1.29,18.428571428571427,70.0,0.0,0.0,Chưa xác định,Đang cập nhật,17,2,2,Bán căn hộ xuân thuỷ lock c ( Hoàng Văn Thụ) 1290 triệu 70 m² nhà mới 100% đã có sổ,https://alonhadat.com.vn/ban-can-ho-xuan-thuy-lock-c-hoang-van-thu-1090-trieu-70m2-nha-moi-100-da-co-so-13490413.html
Nhà,Nhà mặt phố/Kinh doanh,Nhà mặt tiền,Thành phố Quy Nhơn,Huỳnh Thúc Kháng,Đường Huỳnh Thúc Kháng phường thị nại quy nhơn. giá tốt nhất. hôm nay bán nhà 3 tầng mặt tiền đường Huỳnh Thúc Kháng phường thị nại quy nhơn. thông tin chi tiết trình làng tuyệt tác nhiều cảm xúc - nhà 3 tầng mặt tiền đường Huỳnh Thúc Kháng 👉 mở bán căn nhà 3 tầng: 3 phòng ngủ (có phò...... << xem chi tiết >> 12m3 tầng3 phòng ngủchỗ để xe giá: 6,6.95,99.28571428571429,70.0,4.0,18.0,Chưa xác định,Đang cập nhật,3,3,3,Bán nhà 3 tầng mặt tiền đường Huỳnh Thúc Kháng phường thị nại quy nhơn. giá tốt nhất.,https://alonhadat.com.vn/ban-nha-3-tang-mat-tien-duong-huynh-thuc-khang-phuong-thi-nai-quy-nhon-gia-tot-nhat--18282030.html
Nhà,Biệt thự/Nhà liền kề,"Biệt thự, nhà liền kề",Thành phố Quy Nhơn,Trần Quang Diệu,Đường Trần Quang Diệu,16.5,82.5,200.0,10.0,20.0,Đông,Sổ đỏ,4,6,4,"Bán biệt thự đường Trần Quang Diệu, diện tích 200 m², giá 16.5 tỷ",https://alonhadat.com.vn/ban-biet-thu-duong-tran-quang-dieu-dt-200m2-gia-16-5-ty-18045735.html
Nhà,Biệt thự/Nhà liền kề,"Biệt thự, nhà liền kề",Thành phố Quy Nhơn,D10,Đường D10,8.7,65.41353383458646,133.0,0.0,0.0,Chưa xác định,Đang cập nhật,3,5,4,Bán căn vila khu đô thi xanh kim cúc - quy nhơn - cách biển 300 m,https://alonhadat.com.vn/ban-can-vila-khu-do-thi-xanh-kim-cuc-quy-nhon-cach-bien-300m-17150895.html
Nhà,Nhà mặt phố/Kinh doanh,Nhà mặt tiền,Thành phố Quy Nhơn,Thành Thái,Đường Thành Thái,5.9,69.41176470588235,85.0,5.2,18.0,Đông,Đang cập nhật,3,2,3,Bán nhà mặt tiền nguyễn trường tộ – trung tâm quy nhơn,https://alonhadat.com.vn/chu-ngop-giam-sau-mat-bien-nhon-ly-xa-nhon-ly-dt-220m2-mat-bien-17m-15223674.html
Nhà,Nhà mặt phố/Kinh doanh,Nhà mặt tiền,Thành phố Quy Nhơn,Nguyễn Đình Thụ,Đường Nguyễn Đình Thụ 87 m² hôm nay 🔥 nhà mặt tiền Nguyễn Đình Thụ – gần biển,7.5,86.20689655172414,87.0,6.0,14.5,Chưa xác định,Đang cập nhật,2,10,3,Bán nhà mặt tiền đường Nguyễn Đình Thụ 87 m²,https://alonhadat.com.vn/ban-nha-mat-tien-duong-tran-hung-dao-gan-nha-tho-quy-duc-105m2-8372226.html
Nhà,Nhà mặt phố/Kinh doanh,Nhà mặt tiền,Thành phố Quy Nhơn,Không rõ,Đường 31 tháng 3 diện tích 34 m² hôm nay bán nhà 3 mê mặt tiền đường 31 tháng 3 vị trí nằm ngay sát biển,5.85,172.05882352941177,34.0,5.8,5.7,Tây,Đang cập nhật,3,2,3,Bán nhà mặt tiền đường 31 tháng 3 diện tích 34 m²,https://alonhadat.com.vn/ban-nha-4-tang-mat-tien-duong-phan-boi-chau-76m2-11405165.html
Nhà,Biệt thự/Nhà liền kề,"Biệt thự, nhà liền kề",Thành phố Quy Nhơn,Không rõ,Đường lộ giới 16 m diện tích 200mv ngang 10 m hướng bắc sổ đỏ chính chủ giá 10 tỷ 990 triệu bớt xíu đỉnh hiện trạng giao nhà thô 3 mê vị trí...... << xem chi tiết >> 16m3 tầng5 phòng ngủ giá: 10,10.999,54.995,200.0,10.0,20.0,Bắc,Sổ đỏ,3,5,4,Cần bán căn biêt thự khu đại phú gia dien tích 200mv giá 10 tỷ 990,https://alonhadat.com.vn/can-ban-can-biet-thu-khu-dai-phu-gia-dien-tich-200mv-gia-10-ty-990-18671169.html
Nhà,Biệt thự/Nhà liền kề,"Biệt thự, nhà liền kề",Thành phố Quy Nhơn,Tây Sơn,Đường Tây Sơn,6.0,85.71428571428571,70.0,5.0,14.0,Tây,Đang cập nhật,4,4,4,Kdt phú gia royal park: kdt mới cho người giàu tại trung tâm quy nhơn,https://alonhadat.com.vn/kdt-phu-gia-royal-park-kdt-moi-cho-nguoi-giau-tai-trung-tam-quy-nhon-17484293.html
Nhà,Nhà riêng/Trong hẻm,Nhà trong hẻm,Thành phố Quy Nhơn,Đống Đa,Đường Đống Đa,1.55,51.666666666666664,30.0,4.5,13.0,Đông,Sổ đỏ,3,1,3,"Bán nhà cấp 4 hẻm 41/ đông đa, cách đg chính tầm 30 m diện tích 30 m² giá 1ty550",https://alonhadat.com.vn/ban-lo-dat-mt-duong-nguyen-hoang-dt-75m2-gia-3ty800-huong-dong-nam-10720233.html
Đất,Đất nền/Đất ở,Đất thổ cư/đất ở,Thành phố Quy Nhơn,DS9,Đường DS9 - hướng đông bắc - diện tích 110 m2,2.7,24.545454545454547,110.0,5.0,22.0,Chưa xác định,Đang cập nhật,0,0,0,"Bán lô đất - hướng công viên, đông bắc khu đông chợ dinh",https://alonhadat.com.vn/ban-lo-dat-huong-cong-vien-dong-bac-khu-dong-cho-dinh-18655213.html
Nhà,Căn hộ chung cư,Căn hộ chung cư,Thành phố Quy Nhơn,Không rõ,Đường ngay vòng xoay trung tâm sầm uất. - pháp lý: c...... << xem chi tiết >> 30 tầng2 phòng ngủ giá: 2,2.35,33.57142857142857,70.0,7.6,9.0,Chưa xác định,Đang cập nhật,30,2,2,Cắt lỗ sâu bán nhanh căn góc 2 phòng ngủ grand center quy nhơn giá 2 tỷ350,https://alonhadat.com.vn/cat-lo-sau-ban-nhanh-can-goc-2-phong-ngu-grand-center-quy-nhon-gia-2-ty350-17962613.html
Đất,Đất nền/Đất ở,Đất thổ cư/đất ở,Thành phố Quy Nhơn,Không rõ,Không rõ,3.85,38.5,100.0,5.5,14.0,Đông,Đang cập nhật,0,0,0,"(to rẻ) bán đất mặt tiền lộ giới rộng 16 m +diện tích 78m² ngang5,5 m chỉ 3 tê 8xz, +hướng đông n",https://alonhadat.com.vn/-ngon-ban-nha-mat-tien-view-cong-vien-dang-lo-quy-nhon-dt-100m-ngang5m-gia-chi-4-5-te-18582391.html
Đất,Đất nền/Đất ở,Đất nền/liền kề/đất dự án,Huyện Phù Cát,Không rõ,Không rõ,1.6,10.666666666666666,150.0,6.0,25.0,Đông,Đang cập nhật,0,0,0,"Mở bán lô đất thị trấn cát tiến, huyện phù cát, tỉnh bình định.",https://alonhadat.com.vn/mo-ban-lo-dat-thi-tran-cat-tien-huyen-phu-cat-tinh-binh-dinh--14116957.html
Nhà,Nhà riêng/Trong hẻm,Nhà trong hẻm,Thành phố Quy Nhơn,Nguyễn Thái Học,Đường Nguyễn Thái Học,2.85,63.333333333333336,45.0,4.1,11.0,Chưa xác định,Đang cập nhật,2,3,3,"Bán nhà ôm góc 2 mặt hẻm Nguyễn Thái Học ph Ngô Mây quy nhơn, 44,5 m², giá 2 ty xxz + gần c",https://alonhadat.com.vn/ban-nha-om-goc-2-mat-hem-nguyen-thai-hoc-ph-ngo-may-quy-nhon-44-5m2-gia-2-ty-xxz-gan-c-18357774.html
Đất,Đất nền/Đất ở,Đất nền/liền kề/đất dự án,Thị xã An Nhơn,Không rõ,Không rõ,1.49,11.92,125.0,5.0,25.0,Tây,Đang cập nhật,0,0,0,"Bán đất diện tích 125 m² khu cẩm văn,phường nhơn hưng, tx an nhơn, bình định",https://alonhadat.com.vn/-ban-dat-dt-125m2-khu-cam-van-phuong-nhon-hung-tx-an-nhon-binh-dinh-18175482.html
Nhà,Biệt thự/Nhà liền kề,"Biệt thự, nhà liền kề",Thành phố Quy Nhơn,An Dương Vương,Đường An Dương Vương 200m² cách biển 50 m giá bán: 24tỷ 21/05/2026 bán nhà biệt thự góc khu tây đường An Dương Vương 200m² cách biển 50 m giá bán: 24tỷ chủ cần chuyển nhượng biệt thự góc hai mặt tiền tại khu tây đường An Dương Vương,24.0,120.0,200.0,11.0,18.0,Đông,Đang cập nhật,3,4,4,Bán nhà biệt thự góc khu tây đường An Dương Vương 200m² cách biển 50 m giá bán: 24tỷ,https://alonhadat.com.vn/ban-nha-biet-thu-goc-khu-tay-duong-an-duong-vuong-200m-cach-bien-50m-gia-ban-24ty-16215102.html
Nhà,Nhà riêng/Trong hẻm,Nhà trong hẻm,Huyện Tuy Phước,Trần Phú,Đường Trần Phú,0.7,12.962962962962964,54.0,6.0,9.0,Tây,Đang cập nhật,3,2,2,Cần bán nhà gác lửng - hẻm gần ga diêu trì,https://alonhadat.com.vn/can-ban-nha-gac-lung-hem-gan-ga-dieu-tri-13324148.html
Nhà,Nhà mặt phố/Kinh doanh,Nhà mặt tiền,Thành phố Quy Nhơn,Không rõ,Không rõ,3.68,92.0,40.0,4.0,10.0,Chưa xác định,Đang cập nhật,3,3,3,"Bán nhà 3 mê xây ở kiên cố mặt tiền phường quy nhơn gần cầu huỳnh tấn phát, zá 3ty xxz +",https://alonhadat.com.vn/-him-ban-nha-mat-tien-cach-bien-quy-nhon-chi-700m-gia-em-chi-nhinh-3ty-xxz-gan-du-lich-gr-17620817.html
Đất,Đất nền/Đất ở,Bán đất,Thành phố Quy Nhơn,Không rõ,Thành phố. quy nhơn (phường. quy nhơn đông mới),1.725,17.25,100.0,8.0,25.0,Đông,Đang cập nhật,0,0,0,"Đất đường đsa8 đẹp nhất, công viên và đường lớn xuống, nhơn hội, quy nhơn, bình định, ( gia lai )",https://batdongsan.com.vn/ban-dat-xa-nhon-hoi-1/ban-ds-a8-quy-binh-dinh-1-65-ty-100m2-hot-pr44710163
Nhà,Căn hộ chung cư,Căn hộ chung cư,Thành phố Quy Nhơn,Không rõ,Thành phố. quy nhơn (phường. quy nhơn mới),2.9,50.0,58.0,0.0,0.0,Chưa xác định,Đang cập nhật,12,2,2,"Căn 2pn the sailing quy nhơn view đẹp, ở cực chill",https://batdongsan.com.vn/ban-can-ho-chung-cu-duong-le-duan-phuong-ly-thuong-kiet-1-the-sailing-quy-nhon/2pn-view-ep-o-cuc-chill-pr45799207
Nhà,Biệt thự/Nhà liền kề,Nhà biệt thự/liền kề,Huyện Phù Cát,Không rõ,Huyện. phù cát (x. cát tiến mới),7.95,35.333333333333336,225.0,7.0,20.0,Chưa xác định,Đang cập nhật,3,5,4,Chỉ 7tỷ 950 sở hữu ngay căn villas được vận hành bởi fushion. liên hệ 0903 601 ***,https://batdongsan.com.vn/ban-nha-biet-thu-lien-ke-duong-quoc-lo-19b-xa-cat-tien-the-ocean-villas-quy-nhon/chi-6-ty-350-so-huu-ngay-can-duoc-van-hanh-boi-fushion-he-pr39795670
Nhà,Căn hộ chung cư,Căn hộ chung cư,Thành phố Quy Nhơn,Không rõ,Thành phố. quy nhơn (phường. quy nhơn mới),2.51,41.14754098360656,61.0,0.0,0.0,Chưa xác định,Đang cập nhật,12,2,2,"Tháng 6/2026 bán 2,51 tỷ căn 2pn tháp a the sailing quy nhơn 6/2026, lh 0876 683 ***",https://batdongsan.com.vn/ban-can-ho-chung-cu-duong-le-duan-phuong-ly-thuong-kiet-1-the-sailing-quy-nhon/hot-hot-thang-12-gio-hang-50-sailinh-qn-toa-a-chinh-thuc-ra-mat-sieu-uu-dai-pr44670905
Đất,Đất nền/Đất ở,Bán đất,Thành phố Quy Nhơn,Không rõ,Thành phố. quy nhơn (phường. quy nhơn đông mới),1.98,18.857142857142858,105.0,8.0,25.0,Đông,Đang cập nhật,0,0,0,"Bán lô đất thuộc khu dân cư suối cả, ven biển nhơn lý. diện tích 105 m². giá bán 1 tỉ 980 triệu",https://batdongsan.com.vn/ban-dat-duong-so-19b-1-xa-nhon-ly-155/can-ban-cac-lo-ven-bien-thanh-pho-quy-binh-dinh-gia-chi-tu-11-trieu-m2-pr31921313
Nhà,Nhà riêng/Trong hẻm,Nhà riêng,Thành phố Quy Nhơn,Không rõ,Thành phố. quy nhơn (phường. quy nhơn nam mới),3.45,78.4090909090909,44.0,4.5,13.0,Nam,Đang cập nhật,3,2,3,"Bán nhà 3 mê full nội thất hẻm cạn nguyễn thái phường. nguyễn văn cừ quy nhơn, 44 m², giá giảm 3 tỷ 4xz",https://batdongsan.com.vn/ban-nha-rieng-phuong-nguyen-van-cu/ban-3-me-full-noi-that-hem-can-thai-p-quy-nhon-44m2-gia-giam-3-ty-4xz-pr45798071
Nhà,Nhà riêng/Trong hẻm,Nhà riêng,Thành phố Quy Nhơn,Không rõ,Thành phố. quy nhơn (phường. quy nhơn mới),3.9,74.71264367816092,52.2,4.5,13.0,Chưa xác định,Đang cập nhật,3,2,3,(bán nhà) căn góc 2 mặt tiền - đường 1/5 quy nhơn,https://batdongsan.com.vn/ban-nha-rieng-duong-1-5-2-phuong-dong-da-155/ban-can-goc-2-mat-tien-uong-1-5-quy-nhon-pr45656681
Nhà,Nhà riêng/Trong hẻm,Nhà riêng,Thành phố Quy Nhơn,Không rõ,Thành phố. quy nhơn (phường. quy nhơn đông mới),9.0,62.370062370062364,144.3,4.5,13.0,Đông,Đang cập nhật,3,2,3,"Nhà chính chủ 2 mặt tiền . khu vực eo gió, nhơn lý, quy nhơn . diện tích 144,3 m nở hậu",https://batdongsan.com.vn/ban-nha-rieng-xa-nhon-ly/chinh-chu-2-mat-tien-khu-vuc-eo-gio-quy-dien-tich-144-3m-no-hau-pr45790973
Đất,Đất nền/Đất ở,Bán đất,Thành phố Quy Nhơn,Không rõ,Thành phố. quy nhơn (phường. quy nhơn bắc mới),2.7,27.0,100.0,8.0,25.0,Bắc,Đang cập nhật,0,0,0,"Đất đẹp giá đầu tư chính chủ cần bán đất kđt Long Vân, phường.Trần Quang Diệu, thành phố. quy nhơn, bình định",https://batdongsan.com.vn/ban-dat-phuong-tran-quang-dieu/at-ep-gia-au-tu-chinh-chu-can-ban-at-k-t-long-van-p-tp-quy-nhon-binh-inh-pr45720270
Nhà,Căn hộ chung cư,Căn hộ chung cư,Thành phố Quy Nhơn,Không rõ,Thành phố. quy nhơn (phường. quy nhơn nam mới),1.9,35.18518518518518,54.0,0.0,0.0,Nam,Đang cập nhật,12,2,2,Căn 2pn đẹp nhất trong giỏ hàng phú tài 2 central life quy nhơn,https://batdongsan.com.vn/ban-can-ho-chung-cu-duong-hoang-van-thu-phuong-quang-trung-7-phu-tai-2-central-life/gio-hang-sang-nhuong-re-nhat-2-quy-nhon-pr45232630
Nhà,Biệt thự/Nhà liền kề,Nhà biệt thự/liền kề,Huyện Phù Cát,Không rõ,Huyện. phù cát (x. cát tiến mới),9.8,40.833333333333336,240.0,7.0,20.0,Chưa xác định,Đang cập nhật,3,5,4,"Bán biệt thự đẹp tại fusion maia quy nhơn, 9,8 tỷ vnd, 240 m², nhiều tiện ích uy tín - chất lượng",https://batdongsan.com.vn/ban-nha-biet-thu-lien-ke-xa-cat-tien-fusion-maia-quy-nhon-resort/ban-dep-tai-9-259-ty-vnd-240m2-nhieu-ich-uy-tin-chat-luong-pr41587527
Nhà,Căn hộ chung cư,Căn hộ chung cư,Thành phố Quy Nhơn,Không rõ,Thành phố. quy nhơn (phường. quy nhơn mới),1.95,30.0,65.0,0.0,0.0,Chưa xác định,Đang cập nhật,12,2,2,Chỉ 1 tỷ 950 sở hữu căn hộ 2pn phú tài riverside giá cực tốt,https://batdongsan.com.vn/ban-can-ho-chung-cu-duong-le-duc-tho-phuong-hai-cang-phu-tai-residence/chi-1-ty-950-so-huu-2pn-riverside-gia-cuc-tot-pr45806137
Nhà,Căn hộ chung cư,Căn hộ chung cư,Thành phố Quy Nhơn,Không rõ,Thành phố. quy nhơn (phường. quy nhơn mới),2.3,35.38461538461539,65.0,0.0,0.0,Chưa xác định,Đang cập nhật,12,2,2,Cắt lỗ sang nhượng căn hộ 2 phòng ngủ siêu đẹp view biển,https://batdongsan.com.vn/ban-can-ho-chung-cu-duong-le-duc-tho-phuong-hai-cang-phu-tai-residence/cat-lo-sang-nhuong-2-phong-ngu-sieu-ep-view-bien-pr45748388
Nhà,Căn hộ chung cư,Căn hộ chung cư,Thành phố Quy Nhơn,Không rõ,Thành phố. quy nhơn (phường. quy nhơn nam mới),3.6,48.0,75.0,0.0,0.0,Nam,Đang cập nhật,12,3,2,Căn 3 phòng ngủ phú tài 2 hướng trực diện biển,https://batdongsan.com.vn/ban-can-ho-chung-cu-duong-hoang-van-thu-phuong-quang-trung-7-phu-tai-2-central-life/3-phong-ngu-2-huong-truc-dien-bien-pr44634931
Nhà,Căn hộ chung cư,Căn hộ chung cư,Thành phố Quy Nhơn,Không rõ,Thành phố. quy nhơn (phường. quy nhơn mới),1.29,28.666666666666668,45.0,0.0,0.0,Chưa xác định,Đang cập nhật,12,2,2,Chỉ 1 tỷ 290 sở hữu ngay căn hộ studio tms quy nhơn view biển cực đẹp,https://batdongsan.com.vn/ban-can-ho-chung-cu-duong-nguyen-hue-phuong-tran-phu-4-tms-luxury-hotel-residences/chi-1-ty-290-so-huu-ngay-studio-quy-nhon-view-bien-cuc-ep-pr45805771
Đất,Đất nền/Đất ở,Đất nền dự án,Thị xã Hoài Nhơn,Không rõ,Tx. hoài nhơn (phường. bồng sơn mới),1.84,18.03921568627451,102.0,7.5,20.0,Chưa xác định,Đang cập nhật,0,0,0,"Giá cực sốc - ra mắt đất tuyệt đẹp trung tâm thị trấn bồng sơn, tiện ích đầy đủ, công viên",https://batdongsan.com.vn/ban-dat-nen-du-an-duong-quang-trung-thi-tran-bong-son-148/gia-cuc-soc-ra-mat-quy-tuyet-dep-tam-tien-ich-day-cong-vien-pr43023488
Đất,Đất nền/Đất ở,Đất nền dự án,Thị xã An Nhơn,Không rõ,Tx. an nhơn (phường. an nhơn đông mới),2.6,20.8,125.0,7.5,20.0,Đông,Đang cập nhật,0,0,0,"Khu đô thị mới cẩm văn là dự án bất động sản mới của tỉnh bình định, tọa lạc tại tỉnh bình định",https://batdongsan.com.vn/ban-dat-nen-du-an-duong-quoc-lo-1a-phuong-nhon-hung-1-khu-do-thi-moi-cam-van/o-la-bat-ong-san-cua-tinh-binh-inh-toa-lac-tai-tinh-binh-inh-pr45637868
Nhà,Nhà mặt phố/Kinh doanh,Shophouse,Thành phố Quy Nhơn,Không rõ,Thành phố. quy nhơn (phường. quy nhơn nam mới),7.0,100.0,70.0,5.0,18.0,Nam,Đang cập nhật,3,3,3,(siêu phẩm nhà phố) phú gia royal park - 283 viên ngọc giữa lòng thành phố quy nhơn,https://batdongsan.com.vn/ban-shophouse-nha-pho-thuong-mai-duong-tay-son-phuong-quang-trung-7-phu-gia-royal-park/sieu-pham-283-vien-ngoc-giua-long-thanh-quy-nhon-pr44303233
Nhà,Biệt thự/Nhà liền kề,Nhà biệt thự/liền kề,Thành phố Quy Nhơn,Không rõ,Thành phố. quy nhơn (phường. quy nhơn bắc mới),5.3,57.2972972972973,92.5,7.0,20.0,Bắc,Đang cập nhật,3,5,4,Solera quy nhơn biểu tượng sống đẳng cấp tại trung tâm thành phố,https://batdongsan.com.vn/ban-nha-biet-thu-lien-ke-phuong-tran-quang-dieu-solera-quy-nhon/bieu-tuong-song-dang-cap-tai-trung-tam-thanh-pho-pr43767403
Nhà,Căn hộ chung cư,Căn hộ chung cư,Thành phố Quy Nhơn,Không rõ,Thành phố. quy nhơn (phường. quy nhơn mới),2.99,43.333333333333336,69.0,0.0,0.0,Chưa xác định,Đang cập nhật,12,2,2,"Bán căn hộ cao cấp simona heights quy nhơn căn 2pn. giá 2,79 tỷ cho vay 70% ngân hàng mb, bidv, ocb",https://batdongsan.com.vn/ban-can-ho-chung-cu-duong-tran-hung-dao-phuong-le-loi-5-simona-heights/ban-cao-cap-quy-nhon-sieu-re-2pn-gia-2-5-ty-ngan-hang-cho-vay-70-pr42025939
Nhà,Căn hộ chung cư,Căn hộ chung cư,Thành phố Quy Nhơn,Không rõ,Thành phố. quy nhơn (phường. quy nhơn mới),3.2,36.36363636363637,88.0,0.0,0.0,Chưa xác định,Sổ đỏ,12,2,2,Căn hộ simona heights view biển quy nhơn - sổ đỏ lâu dài - miễn phí 3 năm phí quản lý - ck đến 12%,https://batdongsan.com.vn/ban-can-ho-chung-cu-phuong-le-loi-5-simona-heights/tam-view-bien-quy-nhon-so-do-lau-dai-mien-phi-3-nam-phi-quan-ly-ck-den-12-pr44267461
Nhà,Biệt thự/Nhà liền kề,Nhà biệt thự/liền kề,Thành phố Quy Nhơn,Không rõ,Thành phố. quy nhơn (phường. quy nhơn nam mới),6.575,77.3529411764706,85.0,7.0,20.0,Nam,Đang cập nhật,3,5,4,5 suất ngoại giao dự án phú gia royal park quy nhơn (gia lai mới). liên hệ: 0903 601 ***,https://batdongsan.com.vn/ban-nha-biet-thu-lien-ke-duong-tay-son-phuong-quang-trung-7-phu-gia-royal-park/5-suat-ngoai-giao-du-an-quy-nhon-lai-moi-he-o9o3-6oi-9oi-pr44226028
Nhà,Căn hộ chung cư,Căn hộ chung cư,Thành phố Quy Nhơn,Không rõ,Thành phố. quy nhơn (phường. quy nhơn bắc mới),0.681,14.48936170212766,47.0,0.0,0.0,Bắc,Đang cập nhật,12,2,2,Đừng thuê nhà nữa - mua nhà ở xã hội iec residences quy nhơn trả góp siêu nhẹ gốc lãi 4tr/tháng,https://batdongsan.com.vn/ban-can-ho-chung-cu-duong-long-van-long-my-phuong-tran-quang-dieu-iec-residences-quy-nhon/ung-thue-nha-nua-mua-nha-o-xa-hoi-tra-gop-sieu-nhe-goc-lai-4tr-thang-pr45743368
Đất,Đất nền/Đất ở,Bán đất,Huyện Phù Cát,Không rõ,Huyện. phù cát (x. cát tiến mới),2.75,22.0,125.0,8.0,25.0,Chưa xác định,Đang cập nhật,0,0,0,"Bán đất biển ngay khu đô thị cát tiến, phù cát, quy nhơn giá 22 triệu/m² khởi điểm ra biển 300 m",https://batdongsan.com.vn/ban-dat-xa-cat-tien/ban-at-bien-ngay-khu-o-thi-phu-quy-nhon-gia-22-trieu-m-khoi-iem-ra-bien-300m-pr45778365
Đất,Đất nền/Đất ở,Đất nền dự án,Thành phố Quy Nhơn,Không rõ,Thành phố. quy nhơn (phường. quy nhơn đông mới),5.88,42.0,140.0,7.5,20.0,Đông,Đang cập nhật,0,0,0,Bán đất mặt tiền khu b3 an phú thịnh Hoàng Minh Giám,https://batdongsan.com.vn/ban-dat-nen-du-an-duong-hoang-minh-giam-phuong-nhon-binh-khu-do-thi-an-phu-thinh/ban-at-mat-tien-b3-giam-pr45661545
Nhà,Căn hộ chung cư,Căn hộ chung cư,Thành phố Quy Nhơn,Không rõ,Thành phố. quy nhơn (phường. quy nhơn mới),2.65,30.813953488372093,86.0,0.0,0.0,Chưa xác định,Đang cập nhật,12,3,2,"Lời ngay 400 triệu, căn 3pn phú tài residence 86 m² giá 2.65 tỷ",https://batdongsan.com.vn/ban-can-ho-chung-cu-duong-le-duc-tho-phuong-hai-cang-phu-tai-residence/loi-ngay-600-trieu-3pn-86m2-gia-2-6-ty-tang-noi-that-250-trieu-pr40731897
Nhà,Nhà mặt phố/Kinh doanh,Shophouse,Thành phố Quy Nhơn,Không rõ,Thành phố. quy nhơn (phường. quy nhơn bắc mới),5.2,56.21621621621622,92.5,5.0,18.0,Bắc,Đang cập nhật,3,3,3,"Bán nhà mặt phố Long Vân, hàng hiếm tại quy nhơn phù hợp mở văn phòng cty, kinh doanh, giá rẻ",https://batdongsan.com.vn/ban-shophouse-nha-pho-thuong-mai-duong-long-van-long-my-phuong-tran-quang-dieu-solera-quy-nhon/ban-mat-hang-hiem-tai-phu-hop-mo-phong-cty-kinh-doanh-gia-re-pr42969733
Đất,Đất nền/Đất ở,Đất nền dự án,Thành phố Quy Nhơn,Không rõ,Thành phố. quy nhơn (phường. quy nhơn đông mới),1.725,21.5625,80.0,7.5,20.0,Đông,Sổ đỏ,0,0,0,"Đất nền sổ đỏ - gần biển, khu du lịch - tiện ích vượt trội - giỏ hàng sang nhượng nhơn hội newcity",https://batdongsan.com.vn/ban-dat-nen-du-an-duong-so-19b-1-xa-nhon-ly-khu-do-thi-moi-nhon-hoi-new-city/gan-bien-lich-tien-ich-vuot-troi-gio-hang-sang-nhuong-newcity-pr43621009
Nhà,Căn hộ chung cư,Căn hộ chung cư,Thành phố Quy Nhơn,Không rõ,Thành phố. quy nhơn (phường. quy nhơn mới),1.4,28.16901408450704,49.7,0.0,0.0,Chưa xác định,Đang cập nhật,12,1,2,Cắt lỗ căn hộ cao cấp grand center quy nhơn loại phòng 1pn 2pn 3pn. liên hệ pkd 0906 147 ***,https://batdongsan.com.vn/ban-can-ho-chung-cu-duong-nguyen-tat-thanh-phuong-ly-thuong-kiet-1-grand-center-quy-nhon/ket-bank-ban-lo-nang-nhieu-grandcenter-gia-1-38-ty-lien-he-pr39073090
Nhà,Căn hộ chung cư,Căn hộ chung cư,Thành phố Quy Nhơn,Không rõ,Thành phố. quy nhơn (phường. quy nhơn bắc mới),0.772,13.310344827586206,58.0,0.0,0.0,Tây,Đang cập nhật,12,2,2,"Bán căn hộ 2pn, 58 m², 772 triệu tại Tây Sơn, nhơn phú, quy nhơn, bình định",https://batdongsan.com.vn/ban-can-ho-chung-cu-duong-tay-son-phuong-nhon-phu-1-155/ban-2pn-58m2-652-trieu-tai-quy-binh-dinh-pr42966767
Đất,Đất nền/Đất ở,Đất nền dự án,Thị xã An Nhơn,Không rõ,Tx. an nhơn (phường. an nhơn đông mới),2.85,22.8,125.0,7.5,20.0,Đông,Đang cập nhật,0,0,0,Đất nền khu đô thị cẩm văn - bình định hội tụ 3 yếu tố nhất cận thị nhị cận giang tam cận lộ,https://batdongsan.com.vn/ban-dat-nen-du-an-duong-quoc-lo-1a-phuong-nhon-hung-1-khu-do-thi-moi-cam-van/at-o-binh-inh-hoi-tu-3-yeu-to-nhat-can-nhi-can-giang-tam-can-lo-pr45621598
Đất,Đất nền/Đất ở,Đất nền dự án,Thị xã An Nhơn,Không rõ,Tx. an nhơn (phường. an nhơn đông mới),2.55,20.4,125.0,7.5,20.0,Đông,Đang cập nhật,0,0,0,"Chính chủ gửi bán đất khu đô thị cẩm văn, phường nhơn hưng, tx an nhơn, bình định",https://batdongsan.com.vn/ban-dat-nen-du-an-duong-quoc-lo-1a-phuong-nhon-hung-1-khu-do-thi-moi-cam-van/chinh-chu-gui-ban-at-o-p-tx-binh-inh-pr45621959
Đất,Đất nền/Đất ở,Bán đất,Huyện Tuy Phước,Không rõ,Huyện. tuy phước (x. tuy phước mới),1.99,18.425925925925927,108.0,8.0,25.0,Chưa xác định,Đang cập nhật,0,0,0,"Bán đất nền dự án tại khu dân cư - trung tín 2, 1,985 tỷ, 108 m², giá tốt, view đẹp",https://batdongsan.com.vn/ban-dat-duong-dao-tan-thi-tran-tuy-phuoc-152/ban-at-nen-du-an-tai-khu-dan-cu-trung-tin-2-1-985-ty-108m2-gia-tot-view-ep-pr45530586
Nhà,Nhà mặt phố/Kinh doanh,Nhà mặt phố,Thành phố Quy Nhơn,Không rõ,Thành phố. quy nhơn (phường. quy nhơn bắc mới),6.7,67.0,100.0,5.0,18.0,Bắc,Đang cập nhật,5,3,3,"Bán nhanh nhà 5 tầng view vòng xoay Hùng Vương, thuận tiện làm vp, trụ sở, kd, chỉ 40tr/m2",https://batdongsan.com.vn/ban-nha-mat-pho-duong-hung-vuong-2-phuong-tran-quang-dieu-155/ban-nhanh-5-tang-view-vong-xoay-thuan-tien-lam-vp-tru-so-kd-chi-40tr-m2-pr45598905
Nhà,Căn hộ chung cư,Căn hộ chung cư,Thành phố Quy Nhơn,Không rõ,Thành phố. quy nhơn (phường. quy nhơn nam mới),2.4,35.294117647058826,68.0,0.0,0.0,Nam,Đang cập nhật,12,2,2,Bán nhanh căn góc thịnh phát 2pn view biển quảng trường giá chỉ 2tỷ400 full nội thất,https://batdongsan.com.vn/ban-can-ho-chung-cu-duong-thanh-nien-1-phuong-quang-trung-7-thinh-phat-tower/ban-nhanh-goc-2pn-view-bien-truong-gia-chi-2ty400-full-noi-that-pr45742744
Nhà,Căn hộ chung cư,Căn hộ chung cư,Thành phố Quy Nhơn,Không rõ,Thành phố. quy nhơn (phường. quy nhơn mới),3.13,51.99335548172757,60.2,0.0,0.0,Chưa xác định,Đang cập nhật,12,2,2,"Căn đẹp 2pn 2 view the sailing giá 3,1 tỷ - nhận nhà tháng 9 - khai thác ngay",https://batdongsan.com.vn/ban-can-ho-chung-cu-duong-le-duan-phuong-ly-thuong-kiet-1-the-sailing-quy-nhon/ep-2pn-2-view-gia-3-1-ty-nhan-nha-thang-9-khai-thac-ngay-pr45796551
Nhà,Căn hộ chung cư,Căn hộ chung cư,Thành phố Quy Nhơn,Không rõ,Thành phố. quy nhơn (phường. quy nhơn mới),1.8,29.508196721311474,61.0,0.0,0.0,Chưa xác định,Đang cập nhật,12,2,2,"Chỉ từ 1tỷ450 quỹ căn chuyển nhượng & căn mới cđt full nội thất sẵn sổ công chứng ngay, cho vay 65%",https://batdongsan.com.vn/ban-can-ho-chung-cu-duong-tran-hung-dao-phuong-hai-cang-altara-residences/quy-chuyen-nhuong-moi-c-t-chi-tu-1ty450-full-noi-that-san-so-cong-ngay-cho-vay-65-pr45625066
Nhà,Căn hộ chung cư,Căn hộ chung cư,Thành phố Quy Nhơn,Không rõ,Thành phố. quy nhơn (phường. quy nhơn mới),2.25,36.885245901639344,61.0,0.0,0.0,Chưa xác định,Đang cập nhật,12,2,2,"Altara quy nhơn - mở bán căn mới nhất trực tiếp từ cđt, tầng cao view đẹp mà giá lại quá tốt",https://batdongsan.com.vn/ban-can-ho-chung-cu-duong-tran-hung-dao-phuong-hai-cang-altara-residences/chu-nha-gui-ban-lo-sau-2pn-quy-nhon-huong-dong-nam-gia-chi-1-9xx-ty-pr40878834
Nhà,Căn hộ chung cư,Căn hộ chung cư,Thành phố Quy Nhơn,Không rõ,Thành phố. quy nhơn (phường. quy nhơn mới),1.9,42.22222222222222,45.0,0.0,0.0,Chưa xác định,Sổ hồng,12,1,2,Cắt lỗ căn hộ altara residenes - 1pn giá 1tỷ6xx (sổ hồng lâu dài - hổ trợ vay),https://batdongsan.com.vn/ban-can-ho-chung-cu-duong-tran-hung-dao-phuong-hai-cang-altara-residences/cat-lo-residenes-1-phong-ngu-gia-1-ty-350-so-hong-lau-dai-so-san-pr44106436
Đất,Đất nền/Đất ở,Đất nền dự án,Thành phố Quy Nhơn,Không rõ,Thành phố. quy nhơn (phường. quy nhơn đông mới),3.73,16.238572050500654,229.7,7.5,20.0,Đông,Đang cập nhật,0,0,0,"Chính chủ bán lô đất biệt thự, đã có móng, có mặt tiền quảng trường trung tâm, gần bãi biển đẹp",https://batdongsan.com.vn/ban-dat-nen-du-an-duong-quoc-lo-19b-xa-nhon-ly-flc-quy-nhon/chinh-chu-ban-at-biet-thu-a-co-mong-co-mat-tien-quang-truong-trung-tam-gan-bai-bien-ep-pr45205248
Nhà,Căn hộ chung cư,Căn hộ chung cư,Thành phố Quy Nhơn,Không rõ,Thành phố. quy nhơn (phường. quy nhơn đông mới),1.2,20.0,60.0,0.0,0.0,Đông,Đang cập nhật,12,2,2,"Ecolife giảm giá bán nhanh - nhà mới 100% chưa sử dụng, đã có sổ",https://batdongsan.com.vn/ban-can-ho-chung-cu-duong-dien-bien-phu-phuong-nhon-binh-ecolife-riverside/giam-hon-300-trieu-ban-1pn-2pn-3pn-gia-ngop-da-co-so-pr41531494
Đất,Đất nền/Đất ở,Bán đất,Huyện Phù Cát,Ngô Mây,Huyện. phù cát (x. Ngô Mây mới),1.725,6.318681318681318,273.0,8.0,25.0,Chưa xác định,Đang cập nhật,0,0,0,"Bán đất lô góc d1 và n4 xã cát hưng, 273 m² làm nghĩ dưỡng nhà vườn đẹp",https://batdongsan.com.vn/ban-dat-duong-quoc-lo-19b-xa-cat-hung-149/ban-at-goc-d1-va-n4-273m2-lam-nghi-nha-vuon-ep-pr45691723
Nhà,Căn hộ chung cư,Căn hộ chung cư,Thành phố Quy Nhơn,Không rõ,Thành phố. quy nhơn (phường. quy nhơn mới),2.65,37.32394366197183,71.0,0.0,0.0,Chưa xác định,Đang cập nhật,12,2,2,"Duy nhất căn góc rẻ nhất thị trường altara giá 2,65 tỷ (giá lỗ 200tr) giá chốt không thương lượng",https://batdongsan.com.vn/ban-can-ho-chung-cu-duong-tran-hung-dao-phuong-hai-cang-altara-residences/quy-nhon-view-bien-goc-70m2-gia-thap-nhat-chi-2-1-ty-pr38002385
Nhà,Nhà mặt phố/Kinh doanh,Nhà mặt phố,Thành phố Quy Nhơn,Không rõ,Thành phố. quy nhơn (phường. quy nhơn mới),3.6,58.064516129032256,62.0,5.0,18.0,Đông,Đang cập nhật,3,3,3,"(hiếm có) bán nhà mặt tiền bùi đức sơn, hướng đông nam, hà thanh 1 phường quy nhơn 62 m² giá 3 tỷ x",https://batdongsan.com.vn/ban-nha-mat-pho-duong-bui-duc-son-phuong-dong-da-155/ban-3-me-siu-ep-tien-ha-thanh-ong-a-quy-nhon-54-3m-gan-cau-huynh-tan-phat-pr45167193
Đất,Đất nền/Đất ở,Bán đất,Huyện Vân Canh,Không rõ,Huyện. vân canh (x. canh vinh mới),1.8,12.0,150.0,5.0,40.0,Nam,Đang cập nhật,0,0,0,Bán lô liền kề đường n5 sát chợ kdc hiệp vinh 1b,https://batdongsan.com.vn/ban-dat-xa-canh-vinh/ban-lo-lien-ke-uong-n5-sat-cho-kdc-hiep-1b-pr45775156
Nhà,Căn hộ chung cư,Căn hộ chung cư,Thành phố Quy Nhơn,Không rõ,Thành phố. quy nhơn (phường. quy nhơn mới),2.4,36.92307692307692,65.0,0.0,0.0,Chưa xác định,Đang cập nhật,12,3,2,"Còn 4 suất siêu rẻ 2-3pn chỉ 2,4-3,1 tỷ simona heights đầu tư sinh lời tốt nhất 2026 lh 0332 428 ***",https://batdongsan.com.vn/ban-can-ho-chung-cu-phuong-le-loi-5-simona-heights/ban-nhanh-1pn-sieu-hiem-re-nhat-du-an-tang-full-noi-that-cao-cap-5-sao-pr45319193
Nhà,Căn hộ chung cư,Căn hộ chung cư,Thành phố Quy Nhơn,Không rõ,Thành phố. quy nhơn (phường. quy nhơn mới),3.0,43.49086691794723,68.98,0.0,0.0,Chưa xác định,Đang cập nhật,12,2,2,Độc quyền quỹ căn đầu tư simona heights quy nhơn - tiềm năng tăng giá 30% sau bàn giao.,https://batdongsan.com.vn/ban-can-ho-chung-cu-duong-tran-hung-dao-phuong-le-loi-5-simona-heights/oc-quyen-quy-au-tu-quy-nhon-tiem-nang-tang-gia-30-sau-ban-giao-pr45584826
Đất,Đất nền/Đất ở,Đất nền dự án,Thành phố Quy Nhơn,Không rõ,Thành phố. quy nhơn (phường. quy nhơn đông mới),3.09,30.0,103.0,7.5,20.0,Đông,Đang cập nhật,0,0,0,Cần bán gấp nền đất nhà phố xây sẵn khu đô thị an phú thịnh. liên hệ: 0906 147 ***,https://batdongsan.com.vn/ban-dat-nen-du-an-duong-huynh-tan-phat-phuong-nhon-binh-khu-do-thi-an-phu-thinh/khach-ket-ngan-hang-can-ban-gap-lien-he-pr39075455
Đất,Đất nền/Đất ở,Đất nền dự án,Thành phố Quy Nhơn,Không rõ,Thành phố. quy nhơn (phường. quy nhơn đông mới),1.38,17.25,80.0,7.5,20.0,Đông,Đang cập nhật,0,0,0,"Chủ cần tiền gấp, bán nhanh đất biển nhơn hội. đã có sổ. giá chỉ 1ty3x. cách biển vài bước chân",https://batdongsan.com.vn/ban-dat-nen-du-an-duong-so-19b-1-xa-nhon-ly-khu-do-thi-moi-nhon-hoi-new-city/chu-can-tie-gap-ban-nhanh-at-bien-cach-bien-vai-buoc-chan-a-co-gia-chi-1ty3x-pr45696877
Nhà,Căn hộ chung cư,Căn hộ chung cư,Thành phố Quy Nhơn,Không rõ,Thành phố. quy nhơn (phường. quy nhơn đông mới),1.33,20.78125,64.0,0.0,0.0,Đông,Đang cập nhật,12,2,2,Bán căn hộ ecolife quy nhơn giá siêu rẻ - giảm gần 200 triệu - ngân hàng hỗ trợ vay 70%,https://batdongsan.com.vn/ban-can-ho-chung-cu-duong-dien-bien-phu-phuong-nhon-binh-ecolife-riverside/ban-quy-gia-sieu-re-pr41209783
Đất,Đất nền/Đất ở,Đất nền dự án,Thành phố Quy Nhơn,Không rõ,Thành phố. quy nhơn (phường. quy nhơn đông mới),1.55,19.375,80.0,7.5,20.0,Đông,Đang cập nhật,0,0,0,"Bán lô liền kề pk4 gần biển, gần toà chung cư takashi, ngay trục chính xuống biển lh 0935 739 ***",https://batdongsan.com.vn/ban-dat-nen-du-an-duong-so-19b-1-xa-nhon-ly-khu-do-thi-moi-nhon-hoi-new-city/ban-lo-goc-phan-2-doi-dien-cong-vien-gan-bien-lh-mr-quang-dung-pr44383810
Nhà,Căn hộ chung cư,Căn hộ chung cư,Thành phố Quy Nhơn,Không rõ,Thành phố. quy nhơn (phường. quy nhơn mới),1.8,40.0,45.0,0.0,0.0,Chưa xác định,Đang cập nhật,12,2,2,Bán nhanh suất nội bộ giá ưu đãi dự án simona height quy nhơn. liên hệ ngay 0903 601 ***,https://batdongsan.com.vn/ban-can-ho-chung-cu-duong-tran-hung-dao-phuong-le-loi-5-simona-heights/ban-nhanh-10-suat-noi-bo-gia-uu-dai-du-an-height-quy-nhon-lien-he-ngay-pr41995196
Đất,Đất nền/Đất ở,Bán đất,Thành phố Quy Nhơn,Không rõ,Thành phố. quy nhơn (phường. quy nhơn đông mới),2.05,31.53846153846154,65.0,8.0,25.0,Đông,Đang cập nhật,0,0,0,"Chính chủ cần bán nhiều lô đất biển hòn khô, nhơn hải, quy nhơn. giá rẻ nhất 2 tỷ 050trđ lô 65 m²",https://batdongsan.com.vn/ban-dat-xa-nhon-hai-1/chinh-chu-can-ban-2-lo-lien-ke-moi-dau-gia-gia-1-4-ty-lo-65m2-pr39409872
Nhà,Căn hộ chung cư,Căn hộ chung cư,Thành phố Quy Nhơn,Không rõ,Thành phố. quy nhơn (phường. quy nhơn mới),2.4,51.06382978723404,47.0,0.0,0.0,Chưa xác định,Sổ hồng,12,1,2,"Chỉ 2,3 tỷ căn 1pn the sailing quy nhơn - sổ hồng lâu dài - lh 0975 726 ***",https://batdongsan.com.vn/ban-can-ho-chung-cu-duong-le-duan-phuong-ly-thuong-kiet-1-the-sailing-quy-nhon/chi-2-3-ty-1pn-so-hong-lau-dai-lh-pr45796344
Nhà,Căn hộ chung cư,Căn hộ chung cư,Thành phố Quy Nhơn,Không rõ,Thành phố. quy nhơn (phường. quy nhơn mới),2.6,43.333333333333336,60.0,0.0,0.0,Chưa xác định,Sổ hồng,12,2,2,The sailing - sở hữu sổ hồng lâu dài - bàn giao 2026 - căn hộ có vị trí đẹp nhất quy nhơn,https://batdongsan.com.vn/ban-can-ho-chung-cu-duong-le-duan-phuong-ly-thuong-kiet-1-the-sailing-quy-nhon/so-huu-so-hong-lau-dai-ban-giao-2026-co-vi-tri-ep-nhat-nhon-pr45310681
Đất,Đất nền/Đất ở,Bán đất,Thành phố Quy Nhơn,Không rõ,Thành phố. quy nhơn (phường. quy nhơn đông mới),1.65,27.5,60.0,8.0,25.0,Đông,Đang cập nhật,0,0,0,"Bán đất khu tđc ven biển nhơn hải, quy nhơn. diện tích 60 m². giá bán chỉ 1 tỉ 650 triệu. 0906 496 ***",https://batdongsan.com.vn/ban-dat-xa-nhon-hai-1/ban-view-bien-quy-dien-tich-65m2-gia-ban-chi-1-ti-270-trieu-sdt-pr40012908
Nhà,Căn hộ chung cư,Căn hộ chung cư,Thành phố Quy Nhơn,Không rõ,Thành phố. quy nhơn (phường. quy nhơn bắc mới),0.771,13.526315789473685,57.0,0.0,0.0,Bắc,Đang cập nhật,12,2,2,Đừng thuê nhà - cơ hội mua nhà ở xã hội giá rẻ tại gia lai. hỗ trợ vay nhcs,https://batdongsan.com.vn/ban-can-ho-chung-cu-phuong-tran-quang-dieu-iec-residences-quy-nhon/ung-thue-nha-co-hoi-mua-nha-o-xa-hoi-gia-re-tai-gia-lai-tro-vay-nhcs-pr45807706
Nhà,Biệt thự/Nhà liền kề,Nhà biệt thự/liền kề,Thành phố Quy Nhơn,Không rõ,Thành phố. quy nhơn (phường. quy nhơn mới),11.5,50.21834061135371,229.0,7.0,20.0,Chưa xác định,Đang cập nhật,3,5,4,"Bán lô biệt thự khu đô thị b3 an phú thịnh quy nhơn, mặt tiền đường đỗ nhuận gần yong san, diện tích 229 m²",https://batdongsan.com.vn/ban-nha-biet-thu-lien-ke-phuong-dong-da/ban-lo-khu-o-thi-b3-an-phu-thinh-quy-nhon-mat-tien-uong-o-nhuan-gan-yong-san-dt-229m2-pr45692764
Nhà,Biệt thự/Nhà liền kề,Nhà biệt thự/liền kề,Thành phố Quy Nhơn,Không rõ,Thành phố. quy nhơn (phường. quy nhơn nam mới),5.5,78.57142857142857,70.0,7.0,20.0,Nam,Đang cập nhật,3,5,4,[siêu phẩm nhà phố] phú gia royal park - 283 viên ngọc giữa lòng thành phố quy nhơn,https://batdongsan.com.vn/ban-nha-biet-thu-lien-ke-duong-tay-son-phuong-quang-trung-7-phu-gia-royal-park/sieu-pham-pho-283-vien-ngoc-giua-long-thanh-pho-quy-nhon-pr44294654
Nhà,Căn hộ chung cư,Căn hộ chung cư,Thành phố Quy Nhơn,Không rõ,Thành phố. quy nhơn (phường. quy nhơn đông mới),1.24,20.666666666666668,60.0,0.0,0.0,Đông,Đang cập nhật,12,2,2,Căn hộ view sông - chung cư 2pn ecolife - quy nhơn. có sổ sẵn,https://batdongsan.com.vn/ban-can-ho-chung-cu-duong-dien-bien-phu-phuong-nhon-binh-ecolife-riverside/ban-cat-lo-2pn-quy-co-so-san-pr36684158
Nhà,Nhà mặt phố/Kinh doanh,Nhà mặt phố,Thành phố Quy Nhơn,Không rõ,Thành phố. quy nhơn (phường. quy nhơn nam mới),3.6,72.0,50.0,5.0,18.0,Nam,Đang cập nhật,3,3,3,"(hím)bán nhà mặt tiền cách biển quy nhơn 700 m, 50 m² giá êm chỉ 3ty xxz, gần khu du lịch Ghềnh Ráng",https://batdongsan.com.vn/ban-nha-mat-pho-phuong-ghenh-rang/him-ban-tien-cach-bien-quy-nhon-700m-gia-em-chi-nhinh-3ty-xxz-gan-khu-du-lich-rang-pr44440445
Đất,Đất nền/Đất ở,Bán đất,Thành phố Quy Nhơn,Không rõ,Thành phố. quy nhơn (x. nhơn châu mới),3.8,16.379310344827587,232.0,15.0,15.6,Chưa xác định,Sổ hồng,0,0,0,"4 đất đảo cù lao xanh - nhơn châu. 15x15,6 m sổ hồng 100% thổ cư 3,8 tỷ · 232 m² · 16,38 tr/m² thành phố. quy nhơn (x. nhơn châu mới) đăng 2 tuần trước",https://batdongsan.com.vn/ban-dat-xa-nhon-chau/at-ao-cu-lao-xanh-15x15-6m-so-hong-100-tho-cu-pr45534191
Nhà,Căn hộ chung cư,Căn hộ chung cư,Thành phố Quy Nhơn,Không rõ,Thành phố. quy nhơn (phường. quy nhơn mới),2.65,27.604166666666668,96.0,0.0,0.0,Chưa xác định,Đang cập nhật,12,3,2,"Bán căn hộ 3pn giá rẻ nhất phú tài residence view biển - hồ sinh thái giá chỉ 2,650 tỷ",https://batdongsan.com.vn/ban-can-ho-chung-cu-duong-le-duc-tho-phuong-hai-cang-phu-tai-residence/ban-3pn-gia-re-nhat-view-bien-sinh-thai-gia-chi-2-650-ty-pr45744621
Nhà,Nhà riêng/Trong hẻm,Nhà riêng,Thành phố Quy Nhơn,Không rõ,Thành phố. quy nhơn (phường. quy nhơn nam mới),3.2,80.0,40.0,4.5,13.0,Nam,Đang cập nhật,3,2,3,"Bán nhà 3 tầng vị trí đẹp, tiện ích đầy đủ - đường Lý Thái Tổ - phường nguyễn văn cừ (quy nhơn nam)",https://batdongsan.com.vn/ban-nha-rieng-duong-ly-thai-to-phuong-nguyen-van-cu-155/ban-3-tang-vi-tri-ep-tien-ich-ay-u-uong-to-pr45729509
Đất,Đất nền/Đất ở,Đất nền dự án,Thị xã An Nhơn,Không rõ,Tx. an nhơn (phường. bình định mới),1.29,13.945945945945946,92.5,7.5,20.0,Chưa xác định,Đang cập nhật,0,0,0,Lô đất nền suất nội bộ dự án hưng định city giá ưu đãi,https://batdongsan.com.vn/ban-dat-nen-du-an-duong-ngo-gia-tu-phuong-binh-dinh-hung-dinh-city/6-lo-at-xuat-noi-bo-inh-uu-ai-pr45795803
Nhà,Căn hộ chung cư,Căn hộ chung cư,Thành phố Quy Nhơn,Không rõ,Thành phố. quy nhơn (phường. quy nhơn mới),3.9,59.09090909090909,66.0,0.0,0.0,Chưa xác định,Đang cập nhật,12,2,2,Căn 2pn view biển đẹp nhất toà the sailing đang được mở bán - bàn giao 15/09/2026,https://batdongsan.com.vn/ban-can-ho-chung-cu-duong-le-duan-phuong-ly-thuong-kiet-1-the-sailing-quy-nhon/sang-nhuong-lai-2pn-2wc-toa-b-view-bien-gia-re-hon-cdt-1-ty-pr41932481
Nhà,Căn hộ chung cư,Căn hộ chung cư,Thành phố Quy Nhơn,Không rõ,Thành phố. quy nhơn (phường. quy nhơn mới),1.9,27.941176470588236,68.0,0.0,0.0,Chưa xác định,Đang cập nhật,12,2,2,Suất đối ngoại - 2pn - cam kết rẻ nhất thị trường và bên em thuê lại vận hành,https://batdongsan.com.vn/ban-can-ho-chung-cu-phuong-le-loi-5-simona-heights/2-suat-oi-ngoai-2pn-gia-au-tu-cam-ket-re-nhat-thi-truong-va-ben-em-co-nhu-cau-thue-lai-pr45713845
Nhà,Căn hộ chung cư,Căn hộ chung cư,Thành phố Quy Nhơn,Không rõ,Thành phố. quy nhơn (phường. quy nhơn mới),1.9,29.23076923076923,65.0,0.0,0.0,Đông,Đang cập nhật,12,2,2,"Chính chủ cần tiền bán nhanh căn hộ biển tầng cao hướng đông nam, view biển cực đẹp, sở hữu lâu dài",https://batdongsan.com.vn/ban-can-ho-chung-cu-phuong-le-loi-5-simona-heights/chinh-chu-tien-ban-nhanh-bien-tang-cao-huong-ong-nam-view-bien-cuc-ep-so-huu-lau-dai-pr45783633
Đất,Đất nền/Đất ở,Bán đất,Thị xã Hoài Nhơn,Không rõ,Tx. hoài nhơn (phường. tam quan mới),2.9,27.804410354745926,104.3,8.0,25.0,Chưa xác định,Đang cập nhật,0,0,0,"Bán lô đất chính chủ tại khu phố 7, phường tam quan",https://batdongsan.com.vn/ban-dat-duong-tran-phu-thi-tran-tam-quan-148/ban-lo-at-chinh-chu-tai-khu-pho-7-phuong-quan-pr45798175
Nhà,Căn hộ chung cư,Căn hộ chung cư,Thành phố Quy Nhơn,Không rõ,Thành phố. quy nhơn (phường. quy nhơn nam mới),1.29,28.043478260869566,46.0,0.0,0.0,Nam,Đang cập nhật,12,2,2,"Bán lỗ căn hộ flc sea tower quy nhơn, giá lỗ (1 tỷ 290 triệu) - nhận tìm căn hộ flc theo yêu cầu",https://batdongsan.com.vn/ban-can-ho-chung-cu-duong-an-duong-vuong-phuong-nguyen-van-cu-flc-seatower/ban-lo-sea-tower-1-pn-1-2-ty-2-pn-2-3-ty-3-pn-3-2-ty-view-bien-pr38997276
Nhà,Căn hộ chung cư,Căn hộ chung cư,Thành phố Quy Nhơn,Không rõ,Thành phố. quy nhơn (phường. quy nhơn nam mới),1.5,33.333333333333336,45.0,0.0,0.0,Nam,Đang cập nhật,12,2,2,"Bán căn hộ nhiều tiện ích tại Hoàng Văn Thụ, Quang Trung, quy nhơn, 1,5 tỷ, 45 m². lh: 0903 601 ***",https://batdongsan.com.vn/ban-can-ho-chung-cu-duong-hoang-van-thu-phuong-quang-trung-7-phu-tai-2-central-life/ban-nhieu-tien-ich-quy-nhon-1-5-ty-45m2-lh-pr42082099
Nhà,Căn hộ chung cư,Căn hộ chung cư,Thành phố Quy Nhơn,Không rõ,Thành phố. quy nhơn (phường. quy nhơn mới),2.3,34.32835820895522,67.0,0.0,0.0,Tây,Đang cập nhật,12,2,2,"Bán căn hộ chung cư the sailing quy nhơn căn hộ 02 phòng ngủ, 2wc. diện tích 67 m². giá 2,3 tỉ",https://batdongsan.com.vn/ban-can-ho-chung-cu-duong-le-duan-phuong-ly-thuong-kiet-1-the-sailing-quy-nhon/ban-cc-view-truc-dien-bien-huong-ong-nam-02-phong-ngu-gia-2-58-ti-pr45183009
Nhà,Căn hộ chung cư,Căn hộ chung cư,Thành phố Quy Nhơn,Không rõ,Thành phố. quy nhơn (phường. quy nhơn bắc mới),0.884,15.241379310344827,58.0,0.0,0.0,Bắc,Đang cập nhật,12,1,2,Siêu chiết khấu 5% noxh solrise nhơn phú 2 đang gây sốt!,https://batdongsan.com.vn/ban-can-ho-chung-cu-duong-tay-son-phuong-nhon-phu-1-solrise-nhon-phu/nha-o-xa-hoi-2-co-ngay-nha-rieng-tai-quy-khong-con-canh-thue-tro-pr45586378
Nhà,Căn hộ chung cư,Căn hộ chung cư,Thành phố Quy Nhơn,Không rõ,Thành phố. quy nhơn (phường. quy nhơn mới),1.63,35.266118563392475,46.22,0.0,0.0,Chưa xác định,Đang cập nhật,12,1,2,"Chỉ từ 1,63 tỷ|đa dạng căn hộ 1pn-2pn-3pn|full nội thất|sẵn sổ công chứng ngay|phútài residence",https://batdongsan.com.vn/ban-can-ho-chung-cu-duong-le-duc-tho-phuong-hai-cang-phu-tai-residence/ban-1pn-tai-1-63-ty-46-22-m2-chinh-chu-uy-tin-pr45671056
Nhà,Căn hộ chung cư,Căn hộ chung cư,Thành phố Quy Nhơn,Không rõ,Thành phố. quy nhơn (phường. quy nhơn đông mới),1.23,20.5,60.0,0.0,0.0,Đông,Đang cập nhật,12,1,2,Bán căn hộ ecolife nhà mới - căn 1pn-2pn-3pn giá tốt,https://batdongsan.com.vn/ban-can-ho-chung-cu-duong-dien-bien-phu-phuong-nhon-binh-ecolife-riverside/ban-1pn-2pn-3pn-gia-ban-lo-pr38587060
Nhà,Nhà mặt phố/Kinh doanh,Nhà mặt phố,Thành phố Quy Nhơn,Không rõ,Thành phố. quy nhơn (phường. quy nhơn mới),23.0,148.38709677419354,155.0,5.0,18.0,Chưa xác định,Đang cập nhật,3,3,3,"Bán nhà mặt phố 2 mặt tiền đường Lê Hồng Phong, quy nhơn, bình định, 23 tỷ, 155 m². lh: 0903 601 ***",https://batdongsan.com.vn/ban-nha-mat-pho-duong-le-hong-phong-phuong-le-hong-phong-155/ban-2-tien-quy-nhon-binh-dinh-23-ty-150m2-lh-pr44420298
Nhà,Căn hộ chung cư,Căn hộ chung cư,Thành phố Quy Nhơn,Không rõ,Thành phố. quy nhơn (phường. quy nhơn mới),1.9,38.0,50.0,0.0,0.0,Chưa xác định,Đang cập nhật,12,1,2,Căn 1pn giá tốt nhất the sailing đang mở bán - tầng cao - view đẹp - giá tốt,https://batdongsan.com.vn/ban-can-ho-chung-cu-duong-le-duan-phuong-ly-thuong-kiet-1-the-sailing-quy-nhon/1pn-gia-tot-nhat-dang-mo-ban-tang-cao-view-dep-pr44155762
Nhà,Căn hộ chung cư,Căn hộ chung cư,Thành phố Quy Nhơn,Không rõ,Thành phố. quy nhơn (phường. quy nhơn mới),1.85,30.327868852459016,61.0,0.0,0.0,Chưa xác định,Đang cập nhật,12,2,2,"Cắt lỗ đậm sâu - còn một căn 2pn full nội thất đẹp, giá tốt nhất thị trường chỉ 1 tỷ 850 tr",https://batdongsan.com.vn/ban-can-ho-chung-cu-duong-tran-hung-dao-phuong-hai-cang-altara-residences/cat-lo-am-sau-con-mot-2pn-full-noi-that-ep-gia-tot-nhat-thi-truong-chi-1-ty-850-pr45150853
Đất,Đất nền/Đất ở,Đất nền dự án,Thị xã Hoài Nhơn,Không rõ,Tx. hoài nhơn (phường. hoài nhơn nam mới),1.725,17.25,100.0,7.5,20.0,Nam,Đang cập nhật,0,0,0,"Mở bán dự án phúc gia tân ngay trung tâm thị trấn bồng sơn. giá gốc từ cđt, sồng hồng từ lô",https://batdongsan.com.vn/ban-dat-nen-du-an-xa-hoai-tan-phuc-gia-tan/mo-ban-ngay-trung-tam-thi-tran-bong-son-goc-tu-cdt-thuan-tien-o-va-dau-tu-pr43178569
Nhà,Nhà mặt phố/Kinh doanh,Nhà mặt phố,Thành phố Quy Nhơn,Không rõ,Thành phố. quy nhơn (phường. quy nhơn mới),4.65,50.0,93.0,5.0,18.0,Chưa xác định,Đang cập nhật,3,3,3,"Bán nhà 2 mê xây ở kiên cố mặt tiền hà thanh phường quy nhơn, 93m² ngang 4,7 m, giá chỉ 4 tỷ xyz",https://batdongsan.com.vn/ban-nha-mat-pho-phuong-dong-da/ban-2-me-xay-o-kien-co-tien-ha-thanh-quy-nhon-93m-ngang4-7m-gia-chi-4ty-xyz-pr44060724
Đất,Đất nền/Đất ở,Đất nền dự án,Thành phố Quy Nhơn,Không rõ,Thành phố. quy nhơn (phường. quy nhơn đông mới),2.7,27.0,100.0,7.5,20.0,Đông,Đang cập nhật,0,0,0,Chủ gửi bán nền đất b1 an phú thịnh giá mềm nhất thị trường 27tr/m2,https://batdongsan.com.vn/ban-dat-nen-du-an-duong-huynh-tan-phat-phuong-nhon-binh-khu-do-thi-an-phu-thinh/chu-gui-ban-b1-gia-mem-nhat-truong-pr44622890
Đất,Đất nền/Đất ở,Bán đất,Huyện Phù Cát,Ngô Mây,Huyện. phù cát (x. Ngô Mây mới),1.725,12.545454545454545,137.5,8.0,25.0,Chưa xác định,Đang cập nhật,0,0,0,"Lô góc d2 và n4 xã cát hưng, giá thỏa thuận, 137.5 m²",https://batdongsan.com.vn/ban-dat-duong-quoc-lo-19b-xa-cat-hung-149/goc-d2-va-n4-gia-thoa-thuan-137-5m2-pr45691946
Nhà,Nhà mặt phố/Kinh doanh,Shophouse,Thành phố Quy Nhơn,Không rõ,Thành phố. quy nhơn (phường. quy nhơn nam mới),7.29,85.76470588235294,85.0,5.0,18.0,Nam,Sổ đỏ,3,3,3,2 mặt tiền phú gia royal park quy nhơn tháng 8 nhận nhà sổ đỏ lâu dài ck 10% tặng tiền mặt đến 1tỷ,https://batdongsan.com.vn/ban-shophouse-nha-pho-thuong-mai-duong-tay-son-phuong-quang-trung-7-phu-gia-royal-park/2-mat-tien-quy-nhon-thang-8-nhan-so-o-lau-dai-ck-10-tang-tien-mat-en-1-ty-pr45793336
Đất,Đất nền/Đất ở,Bán đất,Thành phố Quy Nhơn,Không rõ,Thành phố. quy nhơn (phường. quy nhơn nam mới),4.3,47.77777777777778,90.0,8.0,25.0,Nam,Đang cập nhật,0,0,0,Bán lô đất đẹp gara quyền đường Trạng Quỳnh - bên cạnh dự án đô thị phú gia royal park,https://batdongsan.com.vn/ban-dat-duong-trang-quynh-phuong-quang-trung-7-155/ban-lo-dep-gara-quyen-ben-canh-du-an-do-thi-phu-gia-royal-park-pr44231238
Đất,Đất nền/Đất ở,Bán đất,Thành phố Quy Nhơn,Không rõ,Thành phố. quy nhơn (phường. quy nhơn mới),1.75,21.875,80.0,8.0,25.0,Chưa xác định,Đang cập nhật,0,0,0,"Chính chủ cần bán lô 80 m², thuộc khu du lịch sinh thái nhơn hội, quy nhơn",https://batdongsan.com.vn/ban-dat-xa-nhon-hoi-1/chinh-chu-can-ban-lo-80m2-thuoc-khu-du-lich-sinh-thai-quy-nhon-pr45182460
Nhà,Căn hộ chung cư,Căn hộ chung cư,Thành phố Quy Nhơn,Không rõ,Thành phố. quy nhơn (phường. quy nhơn mới),1.55,34.368070953436806,45.1,0.0,0.0,Chưa xác định,Đang cập nhật,12,2,2,"Sót lại căn hộ altara view biển tầng cao giá chỉ 1,550 tỷ",https://batdongsan.com.vn/ban-can-ho-chung-cu-duong-tran-hung-dao-phuong-hai-cang-altara-residences/sot-lai-view-bien-tang-cao-gia-chi-1ty550-pr44810110
Nhà,Căn hộ chung cư,Căn hộ chung cư,Thành phố Quy Nhơn,Không rõ,Thành phố. quy nhơn (phường. quy nhơn mới),3.9,52.0,75.0,0.0,0.0,Chưa xác định,Đang cập nhật,12,2,2,"2pn, 2wc - 75 m² - tầng 2x - a15 (toà a view trực diện quảng trường ) căn hộ the sailing quy nhơn",https://batdongsan.com.vn/ban-can-ho-chung-cu-duong-le-duan-phuong-ly-thuong-kiet-1-the-sailing-quy-nhon/2pn-2wc-75m2-tang-2x-a15-toa-a-view-truc-dien-quang-truong-nhon-pr45753785
Nhà,Nhà riêng/Trong hẻm,Nhà riêng,Thành phố Quy Nhơn,Không rõ,Thành phố. quy nhơn (phường. quy nhơn nam mới),3.65,82.95454545454545,44.0,4.5,13.0,Nam,Đang cập nhật,3,2,3,"Bán nhà 3,5 mê xây ở kiên cố gần flc tower biển quy nhơn, giá chỉ 3 tê xxz, phường nguyễn văn cừ",https://batdongsan.com.vn/ban-nha-rieng-phuong-nguyen-van-cu/ban-3-5-me-xay-o-kien-co-gan-flc-tower-bien-quy-nhon-gia-chi-3-te-xxz-cu-pr45692725
Đất,Đất nền/Đất ở,Bán đất,Thành phố Quy Nhơn,Không rõ,Thành phố. quy nhơn (phường. quy nhơn đông mới),2.1,19.90521327014218,105.5,8.0,25.0,Đông,Đang cập nhật,0,0,0,"Hạ giá bán đất biển nhơn lý - quy nhơn, cách biển 50 m, giá chỉ 20trđ/m2. liên hệ 0935 739 ***",https://batdongsan.com.vn/ban-dat-xa-nhon-ly/ban-dau-gia-cach-bien-50m-gia-chi-22trd-m2-lien-he-pr40347351
Đất,Đất nền/Đất ở,Bán đất,Thị xã Hoài Nhơn,Không rõ,Tx. hoài nhơn (phường. bồng sơn mới),1.2,18.46153846153846,65.0,8.0,25.0,Chưa xác định,Đang cập nhật,0,0,0,"Bán đất đường nhựa 7m5 hạ tầng đẹp ngay tại bồng sơn, khu kinh doanh sầm uất",https://batdongsan.com.vn/ban-dat-duong-quang-trung-thi-tran-bong-son-148/ban-nhua-7m5-ha-tang-dep-ngay-khu-kinh-doanh-sam-uat-pr43580950
Nhà,Căn hộ chung cư,Căn hộ chung cư,Thành phố Quy Nhơn,Không rõ,Thành phố. quy nhơn (phường. quy nhơn mới),2.5,53.191489361702125,47.0,0.0,0.0,Chưa xác định,Đang cập nhật,36,2,2,Hot hot hot hé lộ quỹ căn đầu tư siêu hời tại the sailing quy nhơn,https://batdongsan.com.vn/ban-can-ho-chung-cu-duong-le-duan-phuong-ly-thuong-kiet-1-the-sailing-quy-nhon/hot-hot-hot-he-lo-au-tu-sieu-hoi-tai-nhon-pr45747171
Đất,Đất nền/Đất ở,Bán đất,Huyện Tuy Phước,Không rõ,Huyện. tuy phước (x. tuy phước mới),1.45,14.811031664964249,97.9,8.0,25.0,Chưa xác định,Đang cập nhật,0,0,0,"Cần bán lô đất 97,9 m2 tại thôn vân hội 2, thị trấn diêu trì, tuy phước, bình định",https://batdongsan.com.vn/ban-dat-thi-tran-dieu-tri-1/can-ban-lo-97-9-m2-tai-thon-van-hoi-2-tuy-phuoc-binh-dinh-pr44540159
Nhà,Căn hộ chung cư,Căn hộ chung cư,Thành phố Quy Nhơn,Không rõ,Thành phố. quy nhơn (phường. quy nhơn bắc mới),0.635,13.51063829787234,47.0,0.0,0.0,Bắc,Đang cập nhật,12,2,2,Trả trước từ 128 triệu sở hữu ngay căn hộ 2pn - 47 m² | ngân hàng chính sách hỗ trợ vay 5.4%/ năm,https://batdongsan.com.vn/ban-can-ho-chung-cu-phuong-tran-quang-dieu-iec-residences-quy-nhon/chi-650-trieu-2-phong-ngu-dien-tich-47m2-1wc-residence-nhon-pr44020841
Đất,Đất nền/Đất ở,Đất nền dự án,Thành phố Quy Nhơn,Không rõ,Thành phố. quy nhơn (phường. quy nhơn đông mới),1.65,12.5,132.0,7.5,20.0,Đông,Đang cập nhật,0,0,0,"Bán đất biệt thự mini nhơn hội giá chỉ 12,5tr/m2. diện tích 132 m², mặt tiền rộng 8 m. lh 0935 739 ***",https://batdongsan.com.vn/ban-dat-nen-du-an-duong-so-19b-1-xa-nhon-ly-khu-do-thi-moi-nhon-hoi-new-city/ban-phan-5-phan-8-gia-chi-10trd-m2-lien-he-pr40252007
Nhà,Căn hộ chung cư,Căn hộ chung cư,Thành phố Quy Nhơn,Không rõ,Thành phố. quy nhơn (phường. quy nhơn mới),1.95,29.545454545454547,66.0,0.0,0.0,Chưa xác định,Đang cập nhật,12,2,2,"Bán căn hộ cao cấp phú tài residence giá rẻ nhất, loại căn hộ 2 phòng ngủ: giá chỉ 1 tỉ 950 triệu",https://batdongsan.com.vn/ban-can-ho-chung-cu-duong-le-duc-tho-phuong-hai-cang-phu-tai-residence/ban-cac-cao-cap-gia-re-nhat-loai-1pn-2pn-3pn-sdt-lien-he-pr44956821
Nhà,Căn hộ chung cư,Căn hộ chung cư,Thành phố Quy Nhơn,Không rõ,Thành phố. quy nhơn (phường. quy nhơn mới),1.8,27.692307692307693,65.0,0.0,0.0,Chưa xác định,Đang cập nhật,12,2,2,"Căn hộ 2pn altara quy nhơn - giá chỉ từ 1,8 tỷ",https://batdongsan.com.vn/ban-can-ho-chung-cu-duong-tran-hung-dao-phuong-hai-cang-altara-residences/2pn-quy-nhon-gia-chi-tu-1-8-ty-pr45754439
Đất,Đất nền/Đất ở,Đất nền dự án,Huyện Phù Cát,Không rõ,Huyện. phù cát (x. cát tiến mới),2.0,20.0,100.0,7.5,20.0,Chưa xác định,Đang cập nhật,0,0,0,"Đầu tư đất nền cát tiến cách biển 700 m, cách sân bay phù cát 10 phút đi xe. liên hệ 0903 601 ***",https://batdongsan.com.vn/ban-dat-nen-du-an-xa-cat-tien-central-avenue-quy-nhon/dau-tu-cach-bien-700m-cach-san-bay-phu-10-phut-di-xe-lien-he-pr40655940
Nhà,Nhà mặt phố/Kinh doanh,Nhà mặt phố,Thành phố Quy Nhơn,Không rõ,Thành phố. quy nhơn (phường. quy nhơn mới),5.3,85.48387096774194,62.0,5.0,18.0,Chưa xác định,Đang cập nhật,2,3,3,"Nhà bán bán nhà 2 tầng mặt tiền Trần Hưng Đạo gần biển hải cảng quy nhơn, diện tích 62 m², nội thất",https://batdongsan.com.vn/ban-nha-mat-pho-phuong-hai-cang/ban-ban-2-tang-tien-tran-hung-ao-gan-bien-quy-nhon-dt-62m2-noi-that-pr45798104
Nhà,Nhà mặt phố/Kinh doanh,Shophouse,Thành phố Quy Nhơn,Không rõ,Thành phố. quy nhơn (phường. quy nhơn bắc mới),6.7,67.0,100.0,5.0,18.0,Bắc,Đang cập nhật,3,3,3,Shophouse solera quy nhơn mở bán giai đoạn 2 giỏ hàng view vòng xoay Hùng Vương,https://batdongsan.com.vn/ban-shophouse-nha-pho-thuong-mai-phuong-tran-quang-dieu-solera-quy-nhon/mo-ban-giai-oan-2-gio-hang-view-vong-xoay-hung-vuong-pr45598457
Nhà,Căn hộ chung cư,Căn hộ chung cư,Thành phố Quy Nhơn,Không rõ,Thành phố. quy nhơn (phường. quy nhơn mới),2.1,32.30769230769231,65.0,0.0,0.0,Chưa xác định,Đang cập nhật,12,2,2,"Chuyển nhượng căn 2pn phú tài view biển quy nhơn giá 2,1 tỷ. nhà mới, đầy đủ nội thất",https://batdongsan.com.vn/ban-can-ho-chung-cu-duong-le-duc-tho-phuong-hai-cang-phu-tai-residence/tong-hop-gio-hang-chuyen-nhuong-gia-re-nhat-pr38303955
Nhà,Căn hộ chung cư,Căn hộ chung cư,Thành phố Quy Nhơn,Không rõ,Thành phố. quy nhơn (phường. quy nhơn mới),3.0,63.829787234042556,47.0,0.0,0.0,Chưa xác định,Đang cập nhật,12,1,2,"The sailing quy nhơn căn 1pn view biển, vị trí trung tâm",https://batdongsan.com.vn/ban-can-ho-chung-cu-duong-le-duan-phuong-ly-thuong-kiet-1-the-sailing-quy-nhon/1pn-view-bien-vi-tri-trung-tam-pr45731917
Đất,Đất nền/Đất ở,Bán đất,Huyện Vân Canh,Không rõ,Huyện. vân canh (x. canh vinh mới),1.725,11.5,150.0,8.0,25.0,Chưa xác định,Đang cập nhật,0,0,0,5 lý do nên mua đất vsip bình định tại địa ốc phúc thịnh,https://batdongsan.com.vn/ban-dat-xa-canh-vinh/phap-ly-vsip-binh-dinh-co-dang-tin-cay-co-nen-dau-tu-ngay-luc-nay-pr42969419
Nhà,Nhà mặt phố/Kinh doanh,Nhà mặt phố,Thành phố Quy Nhơn,Không rõ,Thành phố. quy nhơn (phường. quy nhơn mới),4.5,83.33333333333333,54.0,5.0,18.0,Chưa xác định,Đang cập nhật,3,3,3,Bán nhà mặt tiền Nguyễn Khuyến quy nhơn,https://batdongsan.com.vn/ban-nha-mat-pho-duong-nguyen-khuyen-phuong-dong-da-155/ban-tien-quy-nhon-pr45708003
Nhà,Căn hộ chung cư,Căn hộ chung cư,Thành phố Quy Nhơn,Không rõ,Thành phố. quy nhơn (phường. quy nhơn mới),2.7,39.130434782608695,69.0,0.0,0.0,Chưa xác định,Đang cập nhật,12,2,2,Căn hộ hạng sang simona heights 2pn tặng full nội thất 5 sao - miễn phí quản lý 3 năm kể cả gym bơi,https://batdongsan.com.vn/ban-can-ho-chung-cu-duong-tran-hung-dao-phuong-le-loi-5-simona-heights/hang-sang-2pn-tang-full-noi-that-5-sao-mien-phi-quan-ly-3-nam-ke-ca-gym-boi-pr45299862
Đất,Đất nền/Đất ở,Bán đất,Huyện Phù Mỹ,Không rõ,Huyện. phù mỹ (x. phù mỹ đông mới),4.9,13.61111111111111,360.0,8.0,25.0,Đông,Đang cập nhật,0,0,0,View biển mỹ an trên đồi biển thôn xuân thạnh phù mỹ bình định gia lai,https://batdongsan.com.vn/ban-dat-xa-my-an-5/view-bien-tren-doi-bien-thon-xuan-thanh-phu-binh-dinh-gia-lai-pr44308178
Nhà,Nhà mặt phố/Kinh doanh,Nhà mặt phố,Thành phố Quy Nhơn,Không rõ,Thành phố. quy nhơn (phường. quy nhơn nam mới),4.65,59.61538461538461,78.0,5.0,18.0,Nam,Đang cập nhật,3,3,3,"Bán nhà mặt tiền cách biển quy nhơn chỉ 650 m, gần khu du lịch Hàn Mặc Tử Ghềnh Ráng 78 m², 4tyxx",https://batdongsan.com.vn/ban-nha-mat-pho-phuong-ghenh-rang/ban-2-tang-tien-cach-bien-quy-nhon-chi-650m-gan-khu-du-lich-han-mac-tu-cho-80m2-pr45092584
Nhà,Nhà mặt phố/Kinh doanh,Nhà mặt phố,Thành phố Quy Nhơn,Không rõ,Thành phố. quy nhơn (phường. quy nhơn mới),4.35,54.375,80.0,5.0,18.0,Chưa xác định,Đang cập nhật,3,3,3,"Bán nhà mặt tiền view công viên hà thanh 1, Đống Đa phường quy nhơn, 80 m², chỉ, 4tỷ3xxtr",https://batdongsan.com.vn/ban-nha-mat-pho-phuong-dong-da/ban-tien-view-cong-vien-ha-thanh-1-quy-nhon-80m2-chi-4ty3xx-pr42801263
Nhà,Căn hộ chung cư,Căn hộ chung cư,Thành phố Quy Nhơn,Không rõ,Thành phố. quy nhơn (phường. quy nhơn mới),2.35,36.15384615384615,65.0,0.0,0.0,Chưa xác định,Đang cập nhật,12,2,2,Bán căn hộ 2pn view biển phú tài residences - 65 m² 2pn 2.35 tỷ - full nội thất,https://batdongsan.com.vn/ban-can-ho-chung-cu-duong-le-duc-tho-phuong-hai-cang-phu-tai-residence/ban-2pn-view-bien-residences-65m2-2pn-2-35-ty-full-noi-that-pr45807490
Nhà,Căn hộ chung cư,Căn hộ chung cư,Thành phố Quy Nhơn,Không rõ,Thành phố. quy nhơn (phường. quy nhơn nam mới),2.3,34.84848484848485,66.0,0.0,0.0,Nam,Đang cập nhật,12,2,2,"Bán căn hộ 2pn view biển, trung tâm thành phố - tặng full nội thất gỗ cao cấp - htls 12 tháng 0%",https://batdongsan.com.vn/ban-can-ho-chung-cu-duong-hoang-van-thu-phuong-quang-trung-7-phu-tai-2-central-life/ban-2pn-view-bien-tam-thanh-pho-tang-full-noi-that-go-cao-cap-htls-12-thang-0-pr45269654
Đất,Đất nền/Đất ở,Đất nền dự án,Thành phố Quy Nhơn,Không rõ,Thành phố. quy nhơn (phường. quy nhơn đông mới),2.4,38.095238095238095,63.0,7.5,20.0,Đông,Đang cập nhật,0,0,0,Bán đất biệt thự đại phú gia quy nhơn - khu đô thị đẳng cấp thượng lưu giá cắt lỗ,https://batdongsan.com.vn/ban-dat-nen-du-an-duong-vo-nguyen-giap-phuong-nhon-binh-khu-biet-thu-dai-phu-gia/ban-quy-do-thi-dang-cap-thuong-luu-cat-lo-pr40126640
Đất,Đất nền/Đất ở,Đất nền dự án,Thị xã An Nhơn,Không rõ,Tx. an nhơn (phường. an nhơn đông mới),1.725,13.8,125.0,7.5,20.0,Đông,Đang cập nhật,0,0,0,Bán đất chính chủ tại khu đô thị mới cẩm văn,https://batdongsan.com.vn/ban-dat-nen-du-an-duong-quoc-lo-1a-phuong-nhon-hung-1-khu-do-thi-moi-cam-van/ban-at-chinh-chu-tai-o-van-pr45747483
Nhà,Căn hộ chung cư,Căn hộ chung cư,Thành phố Quy Nhơn,Không rõ,Thành phố. quy nhơn (phường. quy nhơn mới),3.4,52.30769230769231,65.0,0.0,0.0,Chưa xác định,Đang cập nhật,12,2,2,"Căn 2pn 3,4 tỷ giá rẻ nhất độc quyền view biển the sailing",https://batdongsan.com.vn/ban-can-ho-chung-cu-duong-le-duan-phuong-ly-thuong-kiet-1-the-sailing-quy-nhon/gio-hang-chuyen-nhuong-gia-re-nhat-doc-quyen-view-bien-sailing-pr40166850
Nhà,Căn hộ chung cư,Căn hộ chung cư,Thành phố Quy Nhơn,Không rõ,Thành phố. quy nhơn (phường. quy nhơn nam mới),0.75,20.27027027027027,37.0,0.0,0.0,Nam,Đang cập nhật,12,2,2,"Bán căn hộ 37 m² tại chung cư Hoàng Văn Thụ quy nhơn, giá tốt 750 triệu vnd",https://batdongsan.com.vn/ban-can-ho-chung-cu-duong-xuan-thuy-phuong-quang-trung-7-chung-cu-hoang-van-thu-quy-nhon/ban-57m2-tai-gia-tot-900-trieu-vnd-pr45552143
Nhà,Nhà mặt phố/Kinh doanh,Shophouse,Thành phố Quy Nhơn,Không rõ,Thành phố. quy nhơn (phường. quy nhơn bắc mới),7.0,32.407407407407405,216.0,5.0,18.0,Bắc,Đang cập nhật,3,3,3,Căn góc 216 m² ngay mặt tiền Long Vân - cơ hội vàng cho nhà đầu tư tại thành phố biển quy nhơn,https://batdongsan.com.vn/ban-shophouse-nha-pho-thuong-mai-duong-long-van-long-my-phuong-tran-quang-dieu-solera-quy-nhon/ban-can-goc-216m2-ngay-mat-tien-co-hoi-vang-cho-dau-tu-tai-tp-bien-nhon-pr43228192
Đất,Đất nền/Đất ở,Bán đất,Thành phố Quy Nhơn,Không rõ,Thành phố. quy nhơn (phường. quy nhơn nam mới),4.0,40.0,100.0,8.0,25.0,Nam,Đang cập nhật,0,0,0,"Bán đất mặt tiền khu qhdc gara quyền quy nhơn nam, 100 m ngang 5 m lộ giới 13 m, giá 4 tỷ",https://batdongsan.com.vn/ban-dat-phuong-quang-trung-7/ban-nha-at-mat-tien-khu-qhdc-gara-quyen-quy-nhon-nam-100m-ngang5m-lo-gioi-13m-gia-4-te-pr45692922
Nhà,Căn hộ chung cư,Căn hộ chung cư,Thành phố Quy Nhơn,Không rõ,Thành phố. quy nhơn (phường. quy nhơn đông mới),1.35,22.5,60.0,0.0,0.0,Đông,Đang cập nhật,12,2,2,"Bán căn hộ ecolife riverside, chiết khấu 5%, miễn phí quản lý năm đầu, sổ sẵn, hổ trợ bank",https://batdongsan.com.vn/ban-can-ho-chung-cu-duong-dien-bien-phu-phuong-nhon-binh-ecolife-riverside/ban-binh-pr44266975
Nhà,Căn hộ chung cư,Căn hộ chung cư,Thành phố Quy Nhơn,Không rõ,Thành phố. quy nhơn (phường. quy nhơn mới),1.99,30.615384615384617,65.0,0.0,0.0,Chưa xác định,Đang cập nhật,12,2,2,"Giảm 200 - 300 triệu căn hộ phú tài residence view biển giá 1,99 tỷ (căn 2pn)",https://batdongsan.com.vn/ban-can-ho-chung-cu-duong-le-duc-tho-phuong-hai-cang-phu-tai-residence/giam-200-300-trieu-view-bien-gia-tu-1-4t-1-9-t-2-7-ty-1pn-3pn-pr43741834
Nhà,Căn hộ chung cư,Căn hộ chung cư,Thành phố Quy Nhơn,Không rõ,Thành phố. quy nhơn (phường. quy nhơn đông mới),1.25,20.833333333333332,60.0,0.0,0.0,Đông,Đang cập nhật,12,2,2,Cập nhật giỏ hàng mới nhất - ecolife qn giá rẻ nhất,https://batdongsan.com.vn/ban-can-ho-chung-cu-duong-dien-bien-phu-phuong-nhon-binh-ecolife-riverside/cap-nhat-moi-nhat-sang-nhuong-gia-690-trieu-1pn-990-trieu-2pn-pr39236376
Đất,Đất nền/Đất ở,Đất nền dự án,Thị xã An Nhơn,Không rõ,Tx. an nhơn (phường. an nhơn đông mới),3.0,24.0,125.0,7.5,20.0,Đông,Đang cập nhật,0,0,0,Cắt lỗ lô đất mặt tiền đường lê lai khu đô thị cẩm văn nhơn hưng an nhơn,https://batdongsan.com.vn/ban-dat-nen-du-an-duong-quoc-lo-1a-phuong-nhon-hung-1-khu-do-thi-moi-cam-van/cat-lo-at-mat-tien-uong-le-lai-o-nhon-pr45637957
Đất,Đất nền/Đất ở,Đất nền dự án,Thị xã An Nhơn,Không rõ,Tx. an nhơn (phường. an nhơn đông mới),2.9,23.2,125.0,7.5,20.0,Đông,Đang cập nhật,0,0,0,"Đất nền dự án tại khu đô thị mới cẩm văn, đang được chào bán với mức giá hấp dẫn 2,9 tỷ",https://batdongsan.com.vn/ban-dat-nen-du-an-duong-quoc-lo-1a-phuong-nhon-hung-1-khu-do-thi-moi-cam-van/at-tai-o-ang-uoc-chao-ban-voi-muc-gia-hap-dan-2-9-ty-pr45638162
Đất,Đất nền/Đất ở,Bán đất,Thị xã Hoài Nhơn,Không rõ,Tx. hoài nhơn (phường. bồng sơn mới),1.13,17.384615384615383,65.0,8.0,25.0,Chưa xác định,Đang cập nhật,0,0,0,Bán đất nền mặt tiền đối lưng đường Quang Trung bồng sơn,https://batdongsan.com.vn/ban-dat-duong-quang-trung-thi-tran-bong-son-148/ban-at-nen-mat-tien-oi-lung-uong-son-pr45650711
Đất,Đất nền/Đất ở,Đất nền dự án,Thị xã An Nhơn,Không rõ,Tx. an nhơn (phường. an nhơn đông mới),3.5,28.0,125.0,7.5,20.0,Đông,Đang cập nhật,0,0,0,"Bán đất nền dự án tại khu đô thị mới cẩm văn, lô góc 125 m2",https://batdongsan.com.vn/ban-dat-nen-du-an-duong-quoc-lo-1a-phuong-nhon-hung-1-khu-do-thi-moi-cam-van/ban-at-tai-o-goc-chi-voi-29-trieu-m2-125-m2-pr45671744
Đất,Đất nền/Đất ở,Bán đất,Thành phố Quy Nhơn,Không rõ,Thành phố. quy nhơn (phường. quy nhơn đông mới),1.4,17.5,80.0,8.0,25.0,Đông,Đang cập nhật,0,0,0,Bán nhanh lô nhơn hội pk2 view biển giá 17.5 triệu/m2,https://batdongsan.com.vn/ban-dat-xa-nhon-ly/ban-nhanh-lo-hoi-pk2-view-bien-gia-17-5-trieu-m2-pr45778407
Nhà,Căn hộ chung cư,Căn hộ chung cư,Thành phố Quy Nhơn,Không rõ,Thành phố. quy nhơn (phường. quy nhơn mới),3.96,64.91803278688525,61.0,0.0,0.0,Chưa xác định,Đang cập nhật,12,2,2,Cập nhật tiến độ dự án the sailing quy nhơn,https://batdongsan.com.vn/ban-can-ho-chung-cu-duong-le-duan-phuong-ly-thuong-kiet-1-the-sailing-quy-nhon/cap-nhat-tien-o-du-an-nhon-pr45701885
Nhà,Biệt thự/Nhà liền kề,Nhà biệt thự/liền kề,Huyện Phù Cát,Không rõ,Huyện. phù cát (x. đề gi mới),6.575,18.785714285714285,350.0,7.0,20.0,Chưa xác định,Đang cập nhật,3,5,4,"Chính chủ cần bán, nhà gần cảng cá đề gi, công viên đề gi, khách sạn trung dung",https://batdongsan.com.vn/ban-nha-biet-thu-lien-ke-duong-dt-639-xa-cat-khanh-1-149/chinh-cu-can-ban-gan-cang-ca-de-gi-cong-vien-de-gi-khach-san-trung-dung-pr44502414
Nhà,Biệt thự/Nhà liền kề,Nhà biệt thự/liền kề,Huyện Phù Cát,Không rõ,Huyện. phù cát (x. hòa hội mới),4.0,33.333333333333336,120.0,7.0,20.0,Chưa xác định,Đang cập nhật,3,5,4,Suất ngoại giao dự án baia reatreat hội vân. liên hệ ngay để nhận ưu đãi 0903 601 ***,https://batdongsan.com.vn/ban-nha-biet-thu-lien-ke-xa-cat-hiep-baia-retreat-hoi-van/5-suat-ngoai-giao-du-an-reatreat-he-ngay-de-nhan-uu-dai-o9o3-6o1-9o1-pr43909159
Đất,Đất nền/Đất ở,Bán đất,Thành phố Quy Nhơn,Không rõ,Thành phố. quy nhơn (phường. quy nhơn đông mới),2.76,23.0,120.0,8.0,25.0,Đông,Đang cập nhật,0,0,0,"Bán đất biển khu suối cả, nhơn lý, quy nhơn diện tích 120 m², ngang 6 m, giá 23 triệu/m2",https://batdongsan.com.vn/ban-dat-xa-nhon-ly/ban-at-bien-khu-suoi-ca-quy-dien-tich-120m2-ngang-6m-gia-23-trieu-m2-pr45778341
Nhà,Nhà riêng/Trong hẻm,Nhà riêng,Thành phố Quy Nhơn,Không rõ,Thành phố. quy nhơn (phường. quy nhơn bắc mới),7.8,21.535063500828272,362.2,4.5,13.0,Bắc,Đang cập nhật,3,2,3,Bán biệt thự mini sân vườn khu vực Long Vân quy nhơn,https://batdongsan.com.vn/ban-nha-rieng-phuong-tran-quang-dieu/ban-biet-thu-mini-san-vuon-khu-vuc-long-van-quy-nhon-pr44838886
Nhà,Căn hộ chung cư,Căn hộ chung cư,Thành phố Quy Nhơn,Không rõ,Thành phố. quy nhơn (phường. quy nhơn mới),1.95,27.083333333333332,72.0,0.0,0.0,Chưa xác định,Sổ hồng,12,2,2,Bán căn hộ phú tài residence quy nhơn giá siêu rẻ - hỗ trợ vay 70% - sổ hồng lâu dài,https://batdongsan.com.vn/ban-can-ho-chung-cu-duong-le-duc-tho-phuong-hai-cang-phu-tai-residence/ban-quy-nhon-pr41170959
Nhà,Nhà mặt phố/Kinh doanh,Nhà mặt phố,Thành phố Quy Nhơn,Không rõ,Thành phố. quy nhơn (phường. quy nhơn nam mới),5.89,73.625,80.0,5.0,18.0,Nam,Đang cập nhật,3,3,3,"(ngon bổ rẻ) bán nhà 3 mê 2 mặt tiền thông thoáng khu qhdc gara quyền quy nhơn nam, 80 m², giá 5 t",https://batdongsan.com.vn/ban-nha-mat-pho-phuong-quang-trung-7/ngon-bo-re-ban-3-me-2-tien-thong-thoang-khu-qhdc-gara-quyen-quy-nhon-nam-80m2-gia-5-t-pr45798147
Đất,Đất nền/Đất ở,Đất nền dự án,Thị xã Hoài Nhơn,Không rõ,Tx. hoài nhơn (phường. hoài nhơn nam mới),1.725,20.294117647058822,85.0,7.5,20.0,Đông,Đang cập nhật,0,0,0,"Duy nhất 1 lô 82,5 m² hướng đông mát mẻ tại khu đô thị mới phúc gia tân - giá tốt từ cđt- đã có sổ",https://batdongsan.com.vn/ban-dat-nen-du-an-xa-hoai-tan-phuc-gia-tan/duy-nhat-1-lo-82-5m2-huong-ong-mat-me-tai-khu-o-thi-moi-gia-tot-tu-c-t-a-co-so-pr45723818
Đất,Đất nền/Đất ở,Bán đất,Huyện Phù Cát,Không rõ,Huyện. phù cát (x. cát tiến mới),1.725,11.5,150.0,8.0,25.0,Chưa xác định,Đang cập nhật,0,0,0,"Bán đất đẹp tại Võ Văn Dũng, giá thỏa thuận, 150 m², mặt tiền rộng 6x25 m",https://batdongsan.com.vn/ban-dat-xa-cat-tien/ban-at-ep-tai-vo-van-dung-gia-thoa-thuan-150m2-mat-rong-6x25m-pr45697018
Đất,Đất nền/Đất ở,Đất nền dự án,Thị xã Hoài Nhơn,Không rõ,Tx. hoài nhơn (phường. hoài nhơn nam mới),1.09,16.76923076923077,65.0,7.5,20.0,Nam,Đang cập nhật,0,0,0,Hot !!! chính thức ra sổ từng lô - đất nền phúc gia tân - chỉ từ 1.2 tỷ/nền - công chứng nhanh !!!,https://batdongsan.com.vn/ban-dat-nen-du-an-xa-hoai-tan-phuc-gia-tan/hot-chinh-thuc-ra-so-tung-lo-at-chi-tu-1-2-ty-cong-chung-nhanh-pr45554364
Nhà,Biệt thự/Nhà liền kề,Nhà biệt thự/liền kề,Thị xã An Nhơn,Không rõ,Tx. an nhơn (phường. bình định mới),2.53,28.11111111111111,90.0,7.0,20.0,Chưa xác định,Đang cập nhật,3,5,4,Bán nhanh nhà 90 m² xây 3 tầng 1 tum view hồ nội khu dự án hưng định city,https://batdongsan.com.vn/ban-nha-biet-thu-lien-ke-duong-ngo-gia-tu-phuong-binh-dinh-hung-dinh-city/ban-nhanh-90m2-xay-3-tang-1-tum-view-ho-noi-khu-du-an-inh-city-pr45805568
Đất,Đất nền/Đất ở,Đất nền dự án,Huyện Tuy Phước,Không rõ,Huyện. tuy phước (x. tuy phước mới),2.32,22.524271844660195,103.0,7.5,20.0,Chưa xác định,Đang cập nhật,0,0,0,"Chính chủ cần bán lô góc hoa hậu quy nhơn iconic lk18 - 01, liên hệ ngay 0903 601 ***",https://batdongsan.com.vn/ban-dat-nen-du-an-xa-phuoc-thuan-2-quy-nhon-iconic/chi-co-5-suat-noi-bo-gio-hang-dep-nhat-lien-he-ngay-vpkd-pr42591658
Đất,Đất nền/Đất ở,Đất nền dự án,Huyện Tuy Phước,Không rõ,Huyện. tuy phước (x. tuy phước mới),1.8,22.5,80.0,7.5,20.0,Bắc,Đang cập nhật,0,0,0,"Bán lô đất vị trí đẹp khu đô thị bắc hà thanh, miễn lãi vay và ân hạn gốc 36 tháng. lh 0935 739 ***",https://batdongsan.com.vn/ban-dat-nen-du-an-xa-phuoc-thuan-2-quy-nhon-iconic/can-ban-2-vi-tri-vip-sieu-dep-khu-do-thi-bac-ha-thanh-lk-17-33-va-lk-16-35-lh-pr42281955
Nhà,Căn hộ chung cư,Căn hộ chung cư,Thành phố Quy Nhơn,Không rõ,Thành phố. quy nhơn (phường. quy nhơn mới),3.96,44.69525959367946,88.6,0.0,0.0,Chưa xác định,Đang cập nhật,12,2,2,Hot tháng 6/2026 -giỏ hàng xây thô chung cư 5 sao sailing - lh 0876 683 ***,https://batdongsan.com.vn/ban-can-ho-chung-cu-duong-le-duan-phuong-ly-thuong-kiet-1-the-sailing-quy-nhon/hot-2pn-5-sao-chi-tu-2-768-ty-lh-pr44795124
Nhà,Căn hộ chung cư,Căn hộ chung cư,Thành phố Quy Nhơn,Không rõ,Thành phố. quy nhơn (phường. quy nhơn nam mới),2.0,36.199095022624434,55.25,0.0,0.0,Nam,Đang cập nhật,12,2,2,"Quỹ căn tầng 22 đẹp nhất the calla quy nhơn: 2pn đa dạng view, giá tốt nhất chỉ từ 1.7 tỷ",https://batdongsan.com.vn/ban-can-ho-chung-cu-duong-tay-son-phuong-ghenh-rang-calla-apartment-quy-nhon/tang-22-ep-nhat-the-2pn-a-dang-view-gia-tot-nhat-chi-tu-1-7-ty-pr45751605
Đất,Đất nền/Đất ở,Đất nền dự án,Thị xã An Nhơn,Không rõ,Tx. an nhơn (phường. an nhơn đông mới),2.75,22.0,125.0,7.5,20.0,Đông,Đang cập nhật,0,0,0,"Bán đất nền kđt cẩm văn - an nhơn, bình định",https://batdongsan.com.vn/ban-dat-nen-du-an-duong-quoc-lo-1a-phuong-nhon-hung-1-khu-do-thi-moi-cam-van/ban-at-k-t-binh-inh-pr45621560
Nhà,Biệt thự/Nhà liền kề,Nhà biệt thự/liền kề,Thành phố Quy Nhơn,Không rõ,Thành phố. quy nhơn (phường. quy nhơn nam mới),6.7,78.82352941176471,85.0,7.0,20.0,Nam,Đang cập nhật,3,5,4,Mở bán căn suất ngoại giao vị trí đẹp tại dự án phú gia royal park quy nhơn,https://batdongsan.com.vn/ban-nha-biet-thu-lien-ke-duong-tay-son-phuong-quang-trung-7-phu-gia-royal-park/mo-ban-5-can-suat-ngoai-giao-vi-tri-ep-taj-du-an-quy-nhon-pr45768685
Đất,Đất nền/Đất ở,Bán đất,Huyện Tuy Phước,Không rõ,Huyện. tuy phước (x. tuy phước mới),3.85,19.784172661870503,194.6,8.0,25.0,Chưa xác định,Đang cập nhật,0,0,0,"Bán đất nền dự án trung tín 1, 3,85 tỷ, 194,6 m², tại Nguyễn Huệ, thị trấn tuy phước",https://batdongsan.com.vn/ban-dat-duong-nguyen-hue-thi-tran-tuy-phuoc-152/ban-at-nen-du-an-trung-tin-1-3-85-ty-194-6m2-tai-phuoc-pr45530748
Nhà,Nhà mặt phố/Kinh doanh,Nhà mặt phố,Thành phố Quy Nhơn,Không rõ,Thành phố. quy nhơn (phường. quy nhơn mới),3.68,92.0,40.0,5.0,18.0,Chưa xác định,Đang cập nhật,3,3,3,"Bán nhà 3 mê xây ở kiên cố mặt tiền phường quy nhơn giá 3 tỷ xxz, gần cầu huỳnh tấn phát, hà thanh",https://batdongsan.com.vn/ban-nha-mat-pho-phuong-dong-da/ban-3-me-xay-o-kien-co-tien-quy-nhon-gia-3-ty-xxz-gan-cau-huynh-tan-phat-ha-thanh-pr45479081
Nhà,Căn hộ chung cư,Căn hộ chung cư,Thành phố Quy Nhơn,Không rõ,Thành phố. quy nhơn (phường. quy nhơn đông mới),1.4,21.875,64.0,0.0,0.0,Đông,Đang cập nhật,12,2,2,"Suất cuối ecolife riverside view sông toàn cảnh thành phố cực đẹp, đã có sổ giảm ngay 100 - 200 triệu",https://batdongsan.com.vn/ban-can-ho-chung-cu-duong-dien-bien-phu-phuong-nhon-binh-ecolife-riverside/10-suat-cuoi-cung-uu-dai-cao-co-so-hong-tai-quy-gia-sieu-re-pr44879819
Nhà,Nhà mặt phố/Kinh doanh,Nhà mặt phố,Thành phố Quy Nhơn,Không rõ,Thành phố. quy nhơn (phường. quy nhơn nam mới),9.1,121.33333333333333,75.0,5.0,18.0,Nam,Đang cập nhật,3,3,3,Bán nhà mặt tiền Hoàng Văn Thụ quy nhơn giá tốt,https://batdongsan.com.vn/ban-nha-mat-pho-duong-hoang-van-thu-phuong-ngo-may-1-155/ban-mt-quy-nhon-pr45633439
Đất,Đất nền/Đất ở,Đất nền dự án,Thành phố Quy Nhơn,Không rõ,Thành phố. quy nhơn (phường. quy nhơn nam mới),6.6,77.6470588235294,85.0,7.5,20.0,Nam,Đang cập nhật,0,0,0,"Dự án phú gia royal park quy nhơn, chiết khấu khủng lên đến 14,5%. liên hệ ngay để biết chi tiết",https://batdongsan.com.vn/ban-dat-nen-du-an-duong-tay-son-phuong-quang-trung-7-phu-gia-royal-park/quy-nhon-chiet-khau-khung-len-en-14-5-lien-he-ngay-e-biet-chi-tiet-pr45772011
Nhà,Nhà riêng/Trong hẻm,Nhà riêng,Thành phố Quy Nhơn,Không rõ,Thành phố. quy nhơn (phường. quy nhơn mới),1.7,54.83870967741935,31.0,4.5,13.0,Chưa xác định,Đang cập nhật,3,2,3,"Chính chủ cần bán nhà 1 trệt 1 lửng phường hải cảng, gần biển quy nhơn",https://batdongsan.com.vn/ban-nha-rieng-duong-tran-hung-dao-phuong-hai-cang-155/chinh-chu-can-ban-1-tret-1-lung-gan-bien-quy-nhon-pr45730116
Nhà,Nhà riêng/Trong hẻm,Nhà riêng,Thành phố Quy Nhơn,Không rõ,Thành phố. quy nhơn (phường. quy nhơn nam mới),3.5,64.81481481481481,54.0,4.5,13.0,Nam,Đang cập nhật,3,2,3,Cần bán nhanh nhà trọ đang kd thu nhập tốt phường. ng văn cừ,https://batdongsan.com.vn/ban-nha-rieng-duong-nguyen-thi-minh-khai-phuong-nguyen-van-cu-155/can-ban-nhanh-tro-ang-kd-thu-nhap-tot-p-ng-cu-pr45714019
Nhà,Căn hộ chung cư,Căn hộ chung cư,Thành phố Quy Nhơn,Không rõ,Thành phố. quy nhơn (phường. quy nhơn mới),3.0,46.15384615384615,65.0,0.0,0.0,Chưa xác định,Sổ hồng,12,2,2,"Chỉ từ 2,9 tỷ căn 2pn 2wc căn hộ the sailing quy nhơn - sổ hồng vĩnh viễn. bàn giao cuối năm 2026",https://batdongsan.com.vn/ban-can-ho-chung-cu-duong-le-duan-phuong-ly-thuong-kiet-1-the-sailing-quy-nhon/chi-tu-2-9-ty-2pn-2wc-so-hong-vinh-vien-ban-giao-cuoi-nam-2026-pr45803127
Đất,Đất nền/Đất ở,Đất nền dự án,Thị xã An Nhơn,Không rõ,Tx. an nhơn (phường. an nhơn đông mới),2.65,21.2,125.0,7.5,20.0,Đông,Đang cập nhật,0,0,0,"Đất nền dự án tại nhơn hưng, an nhơn, bình định đang chờ đón chủ nhân mới",https://batdongsan.com.vn/ban-dat-nen-du-an-duong-quoc-lo-1a-phuong-nhon-hung-1-khu-do-thi-moi-cam-van/at-tai-binh-inh-ang-cho-on-chu-nhan-moi-pr45716498
Nhà,Căn hộ chung cư,Căn hộ chung cư,Thành phố Quy Nhơn,Không rõ,Thành phố. quy nhơn (phường. quy nhơn mới),2.1,35.0,60.0,0.0,0.0,Chưa xác định,Đang cập nhật,12,2,2,"Chỉ với 35tr/m2 sở hữu căn hộ view biển ngay mặt tiền đường Trần Hưng Đạo, full nội thất,vào ở ngay",https://batdongsan.com.vn/ban-can-ho-chung-cu-duong-tran-hung-dao-phuong-hai-cang-altara-residences/chi-voi-35tr-m2-so-huu-view-bien-ngay-mat-tien-uong-ao-full-noi-that-vao-o-ngay-pr45743956
Nhà,Căn hộ chung cư,Căn hộ chung cư,Thành phố Quy Nhơn,Không rõ,Thành phố. quy nhơn (phường. quy nhơn mới),1.9,22.352941176470587,85.0,0.0,0.0,Chưa xác định,Đang cập nhật,12,3,2,Hiếm có khó tìm chỉ 3pn 88m² tại simona heights. liên hệ ngay: 0903 601 ***,https://batdongsan.com.vn/ban-can-ho-chung-cu-duong-tran-hung-dao-phuong-le-loi-5-simona-heights/chi-con-5-suat-noi-bo-gia-uu-dai-du-an-lien-he-ngay-hotline-pr42318137
Đất,Đất nền/Đất ở,Đất nền dự án,Thị xã An Nhơn,Không rõ,Tx. an nhơn (phường. an nhơn đông mới),2.95,23.6,125.0,7.5,20.0,Đông,Đang cập nhật,0,0,0,"Đất nền dự án tại khu đô thị mới cẩm văn, đường Quốc Lộ 1A, phường an nhơn đông, gia lai",https://batdongsan.com.vn/ban-dat-nen-du-an-duong-quoc-lo-1a-phuong-nhon-hung-1-khu-do-thi-moi-cam-van/at-tai-o-uong-ong-gia-lai-pr45638009
Đất,Đất nền/Đất ở,Đất nền dự án,Thành phố Quy Nhơn,Không rõ,Thành phố. quy nhơn (phường. quy nhơn đông mới),2.65,26.5,100.0,7.5,20.0,Đông,Đang cập nhật,0,0,0,Mở bán nền đất khu đô thị mới an phú thịnh. diện tích 100 m². giá cam kết tốt nhất thị trường,https://batdongsan.com.vn/ban-dat-nen-du-an-duong-huynh-tan-phat-phuong-nhon-binh-khu-do-thi-an-phu-thinh/mo-ban-cac-moi-dien-tich-da-dang-gia-cam-ket-tot-nhat-truong-pr41658191
Nhà,Nhà riêng/Trong hẻm,Nhà riêng,Thị xã An Nhơn,Không rõ,Tx. an nhơn (phường. bình định mới),6.0,51.282051282051285,117.0,4.5,13.0,Chưa xác định,Đang cập nhật,3,2,3,"Nhà riêng 6 tỷ vnd, 117 m² tại bình định, an nhơn, giá cực chất",https://batdongsan.com.vn/ban-nha-rieng-phuong-binh-dinh/6-ty-vnd-117m2-tai-inh-an-nhon-gia-cuc-chat-pr45652061
Đất,Đất nền/Đất ở,Bán đất,Thành phố Quy Nhơn,Không rõ,Thành phố. quy nhơn (phường. quy nhơn nam mới),19.9,125.9493670886076,158.0,8.0,25.0,Nam,Đang cập nhật,0,0,0,"Nền góc 2 mặt tiền 158 m² - trung tâm, gần biển quy nhơn",https://batdongsan.com.vn/ban-dat-duong-nguyen-nhu-do-2-phuong-nguyen-van-cu-155/nen-goc-2-mat-tien-158m2-trung-tam-gan-bien-quy-nhon-pr45737363
Nhà,Nhà mặt phố/Kinh doanh,Nhà mặt phố,Thành phố Quy Nhơn,Không rõ,Thành phố. quy nhơn (phường. quy nhơn nam mới),15.0,129.87012987012986,115.5,5.0,18.0,Nam,Đang cập nhật,3,3,3,"Nhà ôm cua Mai Hắc Đế và phạm cần chính, cạnh các dự án đang xây dựng. mặt tiền ôm cua hơn 20 m.",https://batdongsan.com.vn/ban-nha-mat-pho-pho-mai-hac-de-phuong-ghenh-rang-155/om-cua-e-va-pham-can-chinh-canh-cac-du-an-ang-xay-dung-tien-om-cua-hon-20m-pr45368627
Nhà,Nhà mặt phố/Kinh doanh,Shophouse,Thành phố Quy Nhơn,Không rõ,Thành phố. quy nhơn (phường. quy nhơn bắc mới),7.0,63.63636363636363,110.0,5.0,18.0,Bắc,Đang cập nhật,3,3,3,"Ưu tiên chọn suất ngoại giao căn đẹp, giá dk tốt của dự án solera quy nhơn sát cây xăng bảy cường",https://batdongsan.com.vn/ban-shophouse-nha-pho-thuong-mai-duong-long-van-long-my-phuong-tran-quang-dieu-solera-quy-nhon/uu-tien-chon-suat-ngoai-giao-can-dep-gia-tot-cua-du-an-sat-cay-xang-bay-cuong-pr43024234
Nhà,Biệt thự/Nhà liền kề,Nhà biệt thự/liền kề,Thành phố Quy Nhơn,Không rõ,Thành phố. quy nhơn (phường. quy nhơn đông mới),3.5,56.45161290322581,62.0,7.0,20.0,Đông,Đang cập nhật,3,5,4,Mở bán nhà liền kề - khu đô thị mới chợ góc đại phú gia,https://batdongsan.com.vn/ban-nha-biet-thu-lien-ke-phuong-nhon-binh-phu-gia-riverside-quy-nhon/mo-ban-khu-o-thi-moi-cho-goc-ai-gia-pr45245916
Nhà,Nhà mặt phố/Kinh doanh,Nhà mặt phố,Huyện Phù Mỹ,Không rõ,Huyện. phù mỹ (x. bình dương mới),5.5,27.268220128904314,201.7,5.0,18.0,Chưa xác định,Đang cập nhật,3,3,3,"Bán nhà mặt tiền Quốc Lộ 1A, phú mỹ, bình định chỉ 5.5 tỷ",https://batdongsan.com.vn/ban-nha-mat-pho-duong-quoc-lo-1a-thi-tran-binh-duong-3-150/ban-tien-phu-my-inh-chi-6-ty-pr45673896
Nhà,Nhà riêng/Trong hẻm,Nhà riêng,Thành phố Quy Nhơn,Không rõ,Thành phố. quy nhơn (phường. quy nhơn mới),3.8,95.0,40.0,4.5,13.0,Chưa xác định,Đang cập nhật,3,2,3,"Bán nhà 3 mê mặt tiền phường quy nhơn gần cầu huỳnh tấn phát, 40 m² ngang 4,7 m, 3 tỷ xxz",https://batdongsan.com.vn/ban-nha-rieng-phuong-dong-da/ban-3-me-mat-tien-quy-nhon-gan-cau-huynh-tan-phat-40m2-ngang4-7m-3ty-xxz-pr45479104
Nhà,Biệt thự/Nhà liền kề,Nhà biệt thự/liền kề,Huyện Phù Cát,Không rõ,Huyện. phù cát (x. cát tiến mới),12.5,52.083333333333336,240.0,7.0,20.0,Chưa xác định,Đang cập nhật,3,5,4,Bán nhanh suất nội bộ dự án vinacapital vĩnh hội. liên hệ ngay 0903 601 *** để được tư vấn,https://batdongsan.com.vn/ban-nha-biet-thu-lien-ke-xa-cat-hai-1-khu-du-lich-khach-san-va-nghi-duong-vinh-hoi/ban-nhanh-10-suat-noi-bo-an-vinacapital-he-ngay-de-duoc-tu-van-pr41852187
Nhà,Căn hộ chung cư,Căn hộ chung cư,Thành phố Quy Nhơn,Không rõ,Thành phố. quy nhơn (phường. quy nhơn mới),2.3,50.0,46.0,0.0,0.0,Chưa xác định,Đang cập nhật,12,1,2,"Chỉ 2,3 tỷ sở hữu ngay căn hộ tại the sailing quy nhơn. giá chỉ từ 48 triệu/m2",https://batdongsan.com.vn/ban-can-ho-chung-cu-duong-le-duan-phuong-ly-thuong-kiet-1-the-sailing-quy-nhon/chi-2-3-ty-so-huu-ngay-tai-gia-chi-tu-48-trieu-m2-pr45794821
Nhà,Căn hộ chung cư,Căn hộ chung cư,Thành phố Quy Nhơn,Không rõ,Thành phố. quy nhơn (phường. quy nhơn mới),1.85,30.833333333333332,60.0,0.0,0.0,Chưa xác định,Đang cập nhật,12,2,2,Bán căn hộ cao cấp altara residence - tầng cao - view đẹp - giá rẻ,https://batdongsan.com.vn/ban-can-ho-chung-cu-duong-tran-hung-dao-phuong-hai-cang-altara-residences/ban-dep-gia-tot-nhieu-tien-ich-tai-1-6-ty-vnd-65m2-pr42688747
Nhà,Căn hộ chung cư,Căn hộ chung cư,Thành phố Quy Nhơn,Không rõ,Thành phố. quy nhơn (phường. quy nhơn mới),3.15,48.46153846153846,65.0,0.0,0.0,Chưa xác định,Sổ hồng,12,2,2,Căn hộ hàng hiệu cách biển 199 m - sổ hồng lâu dài - giá chỉ từ 48tr/m2 - bàn giao nhà 15/09/2026,https://batdongsan.com.vn/ban-can-ho-chung-cu-duong-le-duan-phuong-ly-thuong-kiet-1-the-sailing-quy-nhon/hang-hieu-cach-bien-200m-so-hong-lau-dai-gia-chi-tu-48tr-m2-ban-giao-nha-30-08-2026-pr45437204
Nhà,Nhà mặt phố/Kinh doanh,Nhà mặt phố,Thành phố Quy Nhơn,Không rõ,Thành phố. quy nhơn (phường. quy nhơn mới),3.75,60.483870967741936,62.0,5.0,18.0,Chưa xác định,Đang cập nhật,3,3,3,"Chính chủ bán nhà mặt tiền phường quy nhơn 62 m giá rẻ chỉ 3ty xyz, lộ giới rộng 14 m view công viên",https://batdongsan.com.vn/ban-nha-mat-pho-phuong-dong-da/chinh-chu-ban-tien-quy-nhon-62m-gia-re-chi-3ty-xyz-lo-gioi-rong-14m-view-cong-vien-pr44469718
Nhà,Căn hộ chung cư,Căn hộ chung cư,Thành phố Quy Nhơn,Không rõ,Thành phố. quy nhơn (phường. quy nhơn nam mới),1.2,23.80952380952381,50.4,0.0,0.0,Nam,Đang cập nhật,12,2,2,Kẹt tiền cần bán nhanh căn hộ studio 50.4 m² full nội thất chủ đầu tư. liên hệ ngay 0903 601 ***,https://batdongsan.com.vn/ban-can-ho-chung-cu-duong-nguyen-trung-tin-phuong-nguyen-van-cu-quy-nhon-melody/ket-tien-ban-nhanh-studio-50m2-full-noi-that-chu-dau-tu-lien-he-ngay-pr40945569
Nhà,Căn hộ chung cư,Căn hộ chung cư,Thành phố Quy Nhơn,Không rõ,Thành phố. quy nhơn (phường. quy nhơn nam mới),1.9,54.285714285714285,35.0,0.0,0.0,Nam,Đang cập nhật,12,2,2,"Chuyển nhượng căn hộ phú tài central life giá từ 1,25 tỷ/căn",https://batdongsan.com.vn/ban-can-ho-chung-cu-duong-hoang-van-thu-phuong-quang-trung-7-phu-tai-2-central-life/chuyen-nhuong-gia-tu-1-25ty-can-pr44898986
Nhà,Căn hộ chung cư,Căn hộ chung cư,Thành phố Quy Nhơn,Không rõ,Thành phố. quy nhơn (phường. quy nhơn mới),1.4,35.0,40.0,0.0,0.0,Chưa xác định,Sổ hồng,12,1,2,Bán gấp căn hộ 1 phòng ngủ full nội thất altara quy nhơn sổ hồng sẵn giá tốt gọi 0784 427 ***,https://batdongsan.com.vn/ban-can-ho-chung-cu-duong-tran-hung-dao-phuong-hai-cang-altara-residences/ban-gap-1-phong-ngu-full-noi-that-quy-nhon-so-hong-san-gia-tot-goi-pr45747726
Đất,Đất nền/Đất ở,Đất nền dự án,Thành phố Quy Nhơn,Không rõ,Thành phố. quy nhơn (phường. quy nhơn đông mới),1.68,21.0,80.0,7.5,20.0,Đông,Đang cập nhật,0,0,0,Cần bán nền lk05 phân khu 4. lh: 0986 289 ***,https://batdongsan.com.vn/ban-dat-nen-du-an-duong-so-19b-1-xa-nhon-ly-khu-do-thi-moi-nhon-hoi-new-city/can-ban-lk05-phan-4-lh-pr45756511
Nhà,Căn hộ chung cư,Căn hộ chung cư,Thành phố Quy Nhơn,Không rõ,Thành phố. quy nhơn (phường. quy nhơn mới),3.34,51.38461538461539,65.0,0.0,0.0,Chưa xác định,Đang cập nhật,12,2,2,"Cách biển 300 m, ở nghỉ dưỡng, đầu tư khai thác đều mang đến giá trị vượt trội tại simona heights",https://batdongsan.com.vn/ban-can-ho-chung-cu-phuong-le-loi-5-simona-heights/vi-sao-nhieu-nguoi-roi-thanh-pho-lon-chon-song-tai-thanh-pho-bien-quy-nhon-hay-xem-cau-tra-loi-pr45771995
Đất,Đất nền/Đất ở,Đất nền dự án,Thị xã An Nhơn,Không rõ,Tx. an nhơn (phường. bình định mới),1.21,13.08108108108108,92.5,7.5,20.0,Nam,Đang cập nhật,0,0,0,6 lô đất nền xuất nội bộ dự án hưng định city giá ưu đãi,https://batdongsan.com.vn/ban-dat-nen-du-an-duong-ngo-gia-tu-phuong-binh-dinh-hung-dinh-city/6-lo-at-xuat-noi-bo-inh-uu-ai-pr45795552
Nhà,Căn hộ chung cư,Căn hộ chung cư,Thành phố Quy Nhơn,Không rõ,Thành phố. quy nhơn (phường. quy nhơn mới),2.2,33.84615384615385,65.0,0.0,0.0,Chưa xác định,Đang cập nhật,12,2,2,"Altara residence quy nhơn - căn hộ biển đã vận hành, khai thác ngay chỉ 2,2 tỷ/căn",https://batdongsan.com.vn/ban-can-ho-chung-cu-duong-tran-hung-dao-phuong-hai-cang-altara-residences/residence-quy-nhon-bien-a-van-hanh-khai-thac-ngay-chi-2-2-ty-can-pr45686545
Nhà,Căn hộ chung cư,Căn hộ chung cư,Thành phố Quy Nhơn,Không rõ,Thành phố. quy nhơn (phường. quy nhơn đông mới),1.43,26.48148148148148,54.0,0.0,0.0,Đông,Đang cập nhật,12,2,2,"Vina2 panorama view sông hà thanh, căn 2pn chỉ từ 1,42 tỷ",https://batdongsan.com.vn/ban-can-ho-chung-cu-phuong-nhon-binh-vina2-panorama/view-song-ha-thanh-2pn-chi-tu-1-42-ty-chi-con-vai-cuoi-pr45807651
Nhà,Căn hộ chung cư,Căn hộ chung cư,Thành phố Quy Nhơn,Không rõ,Thành phố. quy nhơn (phường. quy nhơn mới),2.2,47.21030042918455,46.6,0.0,0.0,Chưa xác định,Sổ đỏ,12,1,2,"Sở hữu căn hộ the sailing quy nhơn - 1pn giá 2,2 tỷ - nhận nhà 15/09/2026 - sổ đỏ lâu dài",https://batdongsan.com.vn/ban-can-ho-chung-cu-duong-le-duan-phuong-ly-thuong-kiet-1-the-sailing-quy-nhon/so-huu-1pn-gia-2-2-ty-nhan-nha-30-08-2026-so-o-lau-dai-pr45437546
Nhà,Căn hộ chung cư,Căn hộ chung cư,Thành phố Quy Nhơn,Không rõ,Thành phố. quy nhơn (phường. quy nhơn mới),3.48,53.53846153846154,65.0,0.0,0.0,Chưa xác định,Đang cập nhật,12,2,2,Cc cần ra sớm căn góc 2pn 65 m² simona heights (view biển + thành phố quy nhơn),https://batdongsan.com.vn/ban-can-ho-chung-cu-duong-tran-hung-dao-phuong-le-loi-5-simona-heights/goc-2pn-tang-20-65m-2-view-vinh-bien-thanh-pho-so-huu-lau-dai-pr43571394
Nhà,Căn hộ chung cư,Căn hộ chung cư,Thành phố Quy Nhơn,Không rõ,Thành phố. quy nhơn (phường. quy nhơn mới),1.93,32.166666666666664,60.0,0.0,0.0,Chưa xác định,Đang cập nhật,12,2,2,Ngân hàng thanh lý căn căn hộ altara quy nhơn giá siêu tốt. liên hệ ngay: 0903 601 ***,https://batdongsan.com.vn/ban-can-ho-chung-cu-duong-tran-hung-dao-phuong-hai-cang-altara-residences/tong-hop-cac-residence-quy-nhon-ban-gia-tot-lien-he-pr39980537
Đất,Đất nền/Đất ở,Đất nền dự án,Thành phố Quy Nhơn,Không rõ,Thành phố. quy nhơn (phường. quy nhơn đông mới),1.4,10.0,140.0,7.5,20.0,Đông,Đang cập nhật,0,0,0,"Bán lô đất thuộc khu đô thị nhơn hội new city. diện tích 140 m². giá bán 1,4 tỉ. giá tốt nhất khu",https://batdongsan.com.vn/ban-dat-nen-du-an-duong-so-19b-1-xa-nhon-ly-khu-do-thi-moi-nhon-hoi-new-city/ban-lo-goc-2-mat-tien-thuoc-kdt-quy-dien-tich-140m2-gia-1-55-ti-pr41622687
Nhà,Nhà mặt phố/Kinh doanh,Nhà mặt phố,Thành phố Quy Nhơn,Không rõ,Thành phố. quy nhơn (phường. quy nhơn nam mới),6.3,74.11764705882354,85.0,5.0,18.0,Nam,Đang cập nhật,3,3,3,"Bán dãy trọ mặt tiền Cần Vương giá chỉ 6,3 tỷ thu nhập ổn định hàng tháng",https://batdongsan.com.vn/ban-nha-mat-pho-duong-can-vuong-phuong-nguyen-van-cu-155/ban-day-tro-tien-gia-chi-6ty3-thu-nhap-on-inh-hang-thang-pr45806788
Nhà,Biệt thự/Nhà liền kề,Nhà biệt thự/liền kề,Thị xã An Nhơn,Không rõ,Tx. an nhơn (phường. bình định mới),3.6,36.0,100.0,7.0,20.0,Chưa xác định,Đang cập nhật,3,5,4,Bán liền kề dự án hưng định city - an nhơn diện tích đất 100 m² thuận lợi mở shop,https://batdongsan.com.vn/ban-nha-biet-thu-lien-ke-duong-ngo-gia-tu-phuong-binh-dinh-hung-dinh-city/ban-du-an-inh-sieu-hoi-3-6-ty-100m2-229m2-at-pr45725593
Nhà,Căn hộ chung cư,Căn hộ chung cư,Thành phố Quy Nhơn,Không rõ,Thành phố. quy nhơn (phường. quy nhơn nam mới),1.9,35.18518518518518,54.0,0.0,0.0,Nam,Đang cập nhật,12,2,2,Giỏ hàng nội bộ phú tài 2 - căn hộ cao cấp - trung tâm thành phố - tiện ích vượt trội - sở hữu lâu dài,https://batdongsan.com.vn/ban-can-ho-chung-cu-duong-hoang-van-thu-phuong-quang-trung-7-phu-tai-2-central-life/gio-hang-noi-bo-2-cao-cap-tam-tp-tien-ich-vuot-troi-so-huu-lau-dai-pr43365120
Nhà,Nhà mặt phố/Kinh doanh,Shophouse,Thị xã An Nhơn,Không rõ,Tx. an nhơn (phường. bình định mới),2.53,28.11111111111111,90.0,5.0,18.0,Chưa xác định,Đang cập nhật,3,3,3,Suất nhà phố nội bộ ưu đãi riêng tại dự án hưng định city,https://batdongsan.com.vn/ban-shophouse-nha-pho-thuong-mai-duong-ngo-gia-tu-phuong-binh-dinh-hung-dinh-city/xuat-noi-bo-uu-ai-rieng-tai-du-an-inh-city-pr45795860
Đất,Đất nền/Đất ở,Bán đất,Huyện Phù Cát,Không rõ,Huyện. phù cát (x. cát tiến mới),5.5,27.59658805820371,199.3,8.0,25.0,Chưa xác định,Đang cập nhật,0,0,0,"Bán đất mặt tiền đường Hoàng Sa, ven Biển Cát tiến. diện tích 199.3 m². giá chỉ 5,5 tỉ. rẻ nhất khu",https://batdongsan.com.vn/ban-dat-duong-hoang-sa-xa-cat-tien-149/ban-mat-ven-bien-dien-tich-200m2-gia-chi-5-5-ti-re-nhat-khu-pr45028966
Nhà,Nhà mặt phố/Kinh doanh,Shophouse,Thành phố Quy Nhơn,Không rõ,Thành phố. quy nhơn (phường. quy nhơn bắc mới),5.04,46.666666666666664,108.0,5.0,18.0,Bắc,Đang cập nhật,5,3,3,Full giá căn nhà 5 tầng view sông chỉ 5 tỷ! solera quy nhơn tung ưu đãi lớn dịp lễ 30/4,https://batdongsan.com.vn/ban-shophouse-nha-pho-thuong-mai-phuong-tran-quang-dieu-solera-quy-nhon/5-tang-cua-ngo-long-van-vua-o-vua-kinh-doanh-chi-tu-30tr-m2-pr45572325
Đất,Đất nền/Đất ở,Bán đất,Thành phố Quy Nhơn,Không rõ,Thành phố. quy nhơn (phường. quy nhơn đông mới),2.4,20.168067226890756,119.0,8.0,25.0,Đông,Đang cập nhật,0,0,0,Nhơn lý - kỳ co - eo gió: cơ hội đầu tư du lịch biển,https://batdongsan.com.vn/ban-dat-xa-nhon-ly/ky-co-eo-gio-co-hoi-au-tu-du-lich-bien-pr45458589
Đất,Đất nền/Đất ở,Đất nền dự án,Huyện Tuy Phước,Không rõ,Huyện. tuy phước (x. tuy phước mới),1.725,17.25,100.0,7.5,20.0,Chưa xác định,Đang cập nhật,0,0,0,Đất nền phú tài jade garden giá tốt trong phân khúc khu đô thị,https://batdongsan.com.vn/ban-dat-nen-du-an-duong-tang-bat-ho-thi-tran-dieu-tri-1-phu-tai-jade-garden/binh-dinh-gia-dot-dau-pr43209495
Nhà,Nhà mặt phố/Kinh doanh,Nhà mặt phố,Thành phố Quy Nhơn,Không rõ,Thành phố. quy nhơn (phường. quy nhơn mới),14.9,165.55555555555554,90.0,5.0,18.0,Chưa xác định,Đang cập nhật,5,3,3,"Siêu phẩm nhà đẹp 5 tầng 2 mặt tiền phố Bình Hà, view hồ sinh thái Đống Đa, diện tích 90 m²",https://batdongsan.com.vn/ban-nha-mat-pho-duong-binh-ha-phuong-dong-da-155/sieu-pham-dep-5-tang-2-tien-view-ho-sinh-thai-dt-90m2-pr44792899
Nhà,Căn hộ chung cư,Căn hộ chung cư,Thành phố Quy Nhơn,Không rõ,Thành phố. quy nhơn (phường. quy nhơn mới),2.6,44.827586206896555,58.0,0.0,0.0,Chưa xác định,Đang cập nhật,12,2,2,Căn hộ the salling quy nhơn sắp bàn giao giá tốt,https://batdongsan.com.vn/ban-can-ho-chung-cu-duong-le-duan-phuong-ly-thuong-kiet-1-the-sailing-quy-nhon/chinh-sach-moi-gia-tot-toa-a-salling-nhon-pr45750094
Nhà,Căn hộ chung cư,Căn hộ chung cư,Thành phố Quy Nhơn,Không rõ,Thành phố. quy nhơn (phường. quy nhơn mới),1.9,22.093023255813954,86.0,0.0,0.0,Chưa xác định,Đang cập nhật,12,3,2,Quy nhơn còn sót căn 3pn phú tài residence giá rẻ bất ngờ chỉ 2ty750,https://batdongsan.com.vn/ban-can-ho-chung-cu-duong-le-duc-tho-phuong-hai-cang-phu-tai-residence/quy-nhon-con-sot-3pn-gia-re-bat-ngo-chi-2ty750-pr45743081
Nhà,Căn hộ chung cư,Căn hộ chung cư,Thành phố Quy Nhơn,Không rõ,Thành phố. quy nhơn (phường. quy nhơn mới),2.3,51.111111111111114,45.0,0.0,0.0,Chưa xác định,Đang cập nhật,12,1,2,"Simona heights quy nhơn cách biển 200 m căn 1pn giá bán 2.3 tỷ, full nội thất, đơn vị vận hành bpmax",https://batdongsan.com.vn/ban-can-ho-chung-cu-duong-tran-hung-dao-phuong-le-loi-5-simona-heights/quy-nhon-bieu-tuong-song-dinh-cao-giua-long-pho-bien-pr43940578
Đất,Đất nền/Đất ở,Bán đất,Thành phố Quy Nhơn,Không rõ,Thành phố. quy nhơn (phường. quy nhơn đông mới),1.89,29.076923076923077,65.0,8.0,25.0,Đông,Đang cập nhật,0,0,0,[cơ hội đầu tư] quỹ đất view biển hòn khô nhơn hải,https://batdongsan.com.vn/ban-dat-xa-nhon-hai-1/co-hoi-au-tu-quy-at-view-bien-hon-kho-hai-pr45458655
Đất,Đất nền/Đất ở,Bán đất,Thành phố Quy Nhơn,Không rõ,Thành phố. quy nhơn (phường. quy nhơn đông mới),1.35,16.875,80.0,8.0,25.0,Đông,Đang cập nhật,0,0,0,"Mở bán lô đất ven biển xã nhơn lý, quy nhơn. diện tích 80 m². giá 1,35 tỉ. giá bán cam kết tốt nhất",https://batdongsan.com.vn/ban-dat-xa-nhon-ly/mo-ban-cac-lo-ven-bien-quy-dien-tich-phong-phu-gia-ban-cam-ket-tot-nhat-pr41659154
Đất,Đất nền/Đất ở,Đất nền dự án,Thành phố Quy Nhơn,Không rõ,Thành phố. quy nhơn (phường. quy nhơn đông mới),2.9,28.29268292682927,102.5,7.5,20.0,Đông,Đang cập nhật,0,0,0,Cần bán gấp nền đất tại b1 an phú thịnh giá tốt nhất thị trường. lh 0981 568 ***,https://batdongsan.com.vn/ban-dat-nen-du-an-duong-huynh-tan-phat-phuong-nhon-binh-khu-do-thi-an-phu-thinh/can-ban-cat-lo-nhieu-gia-re-nhat-truong-hien-nay-pr40961200
Nhà,Biệt thự/Nhà liền kề,Nhà biệt thự/liền kề,Huyện Phù Cát,Không rõ,Huyện. phù cát (x. cát tiến mới),9.5,44.39252336448598,214.0,7.0,20.0,Chưa xác định,Đang cập nhật,3,2,2,"Biệt thự 2pn 2wc giá ưu đãi tại ocean villas quy nhơn, 9,5 tỷ, 214 m2",https://batdongsan.com.vn/ban-nha-biet-thu-lien-ke-duong-quoc-lo-19b-xa-cat-tien-the-ocean-villas-quy-nhon/2pn-2wc-gia-uu-ai-tai-9-5-ty-214-m2-pr45559548
Đất,Đất nền/Đất ở,Đất nền dự án,Thành phố Quy Nhơn,Không rõ,Thành phố. quy nhơn (phường. quy nhơn đông mới),1.725,15.972222222222221,108.0,7.5,20.0,Đông,Đang cập nhật,0,0,0,Chính chủ bán lô đất biển flc luxcity quy nhơn. giá 850tr (đất + móng) cách biển 700 m,https://batdongsan.com.vn/ban-dat-nen-du-an-duong-quoc-lo-19b-xa-nhon-ly-flc-quy-nhon/chinh-chu-ban-bien-gia-1-2-ty-vao-cong-khach-san-cach-bien-700m-pr41872644
Đất,Đất nền/Đất ở,Bán đất,Thành phố Quy Nhơn,Không rõ,Thành phố. quy nhơn (phường. quy nhơn nam mới),5.9,62.10526315789474,95.0,8.0,25.0,Nam,Đang cập nhật,0,0,0,Chuyển nhượng lô góc khu đường Trạng Quỳnh - gara quyền,https://batdongsan.com.vn/ban-dat-duong-trang-quynh-phuong-quang-trung-7-155/chuyen-nhuong-lo-goc-khu-gara-quyen-pr44323956
Nhà,Căn hộ chung cư,Căn hộ chung cư,Thành phố Quy Nhơn,Không rõ,Thành phố. quy nhơn (phường. quy nhơn mới),2.6,37.142857142857146,70.0,0.0,0.0,Chưa xác định,Đang cập nhật,12,2,2,Căn góc altara quy nhơn tầng cao view biển 2tỷ600 full nội thất sỗ sẵn,https://batdongsan.com.vn/ban-can-ho-chung-cu-duong-tran-hung-dao-phuong-hai-cang-altara-residences/goc-quy-nhon-tang-cao-view-bien-2ty600-full-noi-that-so-san-pr45766222
Nhà,Căn hộ chung cư,Căn hộ chung cư,Thành phố Quy Nhơn,Không rõ,Thành phố. quy nhơn (phường. quy nhơn mới),1.79,29.34426229508197,61.0,0.0,0.0,Chưa xác định,Đang cập nhật,12,2,2,Bán thu hồi vốn căn hộ cao cấp altara view biển,https://batdongsan.com.vn/ban-can-ho-chung-cu-duong-tran-hung-dao-phuong-hai-cang-altara-residences/ban-lo-manh-cao-cap-view-bien-pr38720421
Nhà,Căn hộ chung cư,Căn hộ chung cư,Thành phố Quy Nhơn,Không rõ,Thành phố. quy nhơn (phường. quy nhơn mới),1.9,27.544215714699913,68.98,0.0,0.0,Chưa xác định,Sổ hồng,12,2,2,Với số vốn 960 triệu nhận ngay căn hộ cao cấp tại lỏi du lịch biển quy nhơn,https://batdongsan.com.vn/ban-can-ho-chung-cu-duong-tran-hung-dao-phuong-le-loi-5-simona-heights/voi-so-von-960-trieu-nhan-ngay-cao-cap-tai-du-lich-bien-quy-nhon-pr45230702
Nhà,Biệt thự/Nhà liền kề,Nhà biệt thự/liền kề,Thành phố Quy Nhơn,Không rõ,Thành phố. quy nhơn (phường. quy nhơn nam mới),5.5,61.111111111111114,90.0,7.0,20.0,Nam,Đang cập nhật,3,5,4,"Nhà phố xây sẵn, đất nền cách biển 500 m, sở hữu lâu dài, tiện ích đẳng cấp. pkd cdt 0906 147 ***",https://batdongsan.com.vn/ban-nha-biet-thu-lien-ke-duong-che-lan-vien-phuong-ghenh-rang-richmond-quy-nhon/dat-xay-san-dat-nen-cach-bien-300m-so-huu-lau-dai-tien-ich-dang-cap-pkd-cdt-pr39354893
Đất,Đất nền/Đất ở,Đất nền dự án,Thị xã An Nhơn,Không rõ,Tx. an nhơn (phường. an nhơn đông mới),2.7,21.6,125.0,7.5,20.0,Đông,Đang cập nhật,0,0,0,Dự án khu đô thị mới cẩm văn là dự án bất động sản mới của tỉnh bình định,https://batdongsan.com.vn/ban-dat-nen-du-an-duong-quoc-lo-1a-phuong-nhon-hung-1-khu-do-thi-moi-cam-van/o-la-bat-ong-san-cua-tinh-binh-inh-pr45621939
Nhà,Căn hộ chung cư,Căn hộ chung cư,Thành phố Quy Nhơn,Không rõ,Thành phố. quy nhơn (phường. quy nhơn nam mới),1.24,35.42857142857143,35.0,0.0,0.0,Nam,Đang cập nhật,12,2,2,Phú tài 2 central life quy nhơn - bảng hàng mới nhất,https://batdongsan.com.vn/ban-can-ho-chung-cu-duong-hoang-van-thu-phuong-quang-trung-7-phu-tai-2-central-life/nhuong-lai-gia-goc-2-quy-nhon-pr45239773
Nhà,Biệt thự/Nhà liền kề,Nhà biệt thự/liền kề,Thị xã An Nhơn,Không rõ,Tx. an nhơn (phường. bình định mới),2.5,27.77777777777778,90.0,7.0,20.0,Chưa xác định,Đang cập nhật,3,5,4,"Nhà liền kề phố chợ an nhơn 3 tầng 1 tum giá chỉ 2.5 tỷ đa dạng diện tích, vị trí",https://batdongsan.com.vn/ban-nha-biet-thu-lien-ke-duong-ngo-gia-tu-phuong-binh-dinh-hung-dinh-city/pho-cho-an-nhon-3-tang-1-tum-chi-2-5ty-a-dang-dien-tich-vi-tri-pr45484408
Đất,Đất nền/Đất ở,Bán đất,Thành phố Quy Nhơn,Không rõ,Thành phố. quy nhơn (phường. quy nhơn nam mới),4.74,30.0,158.0,8.0,25.0,Nam,Đang cập nhật,0,0,0,"Bán đất đường Trạng Quỳnh - khu gara quyền, chung cư lamer, giá chỉ 30trđ/m2. liên hệ 0935 739 ***",https://batdongsan.com.vn/ban-dat-duong-trang-quynh-phuong-quang-trung-7-155/ban-dau-gia-khu-gara-quyen-gia-24tr-m2-lien-he-pr40336803
Đất,Đất nền/Đất ở,Đất nền dự án,Thị xã An Nhơn,Không rõ,Tx. an nhơn (phường. an nhơn đông mới),3.81,28.014705882352942,136.0,7.5,20.0,Đông,Đang cập nhật,0,0,0,Chính chủ cần bán lô góc đất khu đơ 1 kdt cẩm văn nhơn hưng (cũ),https://batdongsan.com.vn/ban-dat-nen-du-an-duong-quoc-lo-1a-phuong-nhon-hung-1-khu-do-thi-moi-cam-van/chinh-chu-can-ban-at-g-cu-pr45671797
Đất,Đất nền/Đất ở,Bán đất,Thành phố Quy Nhơn,Không rõ,Thành phố. quy nhơn (phường. quy nhơn đông mới),5.0,34.72222222222222,144.0,8.0,25.0,Đông,Sổ đỏ,0,0,0,"Bán 2 lô góc chợ dinh - ecohome. ngang 7,4 m. sổ đỏ có sẵn, công chứng ngay",https://batdongsan.com.vn/ban-dat-duong-nguyen-dieu-phuong-nhon-binh-155/ban-2-lo-goc-cho-dinh-ecohome-ngang-7m-so-do-co-san-cong-chung-ngay-pr44343680
Nhà,Nhà mặt phố/Kinh doanh,Nhà mặt phố,Thành phố Quy Nhơn,Không rõ,Thành phố. quy nhơn (phường. quy nhơn tây mới),3.19,25.52,125.0,5.0,18.0,Tây,Đang cập nhật,3,3,3,Bán nhà mặt tiền công viên 508,https://batdongsan.com.vn/ban-nha-mat-pho-phuong-bui-thi-xuan-1/ban-tien-cong-vien-508-pr45731278
Đất,Đất nền/Đất ở,Bán đất,Thành phố Quy Nhơn,Không rõ,Thành phố. quy nhơn (phường. quy nhơn đông mới),1.5,10.0,150.0,8.0,25.0,Đông,Đang cập nhật,0,0,0,"Bán khu trung tâm hành chính mới nhơn hội (tđc nhơn phước), quy nhơn đông, diện tích 150 m² giá 10tr",https://batdongsan.com.vn/ban-dat-duong-21-1-xa-nhon-hoi-1-155/ban-khu-trung-tam-hanh-chinh-moi-t-c-phuoc-quy-ong-dien-tich-150m2-gia-10tr-pr45778355
Đất,Đất nền/Đất ở,Bán đất,Thành phố Quy Nhơn,Không rõ,Thành phố. quy nhơn (phường. quy nhơn mới),3.5,35.0,100.0,8.0,25.0,Chưa xác định,Đang cập nhật,0,0,0,Bán lô đất hà thanh giá tốt nhất thị trường,https://batdongsan.com.vn/ban-dat-phuong-dong-da/ban-lo-at-ha-thanh-gia-tot-nhat-thi-truong-pr45807940
Nhà,Nhà riêng/Trong hẻm,Nhà riêng,Thành phố Quy Nhơn,Không rõ,Thành phố. quy nhơn (phường. quy nhơn nam mới),3.95,98.75,40.0,4.5,13.0,Nam,Đang cập nhật,3,2,3,"Duy nhất 1c trung tâm biển nhà 3,5 mê đường nb 2 ô tô Hoàng Văn Thụ phường. Ngô Mây quy nhơn giá 3 tỷ x",https://batdongsan.com.vn/ban-nha-rieng-duong-hoang-van-thu-phuong-ngo-may-1-155/duy-nhat-1c-trung-tam-bien-3-5-me-nb-2-o-to-p-quy-nhon-gia-3-ty-xxz-pr44920832
Nhà,Căn hộ chung cư,Căn hộ chung cư,Thành phố Quy Nhơn,Không rõ,Thành phố. quy nhơn (phường. quy nhơn mới),3.4,58.21917808219178,58.4,0.0,0.0,Chưa xác định,Đang cập nhật,12,2,2,"Bán căn hộ chung cư tại the sailing quy nhơn, 3,4 tỷ, 58,4 m2, 2pn, 2wc",https://batdongsan.com.vn/ban-can-ho-chung-cu-duong-le-duan-phuong-ly-thuong-kiet-1-the-sailing-quy-nhon/ban-tai-3-4-ty-58-4-m2-2pn-2wc-pr45753210
Nhà,Nhà mặt phố/Kinh doanh,Nhà mặt phố,Thị xã An Nhơn,Không rõ,Tx. an nhơn (phường. bình định mới),2.5,27.77777777777778,90.0,5.0,18.0,Nam,Đang cập nhật,3,3,3,Nhà phố trung tâm an nhơn giá chỉ 2ty5,https://batdongsan.com.vn/ban-nha-mat-pho-duong-ngo-gia-tu-phuong-binh-dinh-hung-dinh-city/trung-tam-an-nhon-chi-2ty5-pr45795916
Nhà,Nhà mặt phố/Kinh doanh,Shophouse,Thành phố Quy Nhơn,Không rõ,Thành phố. quy nhơn (phường. quy nhơn bắc mới),4.0,53.333333333333336,75.0,5.0,18.0,Bắc,Đang cập nhật,3,3,3,Bán nhanh shophouse- nhà phố ngay trường liên cấp fpt quy nhơn giá chỉ 4 tỷxx/căn. lh: 0903 601 ***,https://batdongsan.com.vn/ban-shophouse-nha-pho-thuong-mai-phuong-tran-quang-dieu-iec-residences-quy-nhon/ban-nhanh-ngay-truong-lien-cap-fpt-gia-chi-4-tyxx-can-lh-pr45004332
Nhà,Nhà mặt phố/Kinh doanh,Nhà mặt phố,Thành phố Quy Nhơn,Không rõ,Thành phố. quy nhơn (phường. quy nhơn nam mới),6.1,98.38709677419355,62.0,5.0,18.0,Nam,Đang cập nhật,3,3,3,"(ngon) bán nhà mặt tiền kinh doanh Xuân Thủy quy nhơn nam, 62 m², 6 tỷ xíu, gần chung Hoàng Văn Thụ",https://batdongsan.com.vn/ban-nha-mat-pho-duong-xuan-thuy-phuong-quang-trung-7-155/ngon-ban-tien-kinh-doanh-quy-nhon-nam-62m2-6-ty-xiu-gan-chung-hoang-van-thu-pr45313458
Nhà,Căn hộ chung cư,Căn hộ chung cư,Thành phố Quy Nhơn,Không rõ,Thành phố. quy nhơn (phường. quy nhơn mới),2.49,35.070422535211264,71.0,0.0,0.0,Chưa xác định,Đang cập nhật,12,2,2,Duy nhất căn góc mã căn 11 altara quy nhơn giá chỉ 2 tỷ 492 triệu - rẻ nhất thị trường,https://batdongsan.com.vn/ban-can-ho-chung-cu-duong-tran-hung-dao-phuong-hai-cang-altara-residences/duy-nhat-goc-ma-11-quy-nhon-gia-chi-2-ty-492-trieu-re-nhat-thi-truong-pr45772964
Nhà,Căn hộ chung cư,Căn hộ chung cư,Thành phố Quy Nhơn,Không rõ,Thành phố. quy nhơn (phường. quy nhơn nam mới),3.2,38.095238095238095,84.0,0.0,0.0,Nam,Đang cập nhật,12,3,2,Căn góc 3pn - 2wc - view biển - giá chỉ 3 tỷ 2 - mã căn: 16 - căn hộ phú tài central life -giảm 10%,https://batdongsan.com.vn/ban-can-ho-chung-cu-duong-hoang-van-thu-phuong-quang-trung-7-phu-tai-2-central-life/goc-3pn-2wc-view-bien-gia-chi-3-ty-2-ma-16-giam-10-pr45320924
Nhà,Nhà mặt phố/Kinh doanh,Nhà mặt phố,Thành phố Quy Nhơn,Không rõ,Thành phố. quy nhơn (phường. quy nhơn nam mới),11.0,91.66666666666667,120.0,5.0,18.0,Nam,Đang cập nhật,5,6,6,"Bán nhà mặt phố 532b Nguyễn Thái Học, 11 tỷ, 120 m², 6pn, 6wc, 5 tầng",https://batdongsan.com.vn/ban-nha-mat-pho-duong-nguyen-thai-hoc-phuong-quang-trung-7-155/ban-532b-11-ty-120m2-6pn-6wc-5-tang-pr45770297
Đất,Đất nền/Đất ở,Đất nền dự án,Thị xã An Nhơn,Không rõ,Tx. an nhơn (phường. an nhơn đông mới),2.8,22.4,125.0,7.5,20.0,Đông,Đang cập nhật,0,0,0,"Bán đất nền dự án tại khu đô thị mới cẩm văn giá ưu đãi, hot nhất thị trường hiện nay",https://batdongsan.com.vn/ban-dat-nen-du-an-duong-quoc-lo-1a-phuong-nhon-hung-1-khu-do-thi-moi-cam-van/ban-at-tai-o-gia-uu-ai-hot-nhat-truong-hien-nay-pr45638216
Nhà,Căn hộ chung cư,Căn hộ chung cư,Thành phố Quy Nhơn,Không rõ,Thành phố. quy nhơn (phường. quy nhơn mới),2.0,30.76923076923077,65.0,0.0,0.0,Chưa xác định,Đang cập nhật,12,2,2,Bán căn hộ 2pn phú tài residence tốt nhất giá chỉ 30 tr/m2 full nội thất chỉ với 2 tỷ,https://batdongsan.com.vn/ban-can-ho-chung-cu-duong-le-duc-tho-phuong-hai-cang-phu-tai-residence/ban-2pn-tot-nhat-gia-chi-30-tr-m2-full-noi-that-chi-voi-2-ty-pr45768977
Nhà,Căn hộ chung cư,Căn hộ chung cư,Thành phố Quy Nhơn,Không rõ,Thành phố. quy nhơn (phường. quy nhơn mới),2.9,48.333333333333336,60.0,0.0,0.0,Chưa xác định,Đang cập nhật,12,2,2,Rẻ nhất hàng chủ đầu tư căn hộ the sailing quy nhơn căn 2pn giá 2.9 tỷ,https://batdongsan.com.vn/ban-can-ho-chung-cu-duong-le-duan-phuong-ly-thuong-kiet-1-the-sailing-quy-nhon/gio-hang-cat-lo-tu-200-400-trieu-bien-view-bien-truc-dien-pr39975514
Nhà,Căn hộ chung cư,Căn hộ chung cư,Thành phố Quy Nhơn,Không rõ,Thành phố. quy nhơn (phường. quy nhơn đông mới),1.52,22.028985507246375,69.0,0.0,0.0,Đông,Đang cập nhật,12,2,2,Căn hộ ecolife riverside - giải pháp an cư tại quy nhơn với vốn sẵn có từ 400tr,https://batdongsan.com.vn/ban-can-ho-chung-cu-duong-dien-bien-phu-phuong-nhon-binh-ecolife-riverside/giai-phap-an-tai-quy-voi-von-san-co-tu-4ootr-pr45471420
Đất,Đất nền/Đất ở,Đất nền dự án,Thị xã An Nhơn,Không rõ,Tx. an nhơn (phường. an nhơn đông mới),2.81,22.48,125.0,7.5,20.0,Đông,Đang cập nhật,0,0,0,Cắt lỗ lô đất mặt tiền đường lê lai khu cẩm văn nhơn hưng an nhơn,https://batdongsan.com.vn/ban-dat-nen-du-an-duong-quoc-lo-1a-phuong-nhon-hung-1-khu-do-thi-moi-cam-van/cat-lo-at-mat-tien-uong-le-lai-nhon-pr45621736
Nhà,Căn hộ chung cư,Căn hộ chung cư,Thành phố Quy Nhơn,Không rõ,Thành phố. quy nhơn (phường. quy nhơn mới),3.6,51.42857142857143,70.0,0.0,0.0,Chưa xác định,Đang cập nhật,12,2,2,"Còn 1 căn cuối cùng - căn 2pn - tầng 25, view biển - bàn giao full nội thất - simona heights",https://batdongsan.com.vn/ban-can-ho-chung-cu-duong-tran-hung-dao-phuong-le-loi-5-simona-heights/2pn-tang-25-view-truc-dien-bien-ban-giao-full-noi-that-free-3-nam-pql-heights-pr45730142
Đất,Đất nền/Đất ở,Bán đất,Thành phố Quy Nhơn,Không rõ,Thành phố. quy nhơn (phường. quy nhơn đông mới),2.74,36.05263157894737,76.0,8.0,25.0,Đông,Đang cập nhật,0,0,0,"Bán đất tđc đê đông ngay sát chung cư an phú thịnh, quy nhơn. diện tích 76 m². giá cực rẻ chỉ 2,74 tỉ",https://batdongsan.com.vn/ban-dat-duong-quoc-lo-19-phuong-nhon-binh-155/ban-at-t-c-e-ong-ngay-sat-chung-cu-an-phu-thinh-quy-dien-tich-76-gia-cuc-re-chi-2-74-ti-pr45718814
Nhà,Căn hộ chung cư,Căn hộ chung cư,Thành phố Quy Nhơn,Không rõ,Thành phố. quy nhơn (phường. quy nhơn mới),3.0,50.0,60.0,0.0,0.0,Chưa xác định,Đang cập nhật,12,2,2,"Chính chủ cần bán căn hộ sailing quy nhơn, 2pn view trực diện biển, giá thương lượng",https://batdongsan.com.vn/ban-can-ho-chung-cu-duong-le-duan-phuong-ly-thuong-kiet-1-the-sailing-quy-nhon/mo-ban-toa-a-chiet-khau-28-pr35119539
Nhà,Căn hộ chung cư,Căn hộ chung cư,Thành phố Quy Nhơn,Không rõ,Thành phố. quy nhơn (phường. quy nhơn mới),2.3,48.93617021276596,47.0,0.0,0.0,Chưa xác định,Đang cập nhật,12,2,2,"[ngoại giao] rẻ nhất dự án. vị trí độc tôn, siêu lợi nhuận. mua ở, đầu tư, tích sản. lh: 0934 136 ***",https://batdongsan.com.vn/ban-can-ho-chung-cu-duong-le-duan-phuong-ly-thuong-kiet-1-the-sailing-quy-nhon/ngoai-giao-re-nhat-du-an-vi-tri-oc-ton-sieu-loi-nhuan-mua-o-au-tu-tich-san-lh-pr45758263
Nhà,Biệt thự/Nhà liền kề,Nhà biệt thự/liền kề,Thị xã An Nhơn,Không rõ,Tx. an nhơn (phường. bình định mới),5.0,33.333333333333336,150.0,7.0,20.0,Chưa xác định,Đang cập nhật,3,5,4,"Bán bt hưng định city, 5 tỷ, 150 m², chính chủ giá ưu đãi",https://batdongsan.com.vn/ban-nha-biet-thu-lien-ke-duong-ngo-gia-tu-phuong-binh-dinh-hung-dinh-city/ban-bt-inh-5-ty-150m2-chinh-chu-uu-ai-pr45684179
Nhà,Nhà riêng/Trong hẻm,Nhà riêng,Thành phố Quy Nhơn,Không rõ,Thành phố. quy nhơn (phường. quy nhơn đông mới),4.0,49.382716049382715,81.0,4.5,13.0,Đông,Đang cập nhật,3,2,3,Bán nhà sổ sách chính chủ giấy tờ hợp pháp lí đầy đủ,https://batdongsan.com.vn/ban-nha-rieng-pho-su-doan-3-sao-vang-phuong-nhon-binh-155/ban-so-sach-chinh-chu-giay-to-hop-phap-li-ay-u-pr45780997
Nhà,Căn hộ chung cư,Căn hộ chung cư,Thành phố Quy Nhơn,Không rõ,Thành phố. quy nhơn (phường. quy nhơn đông mới),1.16,17.575757575757574,66.0,0.0,0.0,Đông,Sổ hồng,12,2,2,Giá sốc chỉ từ 350 triệu sở hữu ngay căn hộ sổ hồng 2pn gần trung tâm hành chính mới của tỉnh,https://batdongsan.com.vn/ban-can-ho-chung-cu-duong-vo-nguyen-giap-phuong-nhon-binh-khu-do-thi-an-phu-thinh/gia-soc-chi-tu-312-trieu-so-huu-ngay-garden-tower-toa-thuong-mai-pr43164887
Nhà,Căn hộ chung cư,Căn hộ chung cư,Thành phố Quy Nhơn,Không rõ,Thành phố. quy nhơn (phường. quy nhơn mới),2.47,38.0,65.0,0.0,0.0,Chưa xác định,Đang cập nhật,12,2,2,Simona heights quy nhơn căn hộ gần biển 2pn diện tích 65 m² giá chỉ 38tr/m2 và bàn giao quý iv/2026,https://batdongsan.com.vn/ban-can-ho-chung-cu-phuong-le-loi-5-simona-heights/quy-nhon-bieu-tuong-song-dinh-cao-giua-long-pho-bien-pr43940491
Nhà,Biệt thự/Nhà liền kề,Nhà biệt thự/liền kề,Thị xã An Nhơn,Không rõ,Tx. an nhơn (phường. bình định mới),3.96,22.0,180.0,7.0,20.0,Đông,Đang cập nhật,3,5,4,Xuất nội bộ biệt thự hướng đông đối diện hồ điều hoà dự án hưng định city,https://batdongsan.com.vn/ban-nha-biet-thu-lien-ke-duong-ngo-gia-tu-phuong-binh-dinh-hung-dinh-city/xuat-noi-bo-huong-ong-oi-dien-ho-ieu-hoa-du-an-inh-city-pr45805610
Nhà,Căn hộ chung cư,Căn hộ chung cư,Thành phố Quy Nhơn,Không rõ,Thành phố. quy nhơn (phường. quy nhơn đông mới),1.3,20.3125,64.0,0.0,0.0,Đông,Đang cập nhật,12,2,2,"Bán gấp căn hộ ecolife quy nhơn 2pn nội thất cơ bản, sổ sẵn giá tốt",https://batdongsan.com.vn/ban-can-ho-chung-cu-duong-dien-bien-phu-phuong-nhon-binh-ecolife-riverside/ban-gap-quy-2pn-noi-that-co-ban-so-san-gia-tot-pr45747845
Đất,Đất nền/Đất ở,Đất nền dự án,Huyện Tuy Phước,Không rõ,Huyện. tuy phước (x. tuy phước mới),1.2,12.0,100.0,7.5,20.0,Chưa xác định,Đang cập nhật,0,0,0,Đất nền diêu trì chỉ 1.2 tỷ/nền - hàng nội bộ 2026,https://batdongsan.com.vn/ban-dat-nen-du-an-duong-tang-bat-ho-thi-tran-dieu-tri-1-phu-tai-jade-garden/nien-chi-tu-1-2-ty-gio-hang-noi-bo-2025-pr43420863
Nhà,Nhà mặt phố/Kinh doanh,Nhà mặt phố,Thành phố Quy Nhơn,Không rõ,Thành phố. quy nhơn (phường. quy nhơn nam mới),7.0,108.35913312693499,64.6,5.0,18.0,Nam,Đang cập nhật,3,3,3,"Bán nhà mặt tiền - 3 tầng kiên cố, trung tâm thành phố. quy nhơn, vị trí kinh doanh tốt",https://batdongsan.com.vn/ban-nha-mat-pho-duong-tran-thi-ly-phuong-ghenh-rang-155/ban-tien-3-tang-kien-co-trung-tam-tp-quy-nhon-vi-tri-kinh-doanh-tot-pr45352178
Nhà,Căn hộ chung cư,Căn hộ chung cư,Thành phố Quy Nhơn,Không rõ,Thành phố. quy nhơn (phường. quy nhơn mới),1.45,31.52173913043478,46.0,0.0,0.0,Chưa xác định,Đang cập nhật,12,1,2,Chuyên bán căn hộ phú tài residence - 1pn| giá chỉ từ 1tỷ45/căn,https://batdongsan.com.vn/ban-can-ho-chung-cu-duong-le-duc-tho-phuong-hai-cang-phu-tai-residence/ban-2pn2wc-72m2-gia-1-780-ty-full-noi-that-pr38719040
Nhà,Căn hộ chung cư,Căn hộ chung cư,Thành phố Quy Nhơn,Không rõ,Thành phố. quy nhơn (phường. quy nhơn mới),3.09,51.5,60.0,0.0,0.0,Chưa xác định,Đang cập nhật,12,2,2,Một căn góc tầng cao đẹp - view công viên - biển - đầm - giá chưa tới 3.1 tỷ,https://batdongsan.com.vn/ban-can-ho-chung-cu-duong-le-duan-phuong-ly-thuong-kiet-1-the-sailing-quy-nhon/mot-goc-tang-cao-ep-view-cong-vien-bien-am-gia-chua-toi-3-1-ty-pr45610695
Đất,Đất nền/Đất ở,Đất nền dự án,Thành phố Quy Nhơn,Không rõ,Thành phố. quy nhơn (phường. quy nhơn đông mới),1.32,16.5,80.0,7.5,20.0,Đông,Đang cập nhật,0,0,0,Chủ cần tiền bán xả lỗ cực kỳ sâu lô đất pk2 nhơn hội new city,https://batdongsan.com.vn/ban-dat-nen-du-an-duong-so-19b-1-xa-nhon-ly-khu-do-thi-moi-nhon-hoi-new-city/chu-can-tien-ban-lo-cuc-ky-sau-lo-at-pk2-city-pr45265280
Đất,Đất nền/Đất ở,Đất nền dự án,Thành phố Quy Nhơn,Không rõ,Thành phố. quy nhơn (phường. quy nhơn đông mới),2.96,27.66355140186916,107.0,7.5,20.0,Đông,Đang cập nhật,0,0,0,Chính chủ bán lô góc liền kề đẹp nhất phân khu 2 nhơn hội new city phường quy nhơn đông,https://batdongsan.com.vn/ban-dat-nen-du-an-duong-so-19b-1-xa-nhon-ly-khu-do-thi-moi-nhon-hoi-new-city/chinh-chu-ban-lo-goc-lien-ke-dep-nhat-phan-2-phuong-quy-dong-pr44043030
Nhà,Biệt thự/Nhà liền kề,Nhà biệt thự/liền kề,Thành phố Quy Nhơn,Không rõ,Thành phố. quy nhơn (phường. quy nhơn đông mới),3.5,55.55555555555556,63.0,7.0,20.0,Đông,Đang cập nhật,3,5,4,"Bán nhanh - bán rẻ. từ 3,5 tỷ cho căn 3,5 tầng, tại kđt đại phú gia. mua ở, đầu tư. lh: 0934 136 ***",https://batdongsan.com.vn/ban-nha-biet-thu-lien-ke-duong-quoc-lo-19-phuong-nhon-binh-khu-biet-thu-dai-phu-gia/ban-nhanh-ban-re-tu-3-5-ty-cho-can-3-5-tang-tai-k-t-ai-mua-o-au-tu-lh-pr45758471
Nhà,Nhà mặt phố/Kinh doanh,Nhà mặt phố,Thành phố Quy Nhơn,Không rõ,Thành phố. quy nhơn (phường. quy nhơn nam mới),4.89,122.25,40.0,5.0,18.0,Nam,Đang cập nhật,3,3,3,"Bán nhà 3 mê mặt tiền kinh doanh lộ giới rộng 16 m, phường. Ghềnh Ráng, gần biển quy nhơn, giá 4 tỷ xxz",https://batdongsan.com.vn/ban-nha-mat-pho-phuong-ghenh-rang/ban-3-me-tien-kinh-doanh-lo-gioi-rong-16m-p-gan-bien-quy-nhon-gia-4-ty-xxz-pr45207638
Đất,Đất nền/Đất ở,Đất nền dự án,Thị xã An Nhơn,Không rõ,Tx. an nhơn (phường. an nhơn đông mới),2.5,20.0,125.0,7.5,20.0,Đông,Đang cập nhật,0,0,0,"Đất khu đô thị cẩm văn, phường an nhơn đông",https://batdongsan.com.vn/ban-dat-nen-du-an-duong-quoc-lo-1a-phuong-nhon-hung-1-khu-do-thi-moi-cam-van/at-o-ong-pr45622070
Nhà,Nhà mặt phố/Kinh doanh,Shophouse,Thành phố Quy Nhơn,Không rõ,Thành phố. quy nhơn (phường. quy nhơn đông mới),4.0,44.44444444444444,90.0,5.0,18.0,Đông,Đang cập nhật,3,3,3,"Bán căn góc shophouse tại homliday eo gió, 4 tỷ, 90 m², giá ưu đãi hàng hiếm",https://batdongsan.com.vn/ban-shophouse-nha-pho-thuong-mai-duong-quoc-lo-19b-xa-nhon-ly-flc-quy-nhon/ban-tai-homliday-eo-gio-4-ty-90m2-gia-uu-ai-hang-hiem-pr45450759
Nhà,Căn hộ chung cư,Căn hộ chung cư,Thành phố Quy Nhơn,Không rõ,Thành phố. quy nhơn (phường. quy nhơn mới),2.1,32.06106870229008,65.5,0.0,0.0,Đông,Đang cập nhật,12,2,2,Sót lại căn hộ 2 phòng ngủ 2 tỷ 100 tr giá tốt nhất altara quy nhơn view biển hướng đông nam,https://batdongsan.com.vn/ban-can-ho-chung-cu-duong-tran-hung-dao-phuong-hai-cang-altara-residences/sot-lai-2-phong-ngu-gia-tot-nhat-quy-nhon-tang-cao-view-bien-huong-ong-nam-pr45369238
Nhà,Nhà mặt phố/Kinh doanh,Shophouse,Thành phố Quy Nhơn,Không rõ,Thành phố. quy nhơn (phường. quy nhơn nam mới),7.0,41.42011834319526,169.0,5.0,18.0,Nam,Sổ hồng,3,3,3,Bán shophouse phú tài centrallife sổ hồng lâu dài,https://batdongsan.com.vn/ban-shophouse-nha-pho-thuong-mai-duong-hoang-van-thu-phuong-quang-trung-7-phu-tai-2-central-life/ban-centrallife-so-hong-lau-dai-pr43062358
Đất,Đất nền/Đất ở,Bán đất,Thành phố Quy Nhơn,Không rõ,Thành phố. quy nhơn (phường. quy nhơn đông mới),1.0,10.0,100.0,8.0,25.0,Đông,Đang cập nhật,0,0,0,Cập nhật hàng giá rẻ khu tái định cư khe đá nhơn hội,https://batdongsan.com.vn/ban-dat-duong-quoc-lo-19b-xa-nhon-hoi-1-155/cap-nhat-gio-hang-gia-re-khu-tai-dinh-cu-khe-da-hoi-pr42494734
Nhà,Căn hộ chung cư,Căn hộ chung cư,Thành phố Quy Nhơn,Không rõ,Thành phố. quy nhơn (phường. quy nhơn nam mới),1.1,15.714285714285714,70.0,0.0,0.0,Nam,Sổ hồng,12,2,2,"Bán cc 2pn 2wc tại Xuân Thủy, Quang Trung, quy nhơn, 1,1 tỷ, 70 m² sổ hồng công chứng ngay",https://batdongsan.com.vn/ban-can-ho-chung-cu-duong-xuan-thuy-phuong-quang-trung-7-chung-cu-hoang-van-thu-quy-nhon/ban-cc-2pn-2wc-tai-1-1-ty-70m2-so-hong-cong-ngay-pr45791415
Nhà,Nhà mặt phố/Kinh doanh,Nhà mặt phố,Thành phố Quy Nhơn,Không rõ,Thành phố. quy nhơn (phường. quy nhơn mới),7.59,154.89795918367346,49.0,5.0,18.0,Chưa xác định,Đang cập nhật,3,3,3,"Siu phẩm nhà 3 mê đẹp mặt tiền kinh doanh phường Lê Lợi cách biển quy nhơn 300 m, giá nhỉn 7 tê xx",https://batdongsan.com.vn/ban-nha-mat-pho-phuong-le-loi-5/siu-pham-3-me-ep-tien-kinh-doanh-cach-bien-quy-nhon-300m-gia-nhin-7-te-xx-pr45755792
Đất,Đất nền/Đất ở,Bán đất,Thành phố Quy Nhơn,Không rõ,Thành phố. quy nhơn (phường. quy nhơn nam mới),5.2,45.21739130434783,115.0,8.0,25.0,Nam,Đang cập nhật,0,0,0,"Bán nhanh lô đất phường quy nhơn nam, ngay kđt kim cúc quy nhơn",https://batdongsan.com.vn/ban-dat-phuong-nguyen-van-cu/ban-nhanh-lo-at-quy-nhon-nam-k-t-kim-cuc-quy-nhon-pr45583587
Nhà,Nhà mặt phố/Kinh doanh,Nhà mặt phố,Thành phố Quy Nhơn,Không rõ,Thành phố. quy nhơn (phường. quy nhơn đông mới),2.67,60.68181818181818,44.0,5.0,18.0,Đông,Đang cập nhật,3,3,3,"(rẻ) bán nhanh nhà chỉ 2. xtỷ, mặt tiền Phan Thúc Trực lộ giới 16 m gần sông hà thanh quy nhơn",https://batdongsan.com.vn/ban-nha-mat-pho-duong-phan-thuc-truc-phuong-quang-trung-7-155/ban-tien-tam-quy-nhon-chi-nhin-2ty3x-p-gan-cho-xom-tiu-pr45061496
Nhà,Biệt thự/Nhà liền kề,Nhà biệt thự/liền kề,Thị xã An Nhơn,Không rõ,Tx. an nhơn (phường. bình định mới),2.8,31.11111111111111,90.0,7.0,20.0,Chưa xác định,Đang cập nhật,3,5,4,"Hưng định city- nơi đáng sống,đáng đầu tư giữa lòng an nhơn",https://batdongsan.com.vn/ban-nha-biet-thu-lien-ke-duong-ngo-gia-tu-phuong-binh-dinh-hung-dinh-city/inh-noi-ang-song-ang-au-giua-long-an-nhon-pr45725014
Nhà,Căn hộ chung cư,Căn hộ chung cư,Thành phố Quy Nhơn,Không rõ,Thành phố. quy nhơn (phường. quy nhơn mới),1.9,26.98863636363636,70.4,0.0,0.0,Chưa xác định,Đang cập nhật,12,2,2,Căn góc 2pn chỉ thanh toán 2.2 tỷ - giá tốt nhất dự án,https://batdongsan.com.vn/ban-can-ho-chung-cu-duong-nguyen-tat-thanh-phuong-ly-thuong-kiet-1-grand-center-quy-nhon/goc-2pn-gia-hop-ong-2-9-ban-2-2-ty-gia-tot-nhat-pr45642198
Đất,Đất nền/Đất ở,Đất nền dự án,Thị xã Hoài Nhơn,Không rõ,Tx. hoài nhơn (phường. hoài nhơn nam mới),1.13,17.384615384615383,65.0,7.5,20.0,Nam,Đang cập nhật,0,0,0,"Kđt đầu tiên của bồng sơn chinh thức ra sổ! hạ tầng hoàn thiện, nâng tầm chuẩn sống",https://batdongsan.com.vn/ban-dat-nen-du-an-xa-hoai-tan-phuc-gia-tan/k-t-au-tien-cua-bong-son-chinh-thuc-ra-so-ha-tang-hoan-thien-nang-tam-chuan-song-pr45650151
Nhà,Nhà mặt phố/Kinh doanh,Nhà mặt phố,Thành phố Quy Nhơn,Không rõ,Thành phố. quy nhơn (phường. quy nhơn mới),6.49,99.84615384615384,65.0,5.0,18.0,Chưa xác định,Đang cập nhật,3,3,3,"Bán nhà 3 mê ôm góc 2 mặt tiền gần ỷ lan quy nhơn, 65,2 m², giá chỉ 6 tỷ 4xz +gần ỷ lan chợ đầm",https://batdongsan.com.vn/ban-nha-mat-pho-phuong-thi-nai/ban-3-me-om-goc-2-tien-gan-y-lan-quy-nhon-65-2m2-gia-chi-6-ty-4xz-gan-y-lan-cho-am-pr45692889
Nhà,Căn hộ chung cư,Căn hộ chung cư,Thành phố Quy Nhơn,Không rõ,Thành phố. quy nhơn (phường. quy nhơn mới),3.1,35.42857142857143,87.5,0.0,0.0,Chưa xác định,Sổ hồng,12,3,2,"3,1 tỷ giá rẻ vô địch căn 3pn góc hướng biển sổ hồng lâu dài tặng gói phí ql 3 năm lh 0332 428 ***",https://batdongsan.com.vn/ban-can-ho-chung-cu-phuong-le-loi-5-simona-heights/chi-thanh-toan-1-tuong-uong-29-trieu-moi-thang-2pn-re-nhat-gio-hang-oc-quyen-pr45328175
Nhà,Căn hộ chung cư,Căn hộ chung cư,Thành phố Quy Nhơn,Không rõ,Thành phố. quy nhơn (phường. quy nhơn mới),3.2,48.484848484848484,66.0,0.0,0.0,Chưa xác định,Đang cập nhật,12,2,2,Còn duy nhất 1 căn 2pn view biển tầng cao mà giá lại quá tốt - bàn giao 2026,https://batdongsan.com.vn/ban-can-ho-chung-cu-duong-le-duan-phuong-ly-thuong-kiet-1-the-sailing-quy-nhon/co-vi-tri-dep-nhat-so-huu-so-do-lau-dai-ban-giao-2026-pr43192710
Nhà,Căn hộ chung cư,Căn hộ chung cư,Thành phố Quy Nhơn,Không rõ,Thành phố. quy nhơn (phường. quy nhơn mới),2.9,33.72093023255814,86.0,0.0,0.0,Chưa xác định,Đang cập nhật,12,3,2,Một căn phú tài residence 3pn full nội thất giá chỉ 2 tỷ 900 - tầng cao view đẹp,https://batdongsan.com.vn/ban-can-ho-chung-cu-duong-le-duc-tho-phuong-hai-cang-phu-tai-residence/mot-3pn-full-noi-that-gia-chi-2-ty-750-pr45595047
Nhà,Nhà mặt phố/Kinh doanh,Nhà mặt phố,Thành phố Quy Nhơn,Không rõ,Thành phố. quy nhơn (phường. quy nhơn nam mới),5.6,136.58536585365854,41.0,5.0,18.0,Nam,Đang cập nhật,3,3,3,Bán nhà mặt tiền Nguyễn Thị Minh Khai quy nhơn- nguyễn văn cừ,https://batdongsan.com.vn/ban-nha-mat-pho-duong-nguyen-thi-minh-khai-phuong-nguyen-van-cu-155/ban-tien-quy-nhon-cu-pr45119725
Nhà,Căn hộ chung cư,Căn hộ chung cư,Thành phố Quy Nhơn,Không rõ,Thành phố. quy nhơn (phường. quy nhơn nam mới),1.25,35.714285714285715,35.0,0.0,0.0,Nam,Đang cập nhật,12,2,2,Chuyển nhượng căn hộ phú tài central life - giá 1tỷ250triệu - sổ sẵn lâu dài - tặng gói nội thất,https://batdongsan.com.vn/ban-can-ho-chung-cu-duong-hoang-van-thu-phuong-quang-trung-7-phu-tai-2-central-life/chuyen-nhuong-so-san-lau-dai-quy-4-2025-nhan-nha-pr44108210
Nhà,Nhà riêng/Trong hẻm,Nhà riêng,Thành phố Quy Nhơn,Không rõ,Thành phố. quy nhơn (phường. quy nhơn nam mới),3.79,86.13636363636364,44.0,4.5,13.0,Nam,Đang cập nhật,3,2,3,"Bán nhà riêng tại Ngô Đức Đệ, phường nguyễn văn cừ, thành phố quy nhơn, giá tốt, view đẹp, 44 m²",https://batdongsan.com.vn/ban-nha-rieng-duong-ngo-duc-de-phuong-nguyen-van-cu-155/ban-tai-uc-e-p-tp-quy-nhon-gia-tot-view-ep-44m2-pr45667983
Đất,Đất nền/Đất ở,Bán đất,Thành phố Quy Nhơn,Không rõ,Thành phố. quy nhơn (phường. quy nhơn đông mới),2.85,63.333333333333336,45.0,8.0,25.0,Đông,Đang cập nhật,0,0,0,Cần bán gấp lô đất mặt tiền lê đình lý quy nhơn đông,https://batdongsan.com.vn/ban-dat-duong-le-dinh-ly-phuong-nhon-binh-155/can-ban-gap-lo-at-mat-tien-inh-quy-ong-pr45654806
Nhà,Căn hộ chung cư,Căn hộ chung cư,Thành phố Quy Nhơn,Không rõ,Thành phố. quy nhơn (phường. quy nhơn mới),2.68,41.23076923076923,65.0,0.0,0.0,Chưa xác định,Đang cập nhật,12,2,2,Căn hộ hạng sang simona heights quy nhơn - 2 phòng ngủ 2.68 tỷ - thanh toán 600 triệu nhận nhà,https://batdongsan.com.vn/ban-can-ho-chung-cu-phuong-le-loi-5-simona-heights/hang-sang-quy-nhon-2-phong-ngu-tu-2-68-ty-thanh-toan-600-trieu-nhan-nha-pr45253487
Nhà,Căn hộ chung cư,Căn hộ chung cư,Thành phố Quy Nhơn,Không rõ,Thành phố. quy nhơn (phường. quy nhơn nam mới),2.08,35.55555555555556,58.5,0.0,0.0,Nam,Đang cập nhật,12,2,2,"Bán căn hộ 2pn 2wc phú tài 2 central life, giá rẻ nhất 2 tỷ 080tr. 0935 739 *** mr quang dũng",https://batdongsan.com.vn/ban-can-ho-chung-cu-duong-hoang-van-thu-phuong-quang-trung-7-phu-tai-2-central-life/ban-2pn-2wc-2-gia-re-nhat-1-ty-950trd-mr-dung-pr43764677
Nhà,Căn hộ chung cư,Căn hộ chung cư,Thành phố Quy Nhơn,Không rõ,Thành phố. quy nhơn (phường. quy nhơn mới),2.43,35.22760220353725,68.98,0.0,0.0,Chưa xác định,Sổ hồng,29,2,2,"Độc quyền giỏ hàng chủ đầu tư căn hộ 2pn giá chỉ từ 2,4 tỷ - tiềm năng tăng giá 30% sau bàn giao",https://batdongsan.com.vn/ban-can-ho-chung-cu-duong-tran-hung-dao-phuong-le-loi-5-simona-heights/oc-quyen-gio-hang-chu-au-tu-2pn-gia-chi-tu-2-4-ty-tiem-nang-tang-gia-30-sau-ban-giao-pr45672312
Đất,Đất nền/Đất ở,Đất nền dự án,Huyện Tuy Phước,Không rõ,Huyện. tuy phước (x. tuy phước mới),2.99,26.696428571428573,112.0,7.5,20.0,Chưa xác định,Đang cập nhật,0,0,0,Bán đất 112 m² dự án iconic quy nhơn. cắt lỗ 200 triệu. giá 2 tỷ 990 triệu,https://batdongsan.com.vn/ban-dat-nen-du-an-duong-quoc-lo-19-xa-phuoc-thuan-2-quy-nhon-iconic/ban-at-80m2-en-112m2-cat-200-trieu-pr45205209
Nhà,Căn hộ chung cư,Căn hộ chung cư,Thành phố Quy Nhơn,Không rõ,Thành phố. quy nhơn (phường. quy nhơn mới),3.0,34.09090909090909,88.0,0.0,0.0,Chưa xác định,Đang cập nhật,12,3,2,Căn hộ 3pn 88 m² simona heights giá 3 tỷ. miễn phí quản lý 3 năm. lh 0935 739 ***,https://batdongsan.com.vn/ban-can-ho-chung-cu-duong-tran-hung-dao-phuong-le-loi-5-simona-heights/booking-de-duoc-chiet-khau-cao-3pn-88m2-gia-2-6-ty-lien-he-pr42087802
Đất,Đất nền/Đất ở,Đất nền dự án,Thành phố Quy Nhơn,Không rõ,Thành phố. quy nhơn (phường. quy nhơn đông mới),2.45,38.888888888888886,63.0,7.5,20.0,Đông,Đang cập nhật,0,0,0,Cần bán gấp đất nền nhà phố khu đại phú gia thành phố quy nhơn,https://batdongsan.com.vn/ban-dat-nen-du-an-duong-quoc-lo-19-phuong-nhon-binh-khu-biet-thu-dai-phu-gia/ket-ngan-hang-can-ban-gap-tp-quy-lien-he-pr39094111
Nhà,Nhà riêng/Trong hẻm,Nhà riêng,Thành phố Quy Nhơn,Không rõ,Thành phố. quy nhơn (phường. quy nhơn mới),3.0,42.313117066290545,70.9,4.5,13.0,Chưa xác định,Đang cập nhật,3,2,3,"Bán gấp nhà riêng tại hẻm 4, Lê Hồng Phong, 3 tỷ, 70.9 m²",https://batdongsan.com.vn/ban-nha-rieng-duong-le-hong-phong-phuong-le-loi-5-155/ban-gap-tai-hem-4-3-ty-70-9m2-pr45795441
Nhà,Nhà mặt phố/Kinh doanh,Nhà mặt phố,Thành phố Quy Nhơn,Không rõ,Thành phố. quy nhơn (phường. quy nhơn mới),24.0,228.57142857142858,105.0,5.0,18.0,Chưa xác định,Đang cập nhật,6,3,3,"Nhà phố đang kinh doanh khách sạn, 20 phòng, 6 tầng và 1 hầm",https://batdongsan.com.vn/ban-nha-mat-pho-duong-nguyen-hue-phuong-hai-cang-155/ang-kinh-doanh-khach-san-20-phong-6-tang-va-1-ham-pr45596382
Nhà,Nhà mặt phố/Kinh doanh,Nhà mặt phố,Thành phố Quy Nhơn,Không rõ,Thành phố. quy nhơn (phường. quy nhơn nam mới),14.0,127.27272727272727,110.0,5.0,18.0,Nam,Đang cập nhật,3,3,3,Bất động sản dòng tiền cho thuê,https://batdongsan.com.vn/ban-nha-mat-pho-duong-tay-son-phuong-nguyen-van-cu-155/bat-ong-san-dong-tien-cho-thue-pr45673770
Nhà,Nhà mặt phố/Kinh doanh,Nhà mặt phố,Thành phố Quy Nhơn,Không rõ,Thành phố. quy nhơn (phường. quy nhơn mới),5.59,66.54761904761905,84.0,5.0,18.0,Chưa xác định,Đang cập nhật,4,3,3,"Bán nhà mặt tiền 4 tầng hà thanh Đống Đa phường quy nhơn, 84 m², giá 5 tỷ 5zz, gần đồng gia viên",https://batdongsan.com.vn/ban-nha-mat-pho-phuong-dong-da/ban-tien-4-tang-ha-thanh-ong-a-quy-nhon-84m2-gia-5-ty-5zz-gan-ong-gia-vien-pr45166985
Nhà,Nhà mặt phố/Kinh doanh,Nhà mặt phố,Thành phố Quy Nhơn,Không rõ,Thành phố. quy nhơn (phường. quy nhơn mới),4.79,59.875,80.0,5.0,18.0,Chưa xác định,Đang cập nhật,3,3,3,"Bán nhà mặt tiền lê thanh nghị, view công viên quy nhơn 80 m² giá chỉ 4 tỷ xxz, ngang 4 m lộ giới 12 m",https://batdongsan.com.vn/ban-nha-mat-pho-pho-le-thanh-nghi-phuong-dong-da-155/ban-tien-view-cong-vien-quy-nhon-80m-gia-chi-4-te-xxz-ngang4m-lo-gioi-12m-pr45692826
Đất,Đất nền/Đất ở,Đất nền dự án,Thành phố Quy Nhơn,Không rõ,Thành phố. quy nhơn (phường. quy nhơn đông mới),2.3,36.507936507936506,63.0,7.5,20.0,Đông,Đang cập nhật,0,0,0,"Cần bán các nền đất khu biệt thự đại phú gia, giá tốt nhất thị trường. sđt liên hệ 0906 496 ***",https://batdongsan.com.vn/ban-dat-nen-du-an-duong-vo-nguyen-giap-phuong-nhon-binh-khu-biet-thu-dai-phu-gia/can-ban-cac-gia-tot-nhat-chi-33-trieu-m2-sdt-lien-he-0906496189-pr22539551
Nhà,Nhà mặt phố/Kinh doanh,Shophouse,Thành phố Quy Nhơn,Không rõ,Thành phố. quy nhơn (phường. quy nhơn bắc mới),5.9,53.63636363636363,110.0,5.0,18.0,Bắc,Đang cập nhật,3,3,3,"Shophouse tại kđt solrise nhơn phú cao 3,5 tầng sở hữu đợt 1 hỗ trợ vay 0% đến 18 tháng",https://batdongsan.com.vn/ban-shophouse-nha-pho-thuong-mai-duong-tay-son-phuong-nhon-phu-1-solrise-nhon-phu/ban-tai-kdt-cao-3-5tang-so-huu-dot-1-chi-tu-599tr-pr43561374
Nhà,Nhà mặt phố/Kinh doanh,Nhà mặt phố,Thành phố Quy Nhơn,Không rõ,Thành phố. quy nhơn (phường. quy nhơn nam mới),6.5,82.27848101265823,79.0,5.0,18.0,Nam,Đang cập nhật,3,3,3,Bán nhanh căn nhà nghỉ đang kd full phòng khu mặt tiền Hoàng Văn Thụ,https://batdongsan.com.vn/ban-nha-mat-pho-phuong-quang-trung-7/ban-nhanh-can-nghi-ang-kd-full-phong-khu-mt-hoang-van-thu-pr45698972
Nhà,Căn hộ chung cư,Căn hộ chung cư,Thành phố Quy Nhơn,Không rõ,Thành phố. quy nhơn (phường. quy nhơn mới),2.3,38.333333333333336,60.0,0.0,0.0,Chưa xác định,Đang cập nhật,12,2,2,"2,3 tỷ - căn 2pn, 2wc - tầng 2x (toà a) căn hộ the sailing quy nhơn - vận hành best western",https://batdongsan.com.vn/ban-can-ho-chung-cu-duong-le-duan-phuong-ly-thuong-kiet-1-the-sailing-quy-nhon/2-3-ty-2pn-2wc-tang-2x-toa-a-van-hanh-best-western-pr45768269
Nhà,Nhà mặt phố/Kinh doanh,Nhà mặt phố,Thành phố Quy Nhơn,Không rõ,Thành phố. quy nhơn (phường. quy nhơn mới),21.0,107.6923076923077,195.0,5.0,18.0,Chưa xác định,Đang cập nhật,3,6,3,"Bán nhà mặt phố 64, Trần Cao Vân, 21 tỷ, 195 m², 6pn, pháp lý đầy đủ",https://batdongsan.com.vn/ban-nha-mat-pho-duong-tran-cao-van-phuong-le-loi-5-155/ban-64-21-ty-195m2-6pn-phap-ly-ay-u-pr45793566
Nhà,Nhà mặt phố/Kinh doanh,Shophouse,Thành phố Quy Nhơn,Không rõ,Thành phố. quy nhơn (phường. quy nhơn nam mới),7.0,100.0,70.0,5.0,18.0,Nam,Đang cập nhật,4,3,3,"Mở bán 50 căn shophouse tại phú gia royal park, giá 5 tỷ, 70 m², 4 tầng, 1 tum, quy nhơn gia lai",https://batdongsan.com.vn/ban-shophouse-nha-pho-thuong-mai-duong-tay-son-phuong-quang-trung-7-phu-gia-royal-park/ban-tai-5-ty-70m2-4-tang-3pn-3wc-q-quy-nhon-binh-dinh-pr44548077
Nhà,Căn hộ chung cư,Căn hộ chung cư,Thành phố Quy Nhơn,Không rõ,Thành phố. quy nhơn (phường. quy nhơn mới),3.2,49.23076923076923,65.0,0.0,0.0,Chưa xác định,Sổ hồng,12,2,2,Bán căn hộ cao cấp the sailling quy nhơn - 2 phòng ngủ. giá siêu rẻ. sổ hồng lâu dài,https://batdongsan.com.vn/ban-can-ho-chung-cu-duong-le-duan-phuong-ly-thuong-kiet-1-the-sailing-quy-nhon/ban-cao-cap-sailling-1pn-2-pn-3-pn-gia-sieu-re-so-hong-lau-dai-pr43321660
Nhà,Căn hộ chung cư,Căn hộ chung cư,Thành phố Quy Nhơn,Không rõ,Thành phố. quy nhơn (phường. quy nhơn mới),3.65,38.784401232600146,94.11,0.0,0.0,Chưa xác định,Sổ hồng,29,3,2,"Simona heights - căn góc view biển hàng chủ đầu tư. căn hộ cao cấp, sở hữu lâu dài, cách biển 300 m",https://batdongsan.com.vn/ban-can-ho-chung-cu-duong-tran-hung-dao-phuong-le-loi-5-simona-heights/goc-view-bien-hang-chu-au-tu-cao-cap-so-huu-lau-dai-cach-bien-300m-pr45806716
Đất,Đất nền/Đất ở,Bán đất,Huyện Phù Cát,Không rõ,Huyện. phù cát (x. cát tiến mới),1.725,13.582677165354331,127.0,8.0,25.0,Chưa xác định,Đang cập nhật,0,0,0,"Bán đất tại suối ông sung, 127 m², giá thỏa thuận, mặt tiền thị trấn thương mại",https://batdongsan.com.vn/ban-dat-xa-cat-tien/ban-at-tai-suoi-ong-sung-127m2-gia-thoa-thuan-mat-tt-thuong-mai-pr45692062
Nhà,Căn hộ chung cư,Căn hộ chung cư,Thành phố Quy Nhơn,Không rõ,Thành phố. quy nhơn (phường. quy nhơn nam mới),2.0,34.48275862068966,58.0,0.0,0.0,Nam,Đang cập nhật,12,2,2,Tặng ngay gói nội thất liền tường và 12 tháng miễn lãi khi mua phu tai central life trong tháng,https://batdongsan.com.vn/ban-can-ho-chung-cu-duong-hoang-van-thu-phuong-quang-trung-7-phu-tai-2-central-life/tang-ngay-goi-noi-that-lien-tuong-va-12-thang-mien-lai-khi-mua-trong-thang-pr44773221
Nhà,Nhà mặt phố/Kinh doanh,Nhà mặt phố,Thành phố Quy Nhơn,Không rõ,Thành phố. quy nhơn (phường. quy nhơn nam mới),3.5,67.3076923076923,52.0,5.0,18.0,Nam,Đang cập nhật,3,3,3,"(hím ngon) bán nhà 2,5 mê mặt tiền gần chợ Thành Thái quy nhơn nam 52 m giá chỉ 3 ty5 +nhà 2,5 mê x",https://batdongsan.com.vn/ban-nha-mat-pho-phuong-quang-trung-7/him-ngon-ban-2-5-me-tien-gan-cho-thanh-thai-quy-nhon-nam-52m-gia-chi-3-ty5-2-5-me-x-pr45798092
Nhà,Căn hộ chung cư,Căn hộ chung cư,Thành phố Quy Nhơn,Không rõ,Thành phố. quy nhơn (phường. quy nhơn nam mới),1.3,25.793650793650794,50.4,0.0,0.0,Nam,Đang cập nhật,12,2,2,Hàng giá tốt căn hộ quy nhơn melody - full nội thất,https://batdongsan.com.vn/ban-can-ho-chung-cu-duong-nguyen-trung-tin-phuong-nguyen-van-cu-quy-nhon-melody/gio-hang-chuyen-nhuong-50-gia-tot-full-noi-that-pr43605443
Nhà,Căn hộ chung cư,Căn hộ chung cư,Thành phố Quy Nhơn,Không rõ,Thành phố. quy nhơn (phường. quy nhơn mới),2.43,37.38461538461539,65.0,0.0,0.0,Chưa xác định,Sổ đỏ,12,2,2,Simona heights tầm view biển quy nhơn - sổ đỏ lâu dài - miễn phí 3 năm phí quản lý - ck đến 10%,https://batdongsan.com.vn/ban-can-ho-chung-cu-duong-tran-hung-dao-phuong-le-loi-5-simona-heights/tam-view-bien-quy-nhon-so-do-lau-dai-mien-phi-3-nam-phi-quan-ly-ck-den-12-pr44404012
Đất,Đất nền/Đất ở,Đất nền dự án,Thị xã Hoài Nhơn,Không rõ,Tx. hoài nhơn (phường. hoài nhơn nam mới),1.7,17.171717171717173,99.0,7.5,20.0,Nam,Sổ hồng,0,0,0,"Đất nền bồng sơn-hoài nhơn, sổ hồng từng lô, giá chỉ từ 16,5 tr/m2 ngay trong khu dân cư hiện hữu",https://batdongsan.com.vn/ban-dat-nen-du-an-duong-quang-trung-xa-hoai-tan-phuc-gia-tan/at-nhon-lai-pr45692782
Nhà,Căn hộ chung cư,Căn hộ chung cư,Thành phố Quy Nhơn,Không rõ,Thành phố. quy nhơn (phường. quy nhơn nam mới),2.03,36.90909090909091,55.0,0.0,0.0,Nam,Đang cập nhật,12,2,2,Bán căn hộ phú tài central life quy nhơn 2pn. ngân hàng cho vay 70%,https://batdongsan.com.vn/ban-can-ho-chung-cu-duong-hoang-van-thu-phuong-quang-trung-7-phu-tai-2-central-life/ban-quy-nhon-1pn-2pn-ngan-hang-cho-vay-70-pr43703687
Đất,Đất nền/Đất ở,Đất nền dự án,Thành phố Quy Nhơn,Không rõ,Thành phố. quy nhơn (phường. quy nhơn đông mới),3.19,27.982456140350877,114.0,7.5,20.0,Tây,Đang cập nhật,0,0,0,Cần bán nhanh lô tây bắc giá 28tr/m2 khu b1 an phú thịnh. liên hệ tư vấn 0903 601 ***,https://batdongsan.com.vn/ban-dat-nen-du-an-duong-huynh-tan-phat-phuong-nhon-binh-khu-do-thi-an-phu-thinh/can-ban-nhanh-lo-dong-nam-102-5m2-gia-24-5-b1-lien-he-pr40485639
Đất,Đất nền/Đất ở,Đất nền dự án,Thành phố Quy Nhơn,Không rõ,Thành phố. quy nhơn (phường. quy nhơn đông mới),1.4,17.5,80.0,7.5,20.0,Đông,Đang cập nhật,0,0,0,"Nhơn hội new city giá cắt lỗ sâu tháng 4/2026, giá rẻ nhất thị trường, 0981 568 *** 1,4 tỷ/nền",https://batdongsan.com.vn/ban-dat-nen-du-an-duong-so-19b-1-xa-nhon-ly-khu-do-thi-moi-nhon-hoi-new-city/gia-cat-lo-sau-thang-06-2025-gia-re-nhat-truong-tu-1-65-ty-nen-pr43357056
Nhà,Nhà mặt phố/Kinh doanh,Shophouse,Thị xã An Nhơn,Không rõ,Tx. an nhơn (phường. bình định mới),3.6,39.8671096345515,90.3,5.0,18.0,Chưa xác định,Đang cập nhật,3,4,4,"Bán nhà mặt phố trung tâm an nhơn, cơ hội ở & đầu tư siêu đẹp",https://batdongsan.com.vn/ban-shophouse-nha-pho-thuong-mai-duong-ngo-gia-tu-phuong-binh-dinh-hung-dinh-city/ban-mat-trung-tam-an-nhon-co-hoi-o-au-sieu-ep-pr45786454
Nhà,Căn hộ chung cư,Căn hộ chung cư,Thành phố Quy Nhơn,Không rõ,Thành phố. quy nhơn (phường. quy nhơn đông mới),0.925,27.205882352941178,34.0,0.0,0.0,Đông,Đang cập nhật,12,2,2,"5 căn đầu tiên chiết khấu 9% căn view sông vina2 panorama giá từ 925 tr - 1,4 tỷ (rẻ hơn 100 tr)",https://batdongsan.com.vn/ban-can-ho-chung-cu-phuong-nhon-binh-vina2-panorama/goc-2pn-rong-nhat-view-song-gia-1-55-ty-thap-hon-650-trieu-pr40477195
Nhà,Căn hộ chung cư,Căn hộ chung cư,Thành phố Quy Nhơn,Không rõ,Thành phố. quy nhơn (phường. quy nhơn nam mới),3.1,36.904761904761905,84.0,0.0,0.0,Nam,Đang cập nhật,12,3,2,Căn 3pn view trực diện biển đẹp nhất toà nhà - tặng nội thất - vay 70% miễn lãi 12 tháng,https://batdongsan.com.vn/ban-can-ho-chung-cu-duong-hoang-van-thu-phuong-quang-trung-7-phu-tai-2-central-life/3pn-view-truc-dien-bien-ep-nhat-toa-nha-tang-noi-that-vay-70-mien-lai-12-thang-pr45300283
Nhà,Nhà riêng/Trong hẻm,Nhà riêng,Thành phố Quy Nhơn,Không rõ,Thành phố. quy nhơn (phường. quy nhơn nam mới),7.0,87.5,80.0,4.5,13.0,Nam,Đang cập nhật,3,2,3,"Bds cho thuê hoặc ở gần chợ, bệnh viện, gần biển",https://batdongsan.com.vn/ban-nha-rieng-duong-nguyen-khac-vien-phuong-ghenh-rang-155/bds-cho-thue-hoac-o-gan-cho-benh-gan-bien-pr45231615
Nhà,Căn hộ chung cư,Căn hộ chung cư,Thành phố Quy Nhơn,Không rõ,Thành phố. quy nhơn (phường. quy nhơn nam mới),1.9,17.59259259259259,108.0,0.0,0.0,Nam,Đang cập nhật,12,2,2,Bán căn hộ flc sea tower quy nhơn,https://batdongsan.com.vn/ban-can-ho-chung-cu-duong-an-duong-vuong-phuong-nguyen-van-cu-flc-seatower/ban-sea-tower-quy-nhon-pr45757429
Đất,Đất nền/Đất ở,Đất nền dự án,Huyện Vân Canh,Không rõ,Huyện. vân canh (x. canh vinh mới),3.5,12.195121951219512,287.0,7.5,20.0,Chưa xác định,Đang cập nhật,0,0,0,Đất nền tđc becamex vsip bình định giá f0,https://batdongsan.com.vn/ban-dat-nen-du-an-xa-canh-vinh-becamex-vsip-binh-dinh/at-t-c-inh-gia-f0-pr45771650
Đất,Đất nền/Đất ở,Đất nền dự án,Thị xã Hoài Nhơn,Không rõ,Tx. hoài nhơn (phường. hoài nhơn nam mới),1.43,16.823529411764707,85.0,7.5,20.0,Nam,Đang cập nhật,0,0,0,"Chỉ còn lô cuối, đất trung tâm hoài nhơn giá 1.x tỷ, chậm là hết - khu đô thị mới phúc gia tân",https://batdongsan.com.vn/ban-dat-nen-du-an-xa-hoai-tan-phuc-gia-tan/chi-con-vai-lo-cuoi-at-trung-tam-nhon-1-x-ty-cham-la-het-khu-o-thi-moi-tan-pr45663248
Nhà,Căn hộ chung cư,Căn hộ chung cư,Thành phố Quy Nhơn,Không rõ,Thành phố. quy nhơn (phường. quy nhơn mới),2.15,33.59375,64.0,0.0,0.0,Chưa xác định,Đang cập nhật,12,2,2,Bán căn hộ altara residences quy nhơn siêu rẻ - 2pn - 2 tỷ 150 triệu. ngân hàng cho vay 70%,https://batdongsan.com.vn/ban-can-ho-chung-cu-duong-tran-hung-dao-phuong-hai-cang-altara-residences/ban-quy-nhon-sieu-re-2pn-1-ty-890-trieu-ngan-hang-cho-vay-70-pr42752507
Đất,Đất nền/Đất ở,Bán đất,Thành phố Quy Nhơn,Không rõ,Thành phố. quy nhơn (phường. quy nhơn bắc mới),2.2,21.359223300970875,103.0,8.0,25.0,Đông,Đang cập nhật,0,0,0,Bán vài lô đất khu đông viện sốt rét quy nhơn giá rẻ,https://batdongsan.com.vn/ban-dat-phuong-nhon-phu-1/ban-vai-lo-at-khu-ong-vien-sot-ret-quy-gia-re-pr45698936
Nhà,Biệt thự/Nhà liền kề,Nhà biệt thự/liền kề,Thành phố Quy Nhơn,Không rõ,Thành phố. quy nhơn (phường. quy nhơn bắc mới),5.24,54.30051813471503,96.5,7.0,20.0,Bắc,Đang cập nhật,3,5,4,"Duy nhất 1 căn góc view sông giá chỉ như 1 căn thường tại solera quy nhơn, chỉ 5,238 tỷ!",https://batdongsan.com.vn/ban-nha-biet-thu-lien-ke-phuong-tran-quang-dieu-solera-quy-nhon/duy-nhat-1-can-goc-view-song-gia-chi-nhu-1-can-thuong-tai-chi-5-238-ty-pr45599824
Đất,Đất nền/Đất ở,Bán đất,Thành phố Quy Nhơn,Không rõ,Thành phố. quy nhơn (phường. quy nhơn nam mới),12.0,73.80073800738008,162.6,8.0,25.0,Nam,Đang cập nhật,0,0,0,"Chính chủ cần bán đất mặt tiền Võ Mười, phường. Ngô Mây, trung tâm quy nhơn",https://batdongsan.com.vn/ban-dat-duong-vo-muoi-phuong-ngo-may-1-155/chinh-chu-can-ban-at-mat-tien-p-trung-tam-quy-nhon-pr45550702
Nhà,Nhà riêng/Trong hẻm,Nhà riêng,Thành phố Quy Nhơn,Không rõ,Thành phố. quy nhơn (phường. quy nhơn bắc mới),2.29,20.087719298245613,114.0,4.5,13.0,Bắc,Đang cập nhật,3,2,3,"Bán nhà thành phố quy nhơn, diện tích sàn 114 m² - giá 2.289ty",https://batdongsan.com.vn/ban-nha-rieng-duong-van-tien-dung-phuong-tran-quang-dieu-155/ban-tp-quy-nhon-dt-san-114m2-gia-2-289ty-pr45659375
Nhà,Căn hộ chung cư,Căn hộ chung cư,Thành phố Quy Nhơn,Không rõ,Thành phố. quy nhơn (phường. quy nhơn mới),3.5,38.888888888888886,90.0,0.0,0.0,Chưa xác định,Đang cập nhật,12,3,2,Bán căn hộ cao cấp 3pn - simona heights quy nhơn - full nội thất xịn sò - giá chỉ: 3.5 tỷ,https://batdongsan.com.vn/ban-can-ho-chung-cu-duong-tran-hung-dao-phuong-le-loi-5-simona-heights/hang-sang-tai-quy-nhon-cach-bien-300m-so-do-lau-dai-pr43034898
Đất,Đất nền/Đất ở,Đất nền dự án,Huyện Phù Cát,Không rõ,Huyện. phù cát (x. cát tiến mới),2.2,22.0,100.0,7.5,20.0,Chưa xác định,Đang cập nhật,0,0,0,Bán nhanh suất nội bộ dự án central avenue quy nhơn (sắp mở bán) liên hệ ngay 0903 601 ***,https://batdongsan.com.vn/ban-dat-nen-du-an-xa-cat-tien-central-avenue-quy-nhon/ban-nhanh-10-suat-noi-bo-sap-mo-ban-lien-he-ngay-pr41119628
Nhà,Nhà mặt phố/Kinh doanh,Nhà mặt phố,Thành phố Quy Nhơn,Không rõ,Thành phố. quy nhơn (phường. quy nhơn mới),7.0,43.559427504667084,160.7,5.0,18.0,Chưa xác định,Đang cập nhật,3,3,3,"Bán nhà mặt phố 770 đường Trần Hưng Đạo, quy nhơn, gia lai (bình định)",https://batdongsan.com.vn/ban-nha-mat-pho-duong-tran-hung-dao-phuong-dong-da-155/ban-770-quy-nhon-binh-dinh-pr43028918
Nhà,Nhà mặt phố/Kinh doanh,Shophouse,Thành phố Quy Nhơn,Không rõ,Thành phố. quy nhơn (phường. quy nhơn nam mới),6.0,83.33333333333333,72.0,5.0,18.0,Nam,Đang cập nhật,3,3,3,Phú gia royal park - căn độc quyền giá tốt nhất chỉ từ 6 tỷ /căn,https://batdongsan.com.vn/ban-shophouse-nha-pho-thuong-mai-duong-tay-son-phuong-quang-trung-7-phu-gia-royal-park/can-doc-quyen-tot-nhat-chi-tu-5-5-ty-can-pr44923301
Nhà,Căn hộ chung cư,Căn hộ chung cư,Thành phố Quy Nhơn,Không rõ,Thành phố. quy nhơn (phường. quy nhơn mới),2.77,42.61538461538461,65.0,0.0,0.0,Chưa xác định,Đang cập nhật,12,2,2,Căn hộ biển simona height sở hữu lâu dài tiện ích 5* (tặng full nội thất cao cấp 400tr),https://batdongsan.com.vn/ban-can-ho-chung-cu-duong-tran-hung-dao-phuong-le-loi-5-simona-heights/hang-sang-height-so-huu-lau-dai-tien-ich-5-ck-len-den-15-pr42278394
Nhà,Nhà riêng/Trong hẻm,Nhà riêng,Thành phố Quy Nhơn,Không rõ,Thành phố. quy nhơn (phường. quy nhơn tây mới),1.75,33.65384615384615,52.0,4.5,13.0,Tây,Đang cập nhật,3,2,3,"Chính chủ cần bán nhà hẻm Âu Cơ, phú tài, giá nhỉnh 1,7 tỷ",https://batdongsan.com.vn/ban-nha-rieng-duong-au-co-phuong-bui-thi-xuan-1-155/chinh-chu-can-ban-hem-phu-tai-gia-nhinh-1-7-ty-pr45447746
Nhà,Biệt thự/Nhà liền kề,Nhà biệt thự/liền kề,Thị xã An Nhơn,Không rõ,Tx. an nhơn (phường. bình định mới),2.6,26.0,100.0,7.0,20.0,Chưa xác định,Đang cập nhật,3,5,4,"Bán nhà biệt thự hưng định city, 2,6 tỷ, 100 m², chính chủ, hot!",https://batdongsan.com.vn/ban-nha-biet-thu-lien-ke-duong-ngo-gia-tu-phuong-binh-dinh-hung-dinh-city/ban-inh-2-6-ty-100m2-chinh-chu-hot-pr45683700
Đất,Đất nền/Đất ở,Bán đất,Huyện Phù Cát,Không rõ,Huyện. phù cát (x. cát tiến mới),5.69,28.592964824120603,199.0,8.0,25.0,Chưa xác định,Đang cập nhật,0,0,0,Đất biển 2 mặt tiền cát tiến giá chỉ 28.6tr/m2 trục đường Hoàng Sa,https://batdongsan.com.vn/ban-dat-duong-hoang-sa-xa-cat-tien-149/at-bien-2-mat-tien-gia-chi-28-6tr-m2-truc-uong-sa-pr45778359
Đất,Đất nền/Đất ở,Đất nền dự án,Thị xã Hoài Nhơn,Không rõ,Tx. hoài nhơn (phường. hoài nhơn nam mới),1.03,15.846153846153847,65.0,7.5,20.0,Nam,Đang cập nhật,0,0,0,"Tại sao với ngân sách 1,1 tỷ, anh chị không nên bỏ lỡ cơ hội sở hữu lô đất phúc gia tân",https://batdongsan.com.vn/ban-dat-nen-du-an-xa-hoai-tan-phuc-gia-tan/tai-sao-voi-ngan-sach-1-1-ty-anh-chi-khong-bo-lo-co-hoi-so-huu-lo-at-tan-pr45650227
Nhà,Nhà mặt phố/Kinh doanh,Shophouse,Thị xã An Nhơn,Không rõ,Tx. an nhơn (phường. bình định mới),3.3,33.0,100.0,5.0,18.0,Chưa xác định,Đang cập nhật,3,3,3,"Bán shophouse 100 m², 3,3 tỷ ở Quốc Lộ 1A, bình định, an nhơn, chính chủ, hot",https://batdongsan.com.vn/ban-shophouse-nha-pho-thuong-mai-duong-quoc-lo-1a-phuong-binh-dinh-146/ban-100m2-3-3-ty-o-an-nhon-chinh-chu-hot-pr44836929
Nhà,Căn hộ chung cư,Căn hộ chung cư,Thành phố Quy Nhơn,Không rõ,Thành phố. quy nhơn (phường. quy nhơn nam mới),1.4,40.0,35.0,0.0,0.0,Nam,Đang cập nhật,12,2,2,Căn studio tại phú tài 2 central life phù hợp đầu tư,https://batdongsan.com.vn/ban-can-ho-chung-cu-duong-hoang-van-thu-phuong-quang-trung-7-phu-tai-2-central-life/studio-tai-2-hop-dau-tu-pr44535140
Nhà,Nhà riêng/Trong hẻm,Nhà riêng,Thành phố Quy Nhơn,Không rõ,Thành phố. quy nhơn (phường. quy nhơn đông mới),4.0,42.10526315789474,95.0,4.5,13.0,Đông,Đang cập nhật,3,2,3,"Bán nhà 75 đường Huỳnh Tịch Của gần sông hà thanh 100 m, diện tích: 95 m² giá bán: 4 tỷ",https://batdongsan.com.vn/ban-nha-rieng-duong-huynh-tinh-cua-phuong-nhon-binh-155/ban-tich-view-song-ha-thanhdt-95m2-gia-ban-3ty950tr-pr45132679
Nhà,Căn hộ chung cư,Căn hộ chung cư,Thành phố Quy Nhơn,Không rõ,Thành phố. quy nhơn (phường. quy nhơn mới),4.84,55.0,88.0,0.0,0.0,Chưa xác định,Đang cập nhật,12,3,2,Quỹ căn ngoại giao 55triệu/m2 toà a the sailing quy nhơn - căn góc 3pn giá 4tỷ850,https://batdongsan.com.vn/ban-can-ho-chung-cu-duong-le-duan-phuong-ly-thuong-kiet-1-the-sailing-quy-nhon/ngoai-giao-55trieu-m2-toa-a-goc-3pn-gia-4ty850-pr45735382
Đất,Đất nền/Đất ở,Bán đất,Huyện Phù Cát,Không rõ,Huyện. phù cát (x. đề gi mới),3.5,11.666666666666666,300.0,8.0,25.0,Chưa xác định,Đang cập nhật,0,0,0,"Bán nhanh lô đất ở cát khánh mặt tiền đường 45 m, 3,5 tỷ, diện tích 300 m², pháp lý đầy đủ",https://batdongsan.com.vn/ban-dat-duong-tinh-lo-639-xa-cat-khanh-1-149/ban-nhanh-at-o-mat-tien-uong-45m-3-5-ty-dien-tich-300m2-phap-ly-ay-u-pr45620729
Nhà,Căn hộ chung cư,Căn hộ chung cư,Thành phố Quy Nhơn,Không rõ,Thành phố. quy nhơn (phường. quy nhơn nam mới),1.9,31.666666666666668,60.0,0.0,0.0,Nam,Đang cập nhật,12,2,2,"Còn sót lại vài căn 2pn chung cư thịnh phát với giá rẻ bất ngờ, tốt hơn bao giờ hết",https://batdongsan.com.vn/ban-can-ho-chung-cu-duong-thanh-nien-1-phuong-quang-trung-7-thinh-phat-tower/sang-nhuong-2pn-huong-dong-nam-co-ban-cong-tang-cao-dep-nhat-toa-nha-voi-gia-cuc-ky-hap-dan-pr40595041
Nhà,Nhà mặt phố/Kinh doanh,Nhà mặt phố,Thành phố Quy Nhơn,Không rõ,Thành phố. quy nhơn (phường. quy nhơn mới),7.45,83.70786516853933,89.0,5.0,18.0,Chưa xác định,Đang cập nhật,3,3,3,"Bán nhà mặt tiền kinh doanh sầm uất Hoa Lư view sông đẳng cấp hà thanh phường quy nhơn, 89 m², 7 tyx",https://batdongsan.com.vn/ban-nha-mat-pho-pho-hoa-lu-phuong-dong-da-155/ban-tien-kinh-doanh-view-song-ha-thanh-p-quy-nhon-108m2-ngang5m-chi-tu-5tyxx-pr43571226
Nhà,Căn hộ chung cư,Căn hộ chung cư,Thành phố Quy Nhơn,Không rõ,Thành phố. quy nhơn (phường. quy nhơn mới),1.45,32.22222222222222,45.0,0.0,0.0,Chưa xác định,Đang cập nhật,12,1,2,Chủ kẹt tiền cần bán nhanh căn 1pn full nội thất căn hộ altara quy nhơn. liên hệ 0903 601 ***,https://batdongsan.com.vn/ban-can-ho-chung-cu-duong-tran-hung-dao-phuong-hai-cang-altara-residences/chu-ket-tien-ban-nhanh-1-pn-full-noi-that-quy-nhon-lien-he-pr40470351
Đất,Đất nền/Đất ở,Bán đất,Thành phố Quy Nhơn,Không rõ,Thành phố. quy nhơn (phường. quy nhơn nam mới),4.15,51.875,80.0,8.0,25.0,Nam,Đang cập nhật,0,0,0,"Mình chính chủ bán đất mặt tiền Ghềnh Ráng, đường lê thị riêng, lô thứ 3 từ đầu đường, gần nhà hàng",https://batdongsan.com.vn/ban-dat-duong-le-thi-rieng-phuong-ghenh-rang-155/minh-chinh-chu-ban-mat-tien-lo-thu-3-tu-dau-gan-nha-hang-pr44091555
Nhà,Căn hộ chung cư,Căn hộ chung cư,Thành phố Quy Nhơn,Không rõ,Thành phố. quy nhơn (phường. quy nhơn nam mới),2.4,38.095238095238095,63.0,0.0,0.0,Nam,Đang cập nhật,25,1,2,Phú tài 2 nơi an cư lý tưởng - đã bàn giao,https://batdongsan.com.vn/ban-can-ho-chung-cu-duong-hoang-van-thu-phuong-quang-trung-7-phu-tai-2-central-life/2-noi-an-ly-tuong-ban-giao-quy-3-nam-2025-pr38486829
Nhà,Căn hộ chung cư,Căn hộ chung cư,Thành phố Quy Nhơn,Không rõ,Thành phố. quy nhơn (phường. quy nhơn nam mới),1.8,50.0,36.0,0.0,0.0,Nam,Đang cập nhật,12,2,2,"Bán căn hộ chung cư q1 tower, đường Ngô Mây, 1,8 tỷ, diện tích 36 m2, căn hộ đẹp nhất quy nhơn",https://batdongsan.com.vn/ban-can-ho-chung-cu-duong-ngo-may-phuong-nguyen-van-cu-q1-tower/ban-2-2-ty-38-m2-gia-cuc-chat-pr44946524
Nhà,Căn hộ chung cư,Căn hộ chung cư,Thành phố Quy Nhơn,Không rõ,Thành phố. quy nhơn (phường. quy nhơn mới),3.5,40.0,87.5,0.0,0.0,Chưa xác định,Đang cập nhật,12,3,2,"Hàng nội bộ 3pn giá 3,5 tỷ căn view biển simona heights tặng full nội thất 300 - 400 triệu",https://batdongsan.com.vn/ban-can-ho-chung-cu-phuong-le-loi-5-simona-heights/gio-hang-noi-bo-1pn-2pn-3pn-view-bien-tang-full-noi-that-300-400-trieu-pr45251240
Đất,Đất nền/Đất ở,Đất nền dự án,Thành phố Quy Nhơn,Không rõ,Thành phố. quy nhơn (phường. quy nhơn đông mới),1.8,22.5,80.0,7.5,20.0,Đông,Sổ hồng,0,0,0,Bán đất nhơn hội new city 80 m² sổ riêng công chứng ngay,https://batdongsan.com.vn/ban-dat-nen-du-an-duong-so-19b-1-xa-nhon-ly-khu-do-thi-moi-nhon-hoi-new-city/ban-at-80m-rieng-cong-chung-ngay-pr45424834
